window,phase,phase_idx,seq,query,op_type,exec_ms
0,Photometric,0,0,PhotoObjAll,SELECT,365.6926
0,Photometric,0,1,PhotoObj,SELECT,74.6318
0,Photometric,0,2,PhotoObj,SELECT,68.9164
0,Photometric,0,3,PhotoObjAll,SELECT,142.6022
0,Photometric,0,4,PhotoObjAll,SELECT,86.0782
0,Photometric,0,5,Run,SELECT,131.1546
0,Photometric,0,6,PhotoObjAll,SELECT,111.977
0,Photometric,0,7,PhotoObj,SELECT,198.8111
0,Photometric,0,8,PhotoObj,SELECT,209.486
0,Photometric,0,9,PhotoObjAll,SELECT,107.2184
0,Photometric,0,10,PhotoObj,SELECT,77.3996
0,Photometric,0,11,PhotoObj,SELECT,366.1993
0,Photometric,0,12,PhotoObj,SELECT,75.7831
0,Photometric,0,13,PhotoObj,SELECT,249.7534
0,Photometric,0,14,PhotoObj,SELECT,229.1836
0,Photometric,0,15,PhotoObjAll,SELECT,178.7037
0,Photometric,0,16,PhotoObj,SELECT,176.7879
0,Photometric,0,17,PhotoObjAll,SELECT,177.4833
0,Photometric,0,18,PhotoObj,SELECT,156.6577
0,Photometric,0,19,PhotoObjAll,SELECT,245.926
0,Photometric,0,20,PhotoObjAll,SELECT,114.9231
0,Photometric,0,21,PhotoObj,SELECT,89.0233
0,Photometric,0,22,PhotoObj,SELECT,490.7589
0,Photometric,0,23,PhotoObjAll,SELECT,322.0229
0,Photometric,0,24,PhotoObj,SELECT,113.5328
0,Photometric,0,25,PhotoObj,SELECT,237.2176
0,Photometric,0,26,PhotoObj,SELECT,279.9687
0,Photometric,0,27,PhotoObj,SELECT,102.5262
0,Photometric,0,28,PhotoObj,SELECT,127.3522
0,Photometric,0,29,PhotoObjAll,SELECT,59.9416
0,Photometric,0,30,PhotoObj,SELECT,220.9041
0,Photometric,0,31,PhotoObj,SELECT,257.8526
0,Photometric,0,32,PhotoObj,SELECT,168.4825
0,Photometric,0,33,PhotoObjAll,SELECT,115.8762
0,Photometric,0,34,PhotoObjAll,SELECT,87.3969
1,Photometric,0,35,PhotoObj,SELECT,46.6331
1,Photometric,0,36,PhotoObj,SELECT,66.8334
1,Photometric,0,37,Field,SELECT,71.9245
1,Photometric,0,38,PhotoObj,SELECT,419.6339
1,Photometric,0,39,Field,SELECT,267.739
1,Photometric,0,40,PhotoObjAll,SELECT,125.9204
1,Photometric,0,41,PhotoObj,SELECT,113.1567
1,Photometric,0,42,PhotoObjAll,SELECT,37.2683
1,Photometric,0,43,PhotoObj,SELECT,179.5024
1,Photometric,0,44,PhotoObj,SELECT,46.6724
1,Photometric,0,45,Field,SELECT,97.1645
1,Photometric,0,46,PhotoObjAll,SELECT,151.0305
1,Photometric,0,47,PhotoObjAll,SELECT,122.5496
1,Photometric,0,48,PhotoObj,SELECT,171.3007
1,Photometric,0,49,PhotoObj,SELECT,440.2532
1,Photometric,0,50,PhotoObj,SELECT,197.4523
1,Photometric,0,51,PhotoObj,SELECT,57.3395
1,Photometric,0,52,PhotoObj,SELECT,70.7208
1,Photometric,0,53,PhotoObjAll,SELECT,49.3359
1,Photometric,0,54,PhotoObjAll,SELECT,124.2408
1,Photometric,0,55,Field,SELECT,65.8604
1,Photometric,0,56,Field,SELECT,290.18
1,Photometric,0,57,PhotoObjAll,SELECT,1527.0453
1,Photometric,0,58,Field,SELECT,67.2468
1,Photometric,0,59,PhotoObjAll,SELECT,183.859
1,Photometric,0,60,PhotoObj,SELECT,106.4541
1,Photometric,0,61,PhotoObjAll,SELECT,132.604
1,Photometric,0,62,Field,SELECT,168.2816
1,Photometric,0,63,PhotoObj,SELECT,64.8111
1,Photometric,0,64,PhotoObj,SELECT,100.58
1,Photometric,0,65,PhotoObj,SELECT,185.7774
1,Photometric,0,66,PhotoObjAll,SELECT,164.7155
1,Photometric,0,67,PhotoObj,SELECT,99.5404
1,Photometric,0,68,PhotoObj,SELECT,68.5735
2,Photometric,0,69,PhotoObj,SELECT,103.1324
2,Photometric,0,70,PhotoObj,SELECT,53.3914
2,Photometric,0,71,Field,SELECT,524.9342
2,Photometric,0,72,Field,SELECT,134.975
2,Photometric,0,73,PhotoObjAll,SELECT,421.914
2,Photometric,0,74,Field,SELECT,106.8321
2,Photometric,0,75,PhotoObj,SELECT,209.1403
2,Photometric,0,76,Field,SELECT,171.8441
2,Photometric,0,77,Field,SELECT,49.6736
2,Photometric,0,78,PhotoObj,SELECT,589.2983
2,Photometric,0,79,PhotoObj,SELECT,109.2294
2,Photometric,0,80,PhotoObjAll,SELECT,61.2132
2,Photometric,0,81,PhotoObj,SELECT,248.3059
2,Photometric,0,82,Run,SELECT,147.8063
2,Photometric,0,83,PhotoObj,SELECT,194.4276
2,Photometric,0,84,PhotoObj,SELECT,159.5676
2,Photometric,0,85,Field,SELECT,28.7852
2,Photometric,0,86,PhotoObj,SELECT,75.5969
2,Photometric,0,87,PhotoObjAll,SELECT,73.5142
2,Photometric,0,88,Field,SELECT,308.8087
2,Photometric,0,89,Field,SELECT,152.095
2,Photometric,0,90,PhotoObj,SELECT,219.3813
2,Photometric,0,91,PhotoObj,SELECT,114.1897
2,Photometric,0,92,PhotoObj,SELECT,228.2616
2,Photometric,0,93,Field,SELECT,131.157
2,Photometric,0,94,Field,SELECT,124.0783
2,Photometric,0,95,PhotoObjAll,SELECT,170.9308
2,Photometric,0,96,PhotoObj,SELECT,159.5555
2,Photometric,0,97,PhotoObj,SELECT,1112.0709
2,Photometric,0,98,PhotoObjAll,SELECT,74.9938
2,Photometric,0,99,Field,SELECT,46.0278
3,Photometric,0,100,PhotoObj,SELECT,73.5902
3,Photometric,0,101,PhotoObjAll,SELECT,36.3727
3,Photometric,0,102,PhotoObj,SELECT,815.1708
3,Photometric,0,103,PhotoObj,SELECT,61.7177
3,Photometric,0,104,Run,SELECT,1516.3384
3,Photometric,0,105,PhotoObj,SELECT,110.5426
3,Photometric,0,106,PhotoObj,SELECT,591.6754
3,Photometric,0,107,PhotoObj,SELECT,121.9703
3,Photometric,0,108,Run,SELECT,210.1482
3,Photometric,0,109,PhotoObj,SELECT,133.3452
3,Photometric,0,110,PhotoObj,SELECT,122.6655
3,Photometric,0,111,PhotoObj,SELECT,178.7049
3,Photometric,0,112,PhotoObj,SELECT,216.4221
3,Photometric,0,113,PhotoObjAll,SELECT,168.0638
3,Photometric,0,114,PhotoObj,SELECT,154.8604
3,Photometric,0,115,Run,SELECT,83.3254
3,Photometric,0,116,PhotoObj,SELECT,137.3003
3,Photometric,0,117,PhotoObj,SELECT,522.5308
3,Photometric,0,118,PhotoObj,SELECT,80.6045
3,Photometric,0,119,PhotoObj,SELECT,182.8976
3,Photometric,0,120,PhotoObj,SELECT,384.8734
3,Photometric,0,121,PhotoObj,SELECT,217.9171
3,Photometric,0,122,PhotoObj,SELECT,311.6718
3,Photometric,0,123,Run,SELECT,61.0477
3,Photometric,0,124,Field,SELECT,183.2724
3,Photometric,0,125,PhotoObj,SELECT,117.4794
3,Photometric,0,126,PhotoObj,SELECT,121.3184
3,Photometric,0,127,PhotoObj,SELECT,481.6384
3,Photometric,0,128,PhotoObj,SELECT,122.7954
3,Photometric,0,129,PhotoObj,SELECT,188.0664
3,Photometric,0,130,PhotoObj,SELECT,36.402
3,Photometric,0,131,PhotoObj,SELECT,591.0379
3,Photometric,0,132,PhotoObj,SELECT,296.2081
3,Photometric,0,133,PhotoObj,SELECT,141.3078
3,Photometric,0,134,PhotoObjAll,SELECT,113.5718
4,Photometric,0,135,PhotoObj,SELECT,277.5165
4,Photometric,0,136,PhotoObjAll,SELECT,157.0113
4,Photometric,0,137,PhotoObjAll,SELECT,270.6145
4,Photometric,0,138,PhotoObjAll,SELECT,266.299
4,Photometric,0,139,Field,SELECT,140.6729
4,Photometric,0,140,Field,SELECT,98.0401
4,Photometric,0,141,PhotoObjAll,SELECT,247.1578
4,Photometric,0,142,PhotoObjAll,SELECT,65.9585
4,Photometric,0,143,PhotoObj,SELECT,56.0785
4,Photometric,0,144,PhotoObj,SELECT,190.4915
4,Photometric,0,145,PhotoObj,SELECT,241.5337
4,Photometric,0,146,PhotoObj,SELECT,189.3304
4,Photometric,0,147,PhotoObjAll,SELECT,206.6677
4,Photometric,0,148,PhotoObj,SELECT,28.4859
4,Photometric,0,149,Field,SELECT,238.1082
4,Photometric,0,150,PhotoObj,SELECT,483.3588
4,Photometric,0,151,PhotoObjAll,SELECT,292.1499
4,Photometric,0,152,PhotoObjAll,SELECT,284.579
4,Photometric,0,153,PhotoObj,SELECT,178.8062
4,Photometric,0,154,PhotoObjAll,SELECT,184.2465
4,Photometric,0,155,PhotoObj,SELECT,131.8912
4,Photometric,0,156,PhotoObj,SELECT,201.6866
4,Photometric,0,157,Field,SELECT,63.6355
4,Photometric,0,158,PhotoObj,SELECT,485.4928
4,Photometric,0,159,PhotoObj,SELECT,76.8765
4,Photometric,0,160,PhotoObjAll,SELECT,291.6365
4,Photometric,0,161,PhotoObj,SELECT,429.7349
4,Photometric,0,162,PhotoObjAll,SELECT,291.0386
4,Photometric,0,163,PhotoObj,SELECT,955.3927
4,Photometric,0,164,PhotoObjAll,SELECT,29.8798
5,Photometric,0,165,PhotoObj,SELECT,47.9322
5,Photometric,0,166,Run,SELECT,155.009
5,Photometric,0,167,PhotoObj,SELECT,214.3282
5,Photometric,0,168,PhotoObj,SELECT,165.7687
5,Photometric,0,169,PhotoObj,SELECT,178.2825
5,Photometric,0,170,PhotoObj,SELECT,84.4586
5,Photometric,0,171,PhotoObj,SELECT,173.7158
5,Photometric,0,172,PhotoObj,SELECT,108.311
5,Photometric,0,173,PhotoObj,SELECT,119.9805
5,Photometric,0,174,PhotoObj,SELECT,288.1886
5,Photometric,0,175,PhotoObj,SELECT,52.6056
5,Photometric,0,176,PhotoObj,SELECT,22.9452
5,Photometric,0,177,PhotoObj,SELECT,270.304
5,Photometric,0,178,PhotoObjAll,SELECT,173.8568
5,Photometric,0,179,PhotoObj,SELECT,429.297
5,Photometric,0,180,PhotoObj,SELECT,80.193
5,Photometric,0,181,PhotoObj,SELECT,137.2127
5,Photometric,0,182,PhotoObj,SELECT,159.7646
5,Photometric,0,183,PhotoObj,SELECT,92.2479
5,Photometric,0,184,PhotoObj,SELECT,72.9295
5,Photometric,0,185,PhotoObj,SELECT,282.2711
5,Photometric,0,186,Run,SELECT,49.1194
5,Photometric,0,187,PhotoObj,SELECT,64.5581
5,Photometric,0,188,PhotoObj,SELECT,133.6375
5,Photometric,0,189,PhotoObj,SELECT,311.886
5,Photometric,0,190,PhotoObj,SELECT,96.8225
5,Photometric,0,191,Run,SELECT,87.9328
5,Photometric,0,192,PhotoObj,SELECT,127.5623
5,Photometric,0,193,PhotoObj,SELECT,198.2517
5,Photometric,0,194,Field,SELECT,112.8175
5,Photometric,0,195,PhotoObj,SELECT,348.5487
6,Photometric,0,196,PhotoObjAll,SELECT,190.7811
6,Photometric,0,197,PhotoObjAll,SELECT,41.6102
6,Photometric,0,198,PhotoObjAll,SELECT,60.709
6,Photometric,0,199,PhotoObj,SELECT,117.3835
6,Photometric,0,200,PhotoObjAll,SELECT,359.5289
6,Photometric,0,201,PhotoObjAll,SELECT,196.0102
6,Photometric,0,202,PhotoObjAll,SELECT,118.2155
6,Photometric,0,203,PhotoObjAll,SELECT,243.5536
6,Photometric,0,204,PhotoObjAll,SELECT,347.61
6,Photometric,0,205,PhotoObjAll,SELECT,149.1677
6,Photometric,0,206,PhotoObj,SELECT,177.4101
6,Photometric,0,207,PhotoObjAll,SELECT,159.6871
6,Photometric,0,208,Field,SELECT,141.8221
6,Photometric,0,209,PhotoObjAll,SELECT,79.5523
6,Photometric,0,210,PhotoObj,SELECT,75.0962
6,Photometric,0,211,PhotoObjAll,SELECT,242.2545
6,Photometric,0,212,PhotoObj,SELECT,353.6224
6,Photometric,0,213,PhotoObj,SELECT,118.0373
6,Photometric,0,214,PhotoObj,SELECT,115.9387
6,Photometric,0,215,PhotoObj,SELECT,34.2907
6,Photometric,0,216,PhotoObj,SELECT,30.1852
6,Photometric,0,217,PhotoObjAll,SELECT,441.9027
6,Photometric,0,218,PhotoObj,SELECT,83.464
7,Photometric,0,219,PhotoObj,SELECT,279.4001
7,Photometric,0,220,PhotoObjAll,SELECT,253.3218
7,Photometric,0,221,PhotoObj,SELECT,304.3725
7,Photometric,0,222,Run,SELECT,68.298
7,Photometric,0,223,Field,SELECT,432.0872
7,Photometric,0,224,PhotoObj,SELECT,456.2574
7,Photometric,0,225,PhotoObj,SELECT,475.3429
7,Photometric,0,226,Field,SELECT,182.4695
7,Photometric,0,227,PhotoObjAll,SELECT,111.117
7,Photometric,0,228,PhotoObj,SELECT,103.6634
7,Photometric,0,229,PhotoObj,SELECT,42.4104
7,Photometric,0,230,PhotoObj,SELECT,96.446
7,Photometric,0,231,PhotoObjAll,SELECT,21.8585
7,Photometric,0,232,PhotoObj,SELECT,38.5064
7,Photometric,0,233,Field,SELECT,180.9341
7,Photometric,0,234,PhotoObjAll,SELECT,121.1825
7,Photometric,0,235,Field,SELECT,174.6372
7,Photometric,0,236,PhotoObj,SELECT,261.2505
7,Photometric,0,237,PhotoObj,SELECT,201.9521
7,Photometric,0,238,PhotoObjAll,SELECT,188.1302
7,Photometric,0,239,Field,SELECT,138.4244
7,Photometric,0,240,Field,SELECT,81.2213
8,Photometric,0,241,PhotoObjAll,SELECT,46.5952
8,Photometric,0,242,PhotoObj,SELECT,183.0261
8,Photometric,0,243,Run,SELECT,172.7551
8,Photometric,0,244,Run,SELECT,432.2261
8,Photometric,0,245,PhotoObjAll,SELECT,121.266
8,Photometric,0,246,Run,SELECT,21.5864
8,Photometric,0,247,Run,SELECT,117.3284
8,Photometric,0,248,Run,SELECT,262.8326
8,Photometric,0,249,Run,SELECT,57.8995
8,Photometric,0,250,PhotoObjAll,SELECT,179.1742
8,Photometric,0,251,Run,SELECT,55.8182
8,Photometric,0,252,PhotoObj,SELECT,637.1716
8,Photometric,0,253,Run,SELECT,105.7279
8,Photometric,0,254,PhotoObj,SELECT,53.2578
8,Photometric,0,255,Run,SELECT,97.8592
8,Photometric,0,256,Run,SELECT,180.0668
8,Photometric,0,257,Run,SELECT,224.1529
8,Photometric,0,258,Run,SELECT,411.3966
8,Photometric,0,259,PhotoObjAll,SELECT,89.1845
8,Photometric,0,260,Run,SELECT,273.2374
8,Photometric,0,261,PhotoObj,SELECT,38.5333
8,Photometric,0,262,PhotoObj,SELECT,64.8809
8,Photometric,0,263,Run,SELECT,47.5134
8,Photometric,0,264,Run,SELECT,77.8451
8,Photometric,0,265,Run,SELECT,262.7114
8,Photometric,0,266,PhotoObj,SELECT,90.8145
8,Photometric,0,267,Field,SELECT,104.3216
8,Photometric,0,268,PhotoObj,SELECT,184.0359
8,Photometric,0,269,Run,SELECT,216.3525
8,Photometric,0,270,PhotoObjAll,SELECT,106.7713
8,Photometric,0,271,Run,SELECT,64.5559
8,Photometric,0,272,Run,SELECT,538.4796
8,Photometric,0,273,Run,SELECT,107.3167
8,Photometric,0,274,PhotoObjAll,SELECT,115.7709
8,Photometric,0,275,PhotoObj,SELECT,127.4929
8,Photometric,0,276,PhotoObj,SELECT,235.9568
8,Photometric,0,277,PhotoObjAll,SELECT,44.9017
9,Photometric,0,278,PhotoObj,SELECT,237.4144
9,Photometric,0,279,PhotoObj,SELECT,74.0516
9,Photometric,0,280,PhotoObj,SELECT,391.5116
9,Photometric,0,281,PhotoObj,SELECT,38.3376
9,Photometric,0,282,PhotoObj,SELECT,72.1005
9,Photometric,0,283,PhotoObj,SELECT,139.0356
9,Photometric,0,284,PhotoObj,SELECT,40.7507
9,Photometric,0,285,Field,SELECT,97.6925
9,Photometric,0,286,PhotoObj,SELECT,278.0707
9,Photometric,0,287,PhotoObj,SELECT,83.8392
9,Photometric,0,288,PhotoObj,SELECT,289.6422
9,Photometric,0,289,PhotoObj,SELECT,998.3279
9,Photometric,0,290,PhotoObj,SELECT,202.3831
9,Photometric,0,291,PhotoObj,SELECT,285.2656
9,Photometric,0,292,PhotoObj,SELECT,403.9859
9,Photometric,0,293,PhotoObj,SELECT,104.7602
9,Photometric,0,294,PhotoObj,SELECT,279.3991
9,Photometric,0,295,PhotoObj,SELECT,102.8146
9,Photometric,0,296,Field,SELECT,190.8069
9,Photometric,0,297,PhotoObj,SELECT,317.8701
9,Photometric,0,298,Field,SELECT,76.603
9,Photometric,0,299,PhotoObj,SELECT,23.1899
9,Photometric,0,300,PhotoObj,SELECT,71.3698
9,Photometric,0,301,PhotoObj,SELECT,361.54
9,Photometric,0,302,PhotoObj,SELECT,65.0625
9,Photometric,0,303,PhotoObj,SELECT,343.5521
10,Photometric,0,304,PhotoObj,SELECT,42.4878
10,Photometric,0,305,PhotoObj,SELECT,112.0828
10,Photometric,0,306,Field,SELECT,137.4221
10,Photometric,0,307,PhotoObj,SELECT,23.9366
10,Photometric,0,308,PhotoObj,SELECT,70.9298
10,Photometric,0,309,PhotoObj,SELECT,186.0601
10,Photometric,0,310,Field,SELECT,59.6129
10,Photometric,0,311,PhotoObj,SELECT,212.3532
10,Photometric,0,312,PhotoObj,SELECT,230.2098
10,Photometric,0,313,PhotoObj,SELECT,185.3999
10,Photometric,0,314,PhotoObj,SELECT,276.5009
10,Photometric,0,315,PhotoObj,SELECT,40.6136
10,Photometric,0,316,PhotoObjAll,SELECT,330.7611
10,Photometric,0,317,PhotoObjAll,SELECT,65.5951
10,Photometric,0,318,Field,SELECT,160.65
10,Photometric,0,319,Field,SELECT,625.2025
10,Photometric,0,320,PhotoObj,SELECT,110.2363
10,Photometric,0,321,Field,SELECT,149.779
10,Photometric,0,322,Field,SELECT,65.8873
10,Photometric,0,323,PhotoObjAll,SELECT,619.0182
10,Photometric,0,324,PhotoObj,SELECT,71.0454
10,Photometric,0,325,PhotoObj,SELECT,247.5719
10,Photometric,0,326,PhotoObjAll,SELECT,403.3208
10,Photometric,0,327,PhotoObj,SELECT,268.2747
10,Photometric,0,328,PhotoObj,SELECT,194.9286
10,Photometric,0,329,PhotoObj,SELECT,158.6812
10,Photometric,0,330,PhotoObj,SELECT,53.3102
10,Photometric,0,331,PhotoObjAll,SELECT,591.8163
10,Photometric,0,332,PhotoObj,SELECT,182.0299
10,Photometric,0,333,PhotoObjAll,SELECT,149.8512
10,Photometric,0,334,PhotoObj,SELECT,61.8816
10,Photometric,0,335,PhotoObj,SELECT,155.7588
10,Photometric,0,336,Field,SELECT,142.4573
11,Photometric,0,337,PhotoObjAll,SELECT,35.5391
11,Photometric,0,338,PhotoObj,SELECT,329.1656
11,Photometric,0,339,PhotoObj,SELECT,337.1977
11,Photometric,0,340,PhotoObj,SELECT,75.4872
11,Photometric,0,341,PhotoObj,SELECT,195.5242
11,Photometric,0,342,PhotoObjAll,SELECT,415.6589
11,Photometric,0,343,PhotoObj,SELECT,133.5154
11,Photometric,0,344,Run,SELECT,114.975
11,Photometric,0,345,PhotoObj,SELECT,126.2588
11,Photometric,0,346,PhotoObjAll,SELECT,181.6911
11,Photometric,0,347,PhotoObj,SELECT,89.7966
11,Photometric,0,348,Field,SELECT,107.5984
11,Photometric,0,349,PhotoObjAll,SELECT,184.6687
11,Photometric,0,350,Run,SELECT,100.9885
11,Photometric,0,351,PhotoObj,SELECT,58.5767
11,Photometric,0,352,PhotoObj,SELECT,33.4658
11,Photometric,0,353,Field,SELECT,152.1298
11,Photometric,0,354,PhotoObj,SELECT,392.0353
11,Photometric,0,355,PhotoObjAll,SELECT,203.7201
11,Photometric,0,356,PhotoObj,SELECT,60.2062
11,Photometric,0,357,Run,SELECT,81.2626
11,Photometric,0,358,Field,SELECT,114.3187
11,Photometric,0,359,PhotoObj,SELECT,645.4252
11,Photometric,0,360,PhotoObj,SELECT,681.331
11,Photometric,0,361,PhotoObj,SELECT,603.6248
11,Photometric,0,362,Field,SELECT,164.8187
11,Photometric,0,363,PhotoObj,SELECT,1887.6406
11,Photometric,0,364,PhotoObj,SELECT,84.2837
11,Photometric,0,365,PhotoObjAll,SELECT,111.1115
11,Photometric,0,366,PhotoObj,SELECT,307.0102
11,Photometric,0,367,PhotoObj,SELECT,185.464
12,Photometric,0,368,PhotoObj,SELECT,50.7169
12,Photometric,0,369,PhotoObjAll,SELECT,92.9536
12,Photometric,0,370,PhotoObj,SELECT,185.5068
12,Photometric,0,371,PhotoObj,SELECT,264.9195
12,Photometric,0,372,PhotoObjAll,SELECT,32.6695
12,Photometric,0,373,PhotoObj,SELECT,146.9577
12,Photometric,0,374,PhotoObj,SELECT,136.6283
12,Photometric,0,375,Run,SELECT,177.7624
12,Photometric,0,376,Run,SELECT,61.0148
12,Photometric,0,377,Run,SELECT,61.8889
12,Photometric,0,378,PhotoObj,SELECT,401.8014
12,Photometric,0,379,PhotoObjAll,SELECT,20.0582
12,Photometric,0,380,Run,SELECT,76.2159
12,Photometric,0,381,PhotoObjAll,SELECT,107.0493
12,Photometric,0,382,PhotoObj,SELECT,115.654
12,Photometric,0,383,Run,SELECT,86.4172
12,Photometric,0,384,PhotoObjAll,SELECT,217.6962
12,Photometric,0,385,PhotoObj,SELECT,202.7053
12,Photometric,0,386,PhotoObjAll,SELECT,131.9003
12,Photometric,0,387,PhotoObj,SELECT,90.2185
12,Photometric,0,388,PhotoObj,SELECT,123.9223
12,Photometric,0,389,PhotoObj,SELECT,156.9513
12,Photometric,0,390,Run,SELECT,81.3365
13,Photometric,0,391,PhotoObj,SELECT,74.1727
13,Photometric,0,392,PhotoObjAll,SELECT,93.9573
13,Photometric,0,393,PhotoObjAll,SELECT,668.9705
13,Photometric,0,394,PhotoObjAll,SELECT,206.6515
13,Photometric,0,395,PhotoObjAll,SELECT,157.6805
13,Photometric,0,396,PhotoObj,SELECT,212.4399
13,Photometric,0,397,PhotoObjAll,SELECT,554.4159
13,Photometric,0,398,PhotoObj,SELECT,237.8494
13,Photometric,0,399,PhotoObj,SELECT,138.3378
13,Photometric,0,400,PhotoObj,SELECT,296.7158
13,Photometric,0,401,PhotoObjAll,SELECT,301.6041
13,Photometric,0,402,PhotoObjAll,SELECT,387.7051
13,Photometric,0,403,PhotoObjAll,SELECT,111.6581
13,Photometric,0,404,PhotoObj,SELECT,14.2324
13,Photometric,0,405,PhotoObjAll,SELECT,8.0146
13,Photometric,0,406,PhotoObjAll,SELECT,213.0261
13,Photometric,0,407,PhotoObjAll,SELECT,58.5603
13,Photometric,0,408,PhotoObj,SELECT,444.2701
13,Photometric,0,409,PhotoObjAll,SELECT,892.7765
13,Photometric,0,410,PhotoObjAll,SELECT,205.7021
13,Photometric,0,411,PhotoObj,SELECT,164.8147
13,Photometric,0,412,PhotoObjAll,SELECT,135.9406
13,Photometric,0,413,PhotoObj,SELECT,49.8095
13,Photometric,0,414,PhotoObj,SELECT,81.9612
13,Photometric,0,415,PhotoObjAll,SELECT,152.5801
13,Photometric,0,416,PhotoObj,SELECT,136.3267
13,Photometric,0,417,PhotoObjAll,SELECT,243.0948
13,Photometric,0,418,PhotoObj,SELECT,64.5042
13,Photometric,0,419,PhotoObjAll,SELECT,106.7117
14,Photometric,0,420,PhotoObjAll,SELECT,240.6756
14,Photometric,0,421,PhotoObj,SELECT,100.8635
14,Photometric,0,422,PhotoObj,SELECT,484.6464
14,Photometric,0,423,PhotoObj,SELECT,424.8968
14,Photometric,0,424,PhotoObj,SELECT,196.7977
14,Photometric,0,425,PhotoObjAll,SELECT,163.5212
14,Photometric,0,426,Field,SELECT,286.8624
14,Photometric,0,427,PhotoObjAll,SELECT,82.8118
14,Photometric,0,428,PhotoObj,SELECT,246.4424
14,Photometric,0,429,PhotoObj,SELECT,194.8379
14,Photometric,0,430,PhotoObjAll,SELECT,109.9611
14,Photometric,0,431,PhotoObjAll,SELECT,200.9536
14,Photometric,0,432,PhotoObj,SELECT,470.5225
14,Photometric,0,433,PhotoObjAll,SELECT,39.4851
14,Photometric,0,434,PhotoObj,SELECT,65.573
14,Photometric,0,435,PhotoObj,SELECT,119.2139
14,Photometric,0,436,PhotoObj,SELECT,243.657
14,Photometric,0,437,PhotoObjAll,SELECT,191.1079
14,Photometric,0,438,PhotoObj,SELECT,242.9627
14,Photometric,0,439,PhotoObjAll,SELECT,110.8801
14,Photometric,0,440,PhotoObjAll,SELECT,152.7569
14,Photometric,0,441,PhotoObjAll,SELECT,342.5528
14,Photometric,0,442,Run,SELECT,174.5515
14,Photometric,0,443,PhotoObjAll,SELECT,218.7936
14,Photometric,0,444,PhotoObj,SELECT,148.2479
14,Photometric,0,445,PhotoObjAll,SELECT,94.9911
14,Photometric,0,446,Field,SELECT,255.1677
14,Photometric,0,447,PhotoObj,SELECT,323.4729
14,Photometric,0,448,PhotoObj,SELECT,161.022
14,Photometric,0,449,PhotoObj,SELECT,74.6369
14,Photometric,0,450,Field,SELECT,229.081
14,Photometric,0,451,Field,SELECT,210.6104
15,Photometric,0,452,PhotoObj,SELECT,474.9645
15,Photometric,0,453,Field,SELECT,367.1563
15,Photometric,0,454,PhotoObj,SELECT,141.4291
15,Photometric,0,455,PhotoObj,SELECT,213.5816
15,Photometric,0,456,Field,SELECT,139.507
15,Photometric,0,457,PhotoObjAll,SELECT,60.8436
15,Photometric,0,458,PhotoObj,SELECT,41.503
15,Photometric,0,459,PhotoObj,SELECT,177.9369
15,Photometric,0,460,PhotoObj,SELECT,1404.4046
15,Photometric,0,461,Field,SELECT,467.8932
15,Photometric,0,462,PhotoObj,SELECT,131.4993
15,Photometric,0,463,Field,SELECT,155.9496
15,Photometric,0,464,Field,SELECT,107.054
15,Photometric,0,465,PhotoObj,SELECT,43.168
15,Photometric,0,466,PhotoObj,SELECT,118.9425
15,Photometric,0,467,PhotoObj,SELECT,149.4265
15,Photometric,0,468,PhotoObj,SELECT,171.4499
15,Photometric,0,469,Run,SELECT,395.8496
15,Photometric,0,470,PhotoObj,SELECT,220.4444
15,Photometric,0,471,Run,SELECT,400.8423
15,Photometric,0,472,PhotoObj,SELECT,242.5673
15,Photometric,0,473,PhotoObj,SELECT,224.9163
15,Photometric,0,474,PhotoObj,SELECT,259.9732
15,Photometric,0,475,Field,SELECT,78.596
15,Photometric,0,476,PhotoObj,SELECT,290.6664
15,Photometric,0,477,PhotoObjAll,SELECT,119.4216
15,Photometric,0,478,PhotoObj,SELECT,122.4436
15,Photometric,0,479,PhotoObj,SELECT,158.0942
15,Photometric,0,480,PhotoObj,SELECT,111.1615
15,Photometric,0,481,PhotoObj,SELECT,67.2958
15,Photometric,0,482,PhotoObj,SELECT,148.7827
15,Photometric,0,483,PhotoObj,SELECT,122.8958
15,Photometric,0,484,PhotoObj,SELECT,119.5669
15,Photometric,0,485,Field,SELECT,137.173
16,Photometric,0,486,PhotoObjAll,SELECT,23.2037
16,Photometric,0,487,PhotoObj,SELECT,96.1071
16,Photometric,0,488,Field,SELECT,257.7741
16,Photometric,0,489,PhotoObj,SELECT,109.1369
16,Photometric,0,490,PhotoObj,SELECT,338.3755
16,Photometric,0,491,PhotoObj,SELECT,320.5781
16,Photometric,0,492,PhotoObj,SELECT,94.7094
16,Photometric,0,493,PhotoObj,SELECT,162.1449
16,Photometric,0,494,Field,SELECT,482.2019
16,Photometric,0,495,Field,SELECT,47.744
16,Photometric,0,496,PhotoObj,SELECT,110.9846
16,Photometric,0,497,PhotoObj,SELECT,44.44
16,Photometric,0,498,PhotoObjAll,SELECT,74.5393
16,Photometric,0,499,Field,SELECT,627.2803
16,Photometric,0,500,PhotoObj,SELECT,110.956
16,Photometric,0,501,PhotoObjAll,SELECT,32.2493
16,Photometric,0,502,PhotoObj,SELECT,66.801
16,Photometric,0,503,Field,SELECT,41.2576
16,Photometric,0,504,PhotoObjAll,SELECT,167.1517
16,Photometric,0,505,PhotoObj,SELECT,207.2607
16,Photometric,0,506,PhotoObj,SELECT,294.0496
16,Photometric,0,507,PhotoObjAll,SELECT,246.235
16,Photometric,0,508,PhotoObj,SELECT,49.3476
16,Photometric,0,509,Field,SELECT,198.7983
16,Photometric,0,510,PhotoObj,SELECT,132.5831
16,Photometric,0,511,PhotoObjAll,SELECT,332.2902
16,Photometric,0,512,Run,SELECT,270.4528
16,Photometric,0,513,PhotoObj,SELECT,712.2206
16,Photometric,0,514,PhotoObj,SELECT,70.7232
16,Photometric,0,515,PhotoObj,SELECT,63.6485
16,Photometric,0,516,PhotoObj,SELECT,100.5892
16,Photometric,0,517,PhotoObj,SELECT,136.7402
16,Photometric,0,518,Field,SELECT,86.542
16,Photometric,0,519,PhotoObj,SELECT,73.4344
16,Photometric,0,520,PhotoObj,SELECT,188.2948
16,Photometric,0,521,PhotoObjAll,SELECT,100.3574
17,Photometric,0,522,PhotoObj,SELECT,93.5674
17,Photometric,0,523,Field,SELECT,233.4459
17,Photometric,0,524,PhotoObj,SELECT,60.4481
17,Photometric,0,525,PhotoObjAll,SELECT,159.0477
17,Photometric,0,526,PhotoObjAll,SELECT,78.7265
17,Photometric,0,527,PhotoObj,SELECT,234.2595
17,Photometric,0,528,PhotoObj,SELECT,513.6305
17,Photometric,0,529,Run,SELECT,66.6175
17,Photometric,0,530,PhotoObj,SELECT,97.0493
17,Photometric,0,531,PhotoObjAll,SELECT,156.7088
17,Photometric,0,532,Run,SELECT,34.9473
17,Photometric,0,533,PhotoObjAll,SELECT,42.6272
17,Photometric,0,534,PhotoObjAll,SELECT,499.4134
17,Photometric,0,535,PhotoObjAll,SELECT,188.9678
17,Photometric,0,536,PhotoObjAll,SELECT,89.7665
17,Photometric,0,537,PhotoObj,SELECT,143.9073
17,Photometric,0,538,PhotoObj,SELECT,100.9085
17,Photometric,0,539,Field,SELECT,160.4417
17,Photometric,0,540,PhotoObj,SELECT,103.7801
17,Photometric,0,541,Field,SELECT,135.3144
17,Photometric,0,542,Run,SELECT,252.0595
17,Photometric,0,543,Field,SELECT,238.6132
18,Photometric,0,544,PhotoObjAll,SELECT,280.5273
18,Photometric,0,545,PhotoObj,SELECT,181.337
18,Photometric,0,546,PhotoObj,SELECT,145.6801
18,Photometric,0,547,PhotoObj,SELECT,286.9648
18,Photometric,0,548,PhotoObj,SELECT,104.4551
18,Photometric,0,549,Field,SELECT,27.0217
18,Photometric,0,550,PhotoObjAll,SELECT,291.8928
18,Photometric,0,551,Run,SELECT,87.4324
18,Photometric,0,552,PhotoObj,SELECT,68.5607
18,Photometric,0,553,Run,SELECT,28.0077
18,Photometric,0,554,Run,SELECT,271.2617
18,Photometric,0,555,PhotoObjAll,SELECT,20.3979
18,Photometric,0,556,Field,SELECT,397.9481
18,Photometric,0,557,PhotoObj,SELECT,112.3907
18,Photometric,0,558,PhotoObj,SELECT,282.4937
18,Photometric,0,559,Run,SELECT,205.0314
18,Photometric,0,560,PhotoObj,SELECT,644.8261
18,Photometric,0,561,PhotoObj,SELECT,200.5043
18,Photometric,0,562,PhotoObjAll,SELECT,384.6489
18,Photometric,0,563,PhotoObj,SELECT,94.7647
18,Photometric,0,564,PhotoObj,SELECT,42.508
18,Photometric,0,565,PhotoObj,SELECT,321.8138
18,Photometric,0,566,PhotoObjAll,SELECT,41.6325
18,Photometric,0,567,PhotoObj,SELECT,268.7074
18,Photometric,0,568,PhotoObj,SELECT,62.8146
18,Photometric,0,569,Run,SELECT,184.21
18,Photometric,0,570,Field,SELECT,656.9421
18,Photometric,0,571,PhotoObj,SELECT,251.2153
19,Photometric,0,572,PhotoObj,SELECT,136.0039
19,Photometric,0,573,PhotoObj,SELECT,232.7159
19,Photometric,0,574,PhotoObjAll,SELECT,196.783
19,Photometric,0,575,PhotoObjAll,SELECT,215.496
19,Photometric,0,576,PhotoObjAll,SELECT,98.9204
19,Photometric,0,577,PhotoObjAll,SELECT,121.1258
19,Photometric,0,578,PhotoObj,SELECT,308.9097
19,Photometric,0,579,Field,SELECT,295.7753
19,Photometric,0,580,PhotoObj,SELECT,200.6492
19,Photometric,0,581,Field,SELECT,429.6216
19,Photometric,0,582,PhotoObjAll,SELECT,319.7925
19,Photometric,0,583,PhotoObjAll,SELECT,288.0969
19,Photometric,0,584,PhotoObjAll,SELECT,41.0907
19,Photometric,0,585,PhotoObj,SELECT,198.6665
19,Photometric,0,586,PhotoObjAll,SELECT,171.0249
19,Photometric,0,587,PhotoObjAll,SELECT,482.4557
19,Photometric,0,588,PhotoObjAll,SELECT,14.9746
19,Photometric,0,589,PhotoObj,SELECT,130.0969
19,Photometric,0,590,PhotoObj,SELECT,160.0276
19,Photometric,0,591,PhotoObj,SELECT,62.2243
19,Photometric,0,592,PhotoObjAll,SELECT,71.3317
19,Photometric,0,593,PhotoObjAll,SELECT,483.9177
19,Photometric,0,594,PhotoObj,SELECT,214.8135
19,Photometric,0,595,PhotoObj,SELECT,658.4273
19,Photometric,0,596,PhotoObj,SELECT,128.2524
19,Photometric,0,597,PhotoObjAll,SELECT,48.0453
19,Photometric,0,598,PhotoObj,SELECT,114.5272
19,Photometric,0,599,PhotoObj,SELECT,100.1506
19,Photometric,0,600,PhotoObj,SELECT,258.7174
19,Photometric,0,601,PhotoObjAll,SELECT,249.9844
19,Photometric,0,602,PhotoObjAll,SELECT,223.7568
19,Photometric,0,603,PhotoObjAll,SELECT,883.4065
19,Photometric,0,604,PhotoObjAll,SELECT,406.9742
19,Photometric,0,605,PhotoObj,SELECT,75.0589
19,Photometric,0,606,PhotoObj,SELECT,329.1101
19,Photometric,0,607,PhotoObjAll,SELECT,151.7778
19,Photometric,0,608,PhotoObjAll,SELECT,125.521
20,Spectroscopic,1,609,SpecLine,SELECT,374.2395
20,Spectroscopic,1,610,SpecLine,SELECT,28.2175
20,Spectroscopic,1,611,SpecLine,SELECT,1106.2781
20,Spectroscopic,1,612,SpecLine,SELECT,558.0968
20,Spectroscopic,1,613,SpecLine,SELECT,1472.6738
20,Spectroscopic,1,614,SpecLine,SELECT,523.7615
20,Spectroscopic,1,615,SpecPhotoAll,SELECT,1579.3933
20,Spectroscopic,1,616,SpecPhotoAll,SELECT,236.5363
20,Spectroscopic,1,617,SpecObj,SELECT,638.3639
20,Spectroscopic,1,618,SpecLine,SELECT,282.67
20,Spectroscopic,1,619,SpecLine,SELECT,364.0208
20,Spectroscopic,1,620,SpecPhotoAll,SELECT,437.7589
20,Spectroscopic,1,621,SpecObj,SELECT,556.4557
20,Spectroscopic,1,622,SpecLine,SELECT,210.156
20,Spectroscopic,1,623,SpecObj,SELECT,610.1686
20,Spectroscopic,1,624,SpecPhotoAll,SELECT,418.3134
20,Spectroscopic,1,625,SpecLine,SELECT,118.6013
20,Spectroscopic,1,626,SpecObj,SELECT,82.1988
20,Spectroscopic,1,627,SpecObj,SELECT,1110.471
20,Spectroscopic,1,628,SpecLine,SELECT,52.7533
20,Spectroscopic,1,629,SpecPhotoAll,SELECT,348.4452
20,Spectroscopic,1,630,SpecObj,SELECT,108.6983
20,Spectroscopic,1,631,SpecObj,SELECT,1872.9451
20,Spectroscopic,1,632,SpecObj,SELECT,669.8017
21,Spectroscopic,1,633,SpecObj,SELECT,149.3676
21,Spectroscopic,1,634,SpecLine,SELECT,143.2975
21,Spectroscopic,1,635,SpecLine,SELECT,139.3054
21,Spectroscopic,1,636,SpecLine,SELECT,229.9489
21,Spectroscopic,1,637,SpecObj,SELECT,543.0823
21,Spectroscopic,1,638,SpecObj,SELECT,631.9735
21,Spectroscopic,1,639,SpecObj,SELECT,388.0677
21,Spectroscopic,1,640,SpecObj,SELECT,454.4609
21,Spectroscopic,1,641,SpecObj,SELECT,660.7103
21,Spectroscopic,1,642,SpecObj,SELECT,66.8385
21,Spectroscopic,1,643,SpecObj,SELECT,487.4863
21,Spectroscopic,1,644,SpecPhotoAll,SELECT,1313.9889
21,Spectroscopic,1,645,SpecLine,SELECT,70.7337
21,Spectroscopic,1,646,PlateX,SELECT,33.9637
21,Spectroscopic,1,647,SpecPhotoAll,SELECT,340.5133
21,Spectroscopic,1,648,SpecLine,SELECT,1065.2781
21,Spectroscopic,1,649,SpecObj,SELECT,346.0732
21,Spectroscopic,1,650,SpecObj,SELECT,703.1382
21,Spectroscopic,1,651,SpecObj,SELECT,532.9632
21,Spectroscopic,1,652,SpecObj,SELECT,141.4088
21,Spectroscopic,1,653,SpecObj,SELECT,170.1219
21,Spectroscopic,1,654,SpecLine,SELECT,88.3571
21,Spectroscopic,1,655,PlateX,SELECT,1579.2918
21,Spectroscopic,1,656,SpecPhotoAll,SELECT,859.1387
21,Spectroscopic,1,657,SpecObj,SELECT,367.0645
21,Spectroscopic,1,658,SpecLine,SELECT,326.0358
21,Spectroscopic,1,659,SpecObj,SELECT,195.7981
21,Spectroscopic,1,660,SpecObj,SELECT,575.9139
21,Spectroscopic,1,661,SpecObj,SELECT,210.2068
21,Spectroscopic,1,662,PlateX,SELECT,290.3472
21,Spectroscopic,1,663,SpecLine,SELECT,229.1704
21,Spectroscopic,1,664,SpecObj,SELECT,807.8529
21,Spectroscopic,1,665,SpecLine,SELECT,353.8137
22,Spectroscopic,1,666,SpecObj,SELECT,330.9799
22,Spectroscopic,1,667,SpecLine,SELECT,398.7582
22,Spectroscopic,1,668,SpecPhotoAll,SELECT,129.5219
22,Spectroscopic,1,669,SpecObj,SELECT,1018.3132
22,Spectroscopic,1,670,PlateX,SELECT,550.68
22,Spectroscopic,1,671,SpecObj,SELECT,351.5236
22,Spectroscopic,1,672,SpecPhotoAll,SELECT,214.2702
22,Spectroscopic,1,673,SpecObj,SELECT,93.8012
22,Spectroscopic,1,674,SpecObj,SELECT,942.456
22,Spectroscopic,1,675,SpecObj,SELECT,267.7423
22,Spectroscopic,1,676,SpecObj,SELECT,113.412
22,Spectroscopic,1,677,SpecLine,SELECT,209.2188
22,Spectroscopic,1,678,PlateX,SELECT,606.2452
22,Spectroscopic,1,679,SpecObj,SELECT,500.0663
22,Spectroscopic,1,680,SpecObj,SELECT,154.3412
22,Spectroscopic,1,681,SpecLine,SELECT,1118.1388
22,Spectroscopic,1,682,SpecObj,SELECT,112.2146
22,Spectroscopic,1,683,SpecObj,SELECT,1369.6479
22,Spectroscopic,1,684,SpecObj,SELECT,480.9372
22,Spectroscopic,1,685,PlateX,SELECT,285.5963
22,Spectroscopic,1,686,SpecObj,SELECT,321.4568
22,Spectroscopic,1,687,SpecObj,SELECT,433.0005
22,Spectroscopic,1,688,PlateX,SELECT,651.2649
22,Spectroscopic,1,689,SpecObj,SELECT,81.5089
22,Spectroscopic,1,690,SpecObj,SELECT,203.5332
22,Spectroscopic,1,691,SpecObj,SELECT,420.6923
22,Spectroscopic,1,692,SpecLine,SELECT,1162.0674
22,Spectroscopic,1,693,PlateX,SELECT,1117.4975
22,Spectroscopic,1,694,SpecPhotoAll,SELECT,1688.1813
22,Spectroscopic,1,695,SpecObj,SELECT,1064.2856
22,Spectroscopic,1,696,SpecObj,SELECT,191.0064
22,Spectroscopic,1,697,SpecLine,SELECT,397.2898
22,Spectroscopic,1,698,SpecLine,SELECT,1070.6954
22,Spectroscopic,1,699,SpecLine,SELECT,969.1672
22,Spectroscopic,1,700,SpecPhotoAll,SELECT,335.8271
22,Spectroscopic,1,701,SpecLine,SELECT,634.4407
22,Spectroscopic,1,702,SpecLine,SELECT,266.4602
22,Spectroscopic,1,703,SpecObj,SELECT,105.3307
22,Spectroscopic,1,704,SpecObj,SELECT,362.3998
23,Spectroscopic,1,705,SpecPhotoAll,SELECT,793.6296
23,Spectroscopic,1,706,SpecPhotoAll,SELECT,3457.3463
23,Spectroscopic,1,707,SpecLine,SELECT,367.8238
23,Spectroscopic,1,708,SpecLine,SELECT,1178.7981
23,Spectroscopic,1,709,SpecObj,SELECT,493.5236
23,Spectroscopic,1,710,SpecPhotoAll,SELECT,519.9644
23,Spectroscopic,1,711,SpecLine,SELECT,372.2671
23,Spectroscopic,1,712,SpecPhotoAll,SELECT,455.5981
23,Spectroscopic,1,713,SpecObj,SELECT,328.7582
23,Spectroscopic,1,714,SpecLine,SELECT,982.0858
23,Spectroscopic,1,715,SpecLine,SELECT,209.8906
23,Spectroscopic,1,716,SpecObj,SELECT,104.522
23,Spectroscopic,1,717,SpecLine,SELECT,248.631
23,Spectroscopic,1,718,SpecLine,SELECT,226.8858
23,Spectroscopic,1,719,SpecLine,SELECT,248.518
23,Spectroscopic,1,720,SpecObj,SELECT,355.2224
23,Spectroscopic,1,721,SpecPhotoAll,SELECT,249.3032
23,Spectroscopic,1,722,SpecLine,SELECT,350.8206
23,Spectroscopic,1,723,SpecPhotoAll,SELECT,249.9623
23,Spectroscopic,1,724,SpecObj,SELECT,583.5854
23,Spectroscopic,1,725,SpecLine,SELECT,3419.1453
23,Spectroscopic,1,726,SpecObj,SELECT,484.5739
23,Spectroscopic,1,727,SpecPhotoAll,SELECT,258.7698
23,Spectroscopic,1,728,SpecLine,SELECT,49.7577
23,Spectroscopic,1,729,SpecLine,SELECT,2236.3866
23,Spectroscopic,1,730,SpecLine,SELECT,509.7024
23,Spectroscopic,1,731,SpecObj,SELECT,348.0833
23,Spectroscopic,1,732,SpecLine,SELECT,52.0309
23,Spectroscopic,1,733,SpecLine,SELECT,364.3622
23,Spectroscopic,1,734,SpecPhotoAll,SELECT,452.1152
23,Spectroscopic,1,735,SpecPhotoAll,SELECT,250.74
24,Spectroscopic,1,736,SpecPhotoAll,SELECT,417.2856
24,Spectroscopic,1,737,PlateX,SELECT,392.3878
24,Spectroscopic,1,738,SpecLine,SELECT,110.1914
24,Spectroscopic,1,739,SpecObj,SELECT,918.8856
24,Spectroscopic,1,740,SpecObj,SELECT,340.1545
24,Spectroscopic,1,741,SpecPhotoAll,SELECT,445.9538
24,Spectroscopic,1,742,SpecObj,SELECT,1524.8545
24,Spectroscopic,1,743,SpecPhotoAll,SELECT,123.8879
24,Spectroscopic,1,744,SpecPhotoAll,SELECT,200.9012
24,Spectroscopic,1,745,SpecObj,SELECT,535.0912
24,Spectroscopic,1,746,SpecObj,SELECT,901.0585
24,Spectroscopic,1,747,SpecPhotoAll,SELECT,231.1226
24,Spectroscopic,1,748,SpecObj,SELECT,242.4814
24,Spectroscopic,1,749,SpecObj,SELECT,710.4629
24,Spectroscopic,1,750,SpecPhotoAll,SELECT,3105.344
24,Spectroscopic,1,751,SpecPhotoAll,SELECT,429.8246
24,Spectroscopic,1,752,SpecPhotoAll,SELECT,200.3678
24,Spectroscopic,1,753,SpecPhotoAll,SELECT,155.798
24,Spectroscopic,1,754,SpecObj,SELECT,354.3
24,Spectroscopic,1,755,SpecObj,SELECT,860.8448
24,Spectroscopic,1,756,SpecObj,SELECT,5057.4216
24,Spectroscopic,1,757,SpecObj,SELECT,304.9385
24,Spectroscopic,1,758,SpecLine,SELECT,430.4434
24,Spectroscopic,1,759,SpecObj,SELECT,1873.3482
25,Spectroscopic,1,760,SpecLine,SELECT,1006.2277
25,Spectroscopic,1,761,SpecObj,SELECT,400.569
25,Spectroscopic,1,762,SpecLine,SELECT,307.7574
25,Spectroscopic,1,763,PlateX,SELECT,300.9282
25,Spectroscopic,1,764,SpecPhotoAll,SELECT,353.0942
25,Spectroscopic,1,765,PlateX,SELECT,270.7752
25,Spectroscopic,1,766,SpecPhotoAll,SELECT,600.7682
25,Spectroscopic,1,767,SpecPhotoAll,SELECT,279.0291
25,Spectroscopic,1,768,PlateX,SELECT,71.6058
25,Spectroscopic,1,769,PlateX,SELECT,403.2244
25,Spectroscopic,1,770,PlateX,SELECT,957.821
25,Spectroscopic,1,771,PlateX,SELECT,68.2754
25,Spectroscopic,1,772,SpecLine,SELECT,400.853
25,Spectroscopic,1,773,SpecLine,SELECT,266.1568
25,Spectroscopic,1,774,PlateX,SELECT,933.9052
25,Spectroscopic,1,775,SpecPhotoAll,SELECT,319.0202
25,Spectroscopic,1,776,PlateX,SELECT,806.1845
25,Spectroscopic,1,777,SpecLine,SELECT,720.6132
25,Spectroscopic,1,778,PlateX,SELECT,739.8259
25,Spectroscopic,1,779,SpecLine,SELECT,1640.7925
25,Spectroscopic,1,780,PlateX,SELECT,329.0438
25,Spectroscopic,1,781,PlateX,SELECT,424.8215
25,Spectroscopic,1,782,SpecLine,SELECT,585.9032
25,Spectroscopic,1,783,SpecPhotoAll,SELECT,436.6651
25,Spectroscopic,1,784,SpecPhotoAll,SELECT,319.6302
25,Spectroscopic,1,785,PlateX,SELECT,179.3568
25,Spectroscopic,1,786,SpecLine,SELECT,407.4373
25,Spectroscopic,1,787,SpecLine,SELECT,104.8325
25,Spectroscopic,1,788,SpecLine,SELECT,64.46
25,Spectroscopic,1,789,PlateX,SELECT,147.4553
26,Spectroscopic,1,790,SpecLine,SELECT,151.9954
26,Spectroscopic,1,791,SpecObj,SELECT,1014.0312
26,Spectroscopic,1,792,SpecPhotoAll,SELECT,464.7546
26,Spectroscopic,1,793,SpecObj,SELECT,742.9818
26,Spectroscopic,1,794,SpecLine,SELECT,498.7041
26,Spectroscopic,1,795,SpecObj,SELECT,243.3192
26,Spectroscopic,1,796,SpecLine,SELECT,137.6991
26,Spectroscopic,1,797,SpecPhotoAll,SELECT,77.8236
26,Spectroscopic,1,798,SpecObj,SELECT,2054.9835
26,Spectroscopic,1,799,SpecObj,SELECT,93.3657
26,Spectroscopic,1,800,SpecObj,SELECT,1450.8367
26,Spectroscopic,1,801,SpecLine,SELECT,441.9968
26,Spectroscopic,1,802,SpecLine,SELECT,512.8906
26,Spectroscopic,1,803,SpecLine,SELECT,482.8333
26,Spectroscopic,1,804,SpecLine,SELECT,657.5839
26,Spectroscopic,1,805,SpecObj,SELECT,199.3652
26,Spectroscopic,1,806,SpecLine,SELECT,57.9499
26,Spectroscopic,1,807,SpecObj,SELECT,239.0244
26,Spectroscopic,1,808,SpecLine,SELECT,606.5074
26,Spectroscopic,1,809,SpecObj,SELECT,153.2143
26,Spectroscopic,1,810,SpecPhotoAll,SELECT,1058.0407
26,Spectroscopic,1,811,SpecPhotoAll,SELECT,358.8759
26,Spectroscopic,1,812,SpecPhotoAll,SELECT,141.908
26,Spectroscopic,1,813,SpecObj,SELECT,460.6277
27,Spectroscopic,1,814,SpecLine,SELECT,137.9435
27,Spectroscopic,1,815,PlateX,SELECT,161.4989
27,Spectroscopic,1,816,SpecObj,SELECT,779.9151
27,Spectroscopic,1,817,SpecObj,SELECT,280.5542
27,Spectroscopic,1,818,PlateX,SELECT,1292.2743
27,Spectroscopic,1,819,SpecObj,SELECT,1709.2436
27,Spectroscopic,1,820,SpecObj,SELECT,141.7775
27,Spectroscopic,1,821,SpecObj,SELECT,196.084
27,Spectroscopic,1,822,PlateX,SELECT,439.371
27,Spectroscopic,1,823,SpecPhotoAll,SELECT,56.6941
27,Spectroscopic,1,824,SpecObj,SELECT,79.6331
27,Spectroscopic,1,825,SpecPhotoAll,SELECT,178.0042
27,Spectroscopic,1,826,SpecObj,SELECT,2442.7184
27,Spectroscopic,1,827,PlateX,SELECT,503.1226
27,Spectroscopic,1,828,SpecObj,SELECT,223.9523
27,Spectroscopic,1,829,SpecLine,SELECT,160.4406
27,Spectroscopic,1,830,SpecLine,SELECT,136.6705
27,Spectroscopic,1,831,SpecPhotoAll,SELECT,238.0673
27,Spectroscopic,1,832,PlateX,SELECT,226.6844
27,Spectroscopic,1,833,SpecObj,SELECT,326.1909
27,Spectroscopic,1,834,SpecPhotoAll,SELECT,624.2709
27,Spectroscopic,1,835,SpecObj,SELECT,372.5039
27,Spectroscopic,1,836,SpecLine,SELECT,826.2436
27,Spectroscopic,1,837,SpecLine,SELECT,306.1185
27,Spectroscopic,1,838,SpecObj,SELECT,1857.3909
27,Spectroscopic,1,839,SpecObj,SELECT,806.6349
27,Spectroscopic,1,840,SpecObj,SELECT,490.5591
27,Spectroscopic,1,841,SpecObj,SELECT,626.2826
27,Spectroscopic,1,842,SpecObj,SELECT,243.6166
27,Spectroscopic,1,843,SpecObj,SELECT,321.5469
27,Spectroscopic,1,844,SpecLine,SELECT,310.7883
27,Spectroscopic,1,845,SpecLine,SELECT,202.25
28,Spectroscopic,1,846,PlateX,SELECT,2959.3868
28,Spectroscopic,1,847,SpecObj,SELECT,221.5637
28,Spectroscopic,1,848,SpecLine,SELECT,506.067
28,Spectroscopic,1,849,SpecObj,SELECT,1108.1092
28,Spectroscopic,1,850,SpecObj,SELECT,148.4372
28,Spectroscopic,1,851,SpecPhotoAll,SELECT,708.4702
28,Spectroscopic,1,852,SpecLine,SELECT,1997.1263
28,Spectroscopic,1,853,SpecLine,SELECT,399.7437
28,Spectroscopic,1,854,PlateX,SELECT,465.6191
28,Spectroscopic,1,855,SpecLine,SELECT,222.6787
28,Spectroscopic,1,856,SpecObj,SELECT,619.5186
28,Spectroscopic,1,857,SpecLine,SELECT,198.1476
28,Spectroscopic,1,858,SpecObj,SELECT,378.8654
28,Spectroscopic,1,859,PlateX,SELECT,107.2721
28,Spectroscopic,1,860,SpecObj,SELECT,38.7954
28,Spectroscopic,1,861,SpecObj,SELECT,262.362
28,Spectroscopic,1,862,PlateX,SELECT,258.7542
28,Spectroscopic,1,863,SpecObj,SELECT,282.2456
28,Spectroscopic,1,864,SpecObj,SELECT,783.0158
28,Spectroscopic,1,865,SpecLine,SELECT,989.2028
28,Spectroscopic,1,866,SpecLine,SELECT,525.9118
28,Spectroscopic,1,867,SpecObj,SELECT,730.7225
28,Spectroscopic,1,868,SpecPhotoAll,SELECT,202.9388
28,Spectroscopic,1,869,SpecObj,SELECT,164.8603
28,Spectroscopic,1,870,SpecLine,SELECT,631.5206
28,Spectroscopic,1,871,PlateX,SELECT,146.8393
28,Spectroscopic,1,872,SpecObj,SELECT,133.9901
28,Spectroscopic,1,873,SpecObj,SELECT,5280.0697
28,Spectroscopic,1,874,SpecPhotoAll,SELECT,423.4379
29,Spectroscopic,1,875,SpecObj,SELECT,650.4241
29,Spectroscopic,1,876,SpecLine,SELECT,296.5045
29,Spectroscopic,1,877,SpecObj,SELECT,68.0352
29,Spectroscopic,1,878,SpecLine,SELECT,424.4724
29,Spectroscopic,1,879,SpecObj,SELECT,391.1037
29,Spectroscopic,1,880,SpecLine,SELECT,57.9507
29,Spectroscopic,1,881,SpecLine,SELECT,582.039
29,Spectroscopic,1,882,SpecObj,SELECT,142.8354
29,Spectroscopic,1,883,SpecLine,SELECT,1012.4886
29,Spectroscopic,1,884,SpecPhotoAll,SELECT,370.2738
29,Spectroscopic,1,885,SpecLine,SELECT,228.9698
29,Spectroscopic,1,886,SpecLine,SELECT,480.8684
29,Spectroscopic,1,887,SpecPhotoAll,SELECT,454.2676
29,Spectroscopic,1,888,SpecLine,SELECT,439.2784
29,Spectroscopic,1,889,SpecPhotoAll,SELECT,883.3668
29,Spectroscopic,1,890,SpecPhotoAll,SELECT,79.255
29,Spectroscopic,1,891,PlateX,SELECT,508.2599
29,Spectroscopic,1,892,SpecObj,SELECT,212.2071
29,Spectroscopic,1,893,SpecObj,SELECT,313.6541
29,Spectroscopic,1,894,SpecPhotoAll,SELECT,1423.3858
29,Spectroscopic,1,895,SpecPhotoAll,SELECT,196.6965
29,Spectroscopic,1,896,SpecLine,SELECT,573.3002
29,Spectroscopic,1,897,SpecObj,SELECT,916.0897
29,Spectroscopic,1,898,SpecLine,SELECT,626.686
29,Spectroscopic,1,899,SpecLine,SELECT,426.8482
29,Spectroscopic,1,900,SpecLine,SELECT,489.5998
29,Spectroscopic,1,901,SpecLine,SELECT,664.8963
29,Spectroscopic,1,902,SpecLine,SELECT,194.7636
29,Spectroscopic,1,903,SpecLine,SELECT,393.3831
29,Spectroscopic,1,904,SpecObj,SELECT,2939.1414
29,Spectroscopic,1,905,SpecLine,SELECT,589.9632
29,Spectroscopic,1,906,SpecPhotoAll,SELECT,440.6283
30,Spectroscopic,1,907,SpecObj,SELECT,172.7055
30,Spectroscopic,1,908,SpecLine,SELECT,290.6327
30,Spectroscopic,1,909,SpecLine,SELECT,381.0163
30,Spectroscopic,1,910,SpecLine,SELECT,188.28
30,Spectroscopic,1,911,SpecPhotoAll,SELECT,493.6701
30,Spectroscopic,1,912,SpecObj,SELECT,544.1795
30,Spectroscopic,1,913,SpecLine,SELECT,742.2873
30,Spectroscopic,1,914,SpecObj,SELECT,252.2991
30,Spectroscopic,1,915,SpecObj,SELECT,1301.2004
30,Spectroscopic,1,916,SpecLine,SELECT,695.4047
30,Spectroscopic,1,917,SpecObj,SELECT,5071.4615
30,Spectroscopic,1,918,SpecPhotoAll,SELECT,207.5684
30,Spectroscopic,1,919,SpecObj,SELECT,187.5907
30,Spectroscopic,1,920,SpecObj,SELECT,308.0654
30,Spectroscopic,1,921,SpecObj,SELECT,545.4102
30,Spectroscopic,1,922,SpecObj,SELECT,621.9911
30,Spectroscopic,1,923,SpecObj,SELECT,694.1626
30,Spectroscopic,1,924,SpecLine,SELECT,2721.7465
30,Spectroscopic,1,925,SpecLine,SELECT,75.4722
30,Spectroscopic,1,926,PlateX,SELECT,84.2297
30,Spectroscopic,1,927,SpecPhotoAll,SELECT,361.5409
30,Spectroscopic,1,928,SpecObj,SELECT,2464.72
30,Spectroscopic,1,929,SpecLine,SELECT,775.4849
31,Spectroscopic,1,930,SpecPhotoAll,SELECT,437.7815
31,Spectroscopic,1,931,SpecObj,SELECT,1067.1754
31,Spectroscopic,1,932,SpecObj,SELECT,267.5909
31,Spectroscopic,1,933,SpecPhotoAll,SELECT,699.0767
31,Spectroscopic,1,934,SpecObj,SELECT,821.6826
31,Spectroscopic,1,935,PlateX,SELECT,1290.1552
31,Spectroscopic,1,936,SpecObj,SELECT,184.9759
31,Spectroscopic,1,937,SpecObj,SELECT,407.5444
31,Spectroscopic,1,938,SpecObj,SELECT,224.9017
31,Spectroscopic,1,939,SpecPhotoAll,SELECT,438.5227
31,Spectroscopic,1,940,SpecObj,SELECT,435.8918
31,Spectroscopic,1,941,SpecPhotoAll,SELECT,149.9508
31,Spectroscopic,1,942,SpecObj,SELECT,462.1222
31,Spectroscopic,1,943,SpecObj,SELECT,2884.992
31,Spectroscopic,1,944,SpecObj,SELECT,624.2641
31,Spectroscopic,1,945,SpecObj,SELECT,126.6951
31,Spectroscopic,1,946,SpecPhotoAll,SELECT,175.7158
31,Spectroscopic,1,947,SpecObj,SELECT,389.4794
31,Spectroscopic,1,948,SpecPhotoAll,SELECT,179.0642
32,Spectroscopic,1,949,SpecLine,SELECT,740.7256
32,Spectroscopic,1,950,SpecObj,SELECT,1022.9108
32,Spectroscopic,1,951,SpecObj,SELECT,543.9166
32,Spectroscopic,1,952,SpecObj,SELECT,1070.7641
32,Spectroscopic,1,953,PlateX,SELECT,47.4862
32,Spectroscopic,1,954,SpecObj,SELECT,456.8635
32,Spectroscopic,1,955,SpecObj,SELECT,620.0807
32,Spectroscopic,1,956,SpecObj,SELECT,697.5726
32,Spectroscopic,1,957,SpecLine,SELECT,76.577
32,Spectroscopic,1,958,PlateX,SELECT,586.8277
32,Spectroscopic,1,959,SpecObj,SELECT,712.0494
32,Spectroscopic,1,960,SpecObj,SELECT,452.2252
32,Spectroscopic,1,961,PlateX,SELECT,127.7047
32,Spectroscopic,1,962,SpecObj,SELECT,246.6859
32,Spectroscopic,1,963,SpecObj,SELECT,1226.2581
32,Spectroscopic,1,964,SpecObj,SELECT,1090.5598
32,Spectroscopic,1,965,SpecObj,SELECT,609.5392
32,Spectroscopic,1,966,SpecLine,SELECT,755.7718
32,Spectroscopic,1,967,SpecObj,SELECT,966.7169
32,Spectroscopic,1,968,SpecObj,SELECT,603.0471
32,Spectroscopic,1,969,SpecObj,SELECT,1190.8597
32,Spectroscopic,1,970,SpecObj,SELECT,1151.0732
32,Spectroscopic,1,971,SpecObj,SELECT,4085.7709
32,Spectroscopic,1,972,SpecPhotoAll,SELECT,255.5299
32,Spectroscopic,1,973,SpecObj,SELECT,259.5113
32,Spectroscopic,1,974,SpecPhotoAll,SELECT,33.5686
32,Spectroscopic,1,975,SpecObj,SELECT,562.5175
32,Spectroscopic,1,976,SpecPhotoAll,SELECT,2302.7125
32,Spectroscopic,1,977,SpecObj,SELECT,1289.3921
32,Spectroscopic,1,978,SpecObj,SELECT,848.7516
32,Spectroscopic,1,979,SpecObj,SELECT,1382.856
32,Spectroscopic,1,980,PlateX,SELECT,630.4972
32,Spectroscopic,1,981,SpecLine,SELECT,311.2334
33,Spectroscopic,1,982,SpecLine,SELECT,469.9031
33,Spectroscopic,1,983,SpecLine,SELECT,179.1279
33,Spectroscopic,1,984,SpecObj,SELECT,510.1368
33,Spectroscopic,1,985,SpecObj,SELECT,259.2034
33,Spectroscopic,1,986,SpecLine,SELECT,4869.2359
33,Spectroscopic,1,987,SpecObj,SELECT,1037.4787
33,Spectroscopic,1,988,SpecObj,SELECT,1527.6959
33,Spectroscopic,1,989,SpecLine,SELECT,63.4794
33,Spectroscopic,1,990,SpecObj,SELECT,837.618
33,Spectroscopic,1,991,PlateX,SELECT,344.2164
33,Spectroscopic,1,992,SpecObj,SELECT,1559.0412
33,Spectroscopic,1,993,SpecLine,SELECT,725.1558
33,Spectroscopic,1,994,SpecLine,SELECT,390.1283
33,Spectroscopic,1,995,SpecPhotoAll,SELECT,138.8416
33,Spectroscopic,1,996,SpecObj,SELECT,461.7728
33,Spectroscopic,1,997,SpecObj,SELECT,1197.9153
33,Spectroscopic,1,998,SpecPhotoAll,SELECT,1657.3888
33,Spectroscopic,1,999,SpecPhotoAll,SELECT,293.8183
33,Spectroscopic,1,1000,SpecLine,SELECT,3939.1262
33,Spectroscopic,1,1001,SpecObj,SELECT,1104.8418
33,Spectroscopic,1,1002,SpecLine,SELECT,182.2028
33,Spectroscopic,1,1003,SpecPhotoAll,SELECT,149.8155
33,Spectroscopic,1,1004,SpecObj,SELECT,363.8348
33,Spectroscopic,1,1005,SpecObj,SELECT,293.1758
33,Spectroscopic,1,1006,SpecLine,SELECT,635.2383
33,Spectroscopic,1,1007,SpecLine,SELECT,419.2083
33,Spectroscopic,1,1008,SpecLine,SELECT,315.3447
33,Spectroscopic,1,1009,SpecLine,SELECT,101.5368
33,Spectroscopic,1,1010,SpecObj,SELECT,746.6781
34,Spectroscopic,1,1011,SpecLine,SELECT,271.0439
34,Spectroscopic,1,1012,SpecObj,SELECT,225.9271
34,Spectroscopic,1,1013,SpecLine,SELECT,270.0312
34,Spectroscopic,1,1014,SpecPhotoAll,SELECT,519.5982
34,Spectroscopic,1,1015,SpecPhotoAll,SELECT,185.0552
34,Spectroscopic,1,1016,SpecObj,SELECT,524.0881
34,Spectroscopic,1,1017,SpecLine,SELECT,47.7044
34,Spectroscopic,1,1018,SpecLine,SELECT,179.3016
34,Spectroscopic,1,1019,SpecLine,SELECT,87.1385
34,Spectroscopic,1,1020,SpecPhotoAll,SELECT,1095.5071
34,Spectroscopic,1,1021,SpecLine,SELECT,206.3379
34,Spectroscopic,1,1022,SpecObj,SELECT,702.4764
34,Spectroscopic,1,1023,SpecPhotoAll,SELECT,75.5599
34,Spectroscopic,1,1024,SpecLine,SELECT,1627.6646
34,Spectroscopic,1,1025,SpecObj,SELECT,441.7937
34,Spectroscopic,1,1026,SpecObj,SELECT,2687.0421
34,Spectroscopic,1,1027,PlateX,SELECT,397.3617
34,Spectroscopic,1,1028,SpecObj,SELECT,102.5162
34,Spectroscopic,1,1029,SpecObj,SELECT,161.3403
34,Spectroscopic,1,1030,SpecObj,SELECT,324.2915
34,Spectroscopic,1,1031,SpecPhotoAll,SELECT,166.5355
34,Spectroscopic,1,1032,SpecObj,SELECT,988.2991
34,Spectroscopic,1,1033,SpecPhotoAll,SELECT,429.7063
34,Spectroscopic,1,1034,SpecLine,SELECT,168.2655
34,Spectroscopic,1,1035,SpecObj,SELECT,843.3725
34,Spectroscopic,1,1036,SpecObj,SELECT,287.5815
34,Spectroscopic,1,1037,SpecLine,SELECT,805.9883
34,Spectroscopic,1,1038,SpecPhotoAll,SELECT,249.2413
34,Spectroscopic,1,1039,SpecObj,SELECT,656.5624
34,Spectroscopic,1,1040,PlateX,SELECT,278.8069
34,Spectroscopic,1,1041,SpecLine,SELECT,988.6544
34,Spectroscopic,1,1042,SpecObj,SELECT,76.8499
34,Spectroscopic,1,1043,SpecObj,SELECT,129.8693
34,Spectroscopic,1,1044,SpecPhotoAll,SELECT,351.0225
34,Spectroscopic,1,1045,SpecObj,SELECT,214.3308
34,Spectroscopic,1,1046,SpecObj,SELECT,271.3862
34,Spectroscopic,1,1047,SpecLine,SELECT,731.9797
34,Spectroscopic,1,1048,SpecLine,SELECT,266.4206
34,Spectroscopic,1,1049,SpecObj,SELECT,541.8406
34,Spectroscopic,1,1050,SpecPhotoAll,SELECT,178.2424
34,Spectroscopic,1,1051,SpecLine,SELECT,64.8153
34,Spectroscopic,1,1052,SpecLine,SELECT,801.0588
34,Spectroscopic,1,1053,SpecObj,SELECT,2069.1109
35,Spectroscopic,1,1054,SpecObj,SELECT,840.3214
35,Spectroscopic,1,1055,SpecObj,SELECT,803.8076
35,Spectroscopic,1,1056,SpecObj,SELECT,1076.6331
35,Spectroscopic,1,1057,SpecLine,SELECT,361.4503
35,Spectroscopic,1,1058,SpecPhotoAll,SELECT,246.3453
35,Spectroscopic,1,1059,SpecPhotoAll,SELECT,663.6594
35,Spectroscopic,1,1060,SpecObj,SELECT,1000.0462
35,Spectroscopic,1,1061,SpecObj,SELECT,1207.0718
35,Spectroscopic,1,1062,SpecPhotoAll,SELECT,1586.8884
35,Spectroscopic,1,1063,SpecLine,SELECT,911.1736
35,Spectroscopic,1,1064,SpecObj,SELECT,234.7885
35,Spectroscopic,1,1065,SpecObj,SELECT,490.0876
35,Spectroscopic,1,1066,PlateX,SELECT,450.9543
35,Spectroscopic,1,1067,SpecLine,SELECT,407.4363
35,Spectroscopic,1,1068,SpecPhotoAll,SELECT,664.9528
35,Spectroscopic,1,1069,SpecLine,SELECT,332.3804
35,Spectroscopic,1,1070,SpecPhotoAll,SELECT,332.8137
35,Spectroscopic,1,1071,SpecPhotoAll,SELECT,2216.6315
35,Spectroscopic,1,1072,SpecObj,SELECT,378.7924
35,Spectroscopic,1,1073,SpecLine,SELECT,1068.6129
35,Spectroscopic,1,1074,SpecObj,SELECT,1133.9142
35,Spectroscopic,1,1075,SpecObj,SELECT,502.8107
35,Spectroscopic,1,1076,SpecPhotoAll,SELECT,344.6498
35,Spectroscopic,1,1077,SpecObj,SELECT,184.3873
35,Spectroscopic,1,1078,SpecPhotoAll,SELECT,93.7159
35,Spectroscopic,1,1079,SpecObj,SELECT,712.026
35,Spectroscopic,1,1080,SpecPhotoAll,SELECT,582.2824
35,Spectroscopic,1,1081,SpecPhotoAll,SELECT,819.5328
35,Spectroscopic,1,1082,SpecPhotoAll,SELECT,260.2383
35,Spectroscopic,1,1083,SpecObj,SELECT,2486.3616
35,Spectroscopic,1,1084,SpecObj,SELECT,632.5816
36,Spectroscopic,1,1085,PlateX,SELECT,420.5033
36,Spectroscopic,1,1086,PlateX,SELECT,1833.7993
36,Spectroscopic,1,1087,PlateX,SELECT,172.8832
36,Spectroscopic,1,1088,SpecLine,SELECT,599.1815
36,Spectroscopic,1,1089,SpecObj,SELECT,615.4936
36,Spectroscopic,1,1090,SpecObj,SELECT,717.6217
36,Spectroscopic,1,1091,SpecLine,SELECT,475.6219
36,Spectroscopic,1,1092,SpecLine,SELECT,568.5813
36,Spectroscopic,1,1093,SpecLine,SELECT,169.4575
36,Spectroscopic,1,1094,SpecObj,SELECT,1387.2909
36,Spectroscopic,1,1095,SpecObj,SELECT,964.1038
36,Spectroscopic,1,1096,PlateX,SELECT,547.7548
36,Spectroscopic,1,1097,PlateX,SELECT,987.2422
36,Spectroscopic,1,1098,PlateX,SELECT,1435.3239
36,Spectroscopic,1,1099,PlateX,SELECT,707.52
36,Spectroscopic,1,1100,PlateX,SELECT,2815.2127
36,Spectroscopic,1,1101,SpecLine,SELECT,766.395
36,Spectroscopic,1,1102,PlateX,SELECT,192.3984
36,Spectroscopic,1,1103,PlateX,SELECT,522.279
36,Spectroscopic,1,1104,SpecLine,SELECT,1027.0654
36,Spectroscopic,1,1105,SpecObj,SELECT,1436.8167
36,Spectroscopic,1,1106,SpecLine,SELECT,485.0423
36,Spectroscopic,1,1107,SpecObj,SELECT,179.8739
36,Spectroscopic,1,1108,PlateX,SELECT,338.0357
36,Spectroscopic,1,1109,SpecObj,SELECT,121.7793
36,Spectroscopic,1,1110,SpecLine,SELECT,846.702
36,Spectroscopic,1,1111,SpecLine,SELECT,283.4389
37,Spectroscopic,1,1112,SpecLine,SELECT,350.8575
37,Spectroscopic,1,1113,PlateX,SELECT,1509.5736
37,Spectroscopic,1,1114,SpecPhotoAll,SELECT,388.3122
37,Spectroscopic,1,1115,SpecLine,SELECT,166.0658
37,Spectroscopic,1,1116,SpecObj,SELECT,405.3661
37,Spectroscopic,1,1117,PlateX,SELECT,1195.9337
37,Spectroscopic,1,1118,SpecObj,SELECT,332.7669
37,Spectroscopic,1,1119,PlateX,SELECT,238.2523
37,Spectroscopic,1,1120,SpecLine,SELECT,372.7411
37,Spectroscopic,1,1121,PlateX,SELECT,170.519
37,Spectroscopic,1,1122,SpecObj,SELECT,350.4509
37,Spectroscopic,1,1123,SpecObj,SELECT,254.0999
37,Spectroscopic,1,1124,SpecPhotoAll,SELECT,3475.206
37,Spectroscopic,1,1125,SpecObj,SELECT,73.1101
37,Spectroscopic,1,1126,PlateX,SELECT,191.6885
37,Spectroscopic,1,1127,SpecLine,SELECT,238.0959
37,Spectroscopic,1,1128,SpecObj,SELECT,171.4887
37,Spectroscopic,1,1129,SpecLine,SELECT,604.7613
37,Spectroscopic,1,1130,SpecObj,SELECT,214.8466
37,Spectroscopic,1,1131,SpecObj,SELECT,111.5046
37,Spectroscopic,1,1132,PlateX,SELECT,448.9524
37,Spectroscopic,1,1133,SpecObj,SELECT,316.006
37,Spectroscopic,1,1134,SpecObj,SELECT,223.5938
37,Spectroscopic,1,1135,SpecLine,SELECT,1469.0634
37,Spectroscopic,1,1136,SpecObj,SELECT,624.3296
37,Spectroscopic,1,1137,SpecObj,SELECT,560.5613
37,Spectroscopic,1,1138,SpecPhotoAll,SELECT,637.6526
37,Spectroscopic,1,1139,SpecObj,SELECT,607.0408
37,Spectroscopic,1,1140,SpecObj,SELECT,330.4857
38,Spectroscopic,1,1141,PlateX,SELECT,290.2826
38,Spectroscopic,1,1142,PlateX,SELECT,952.3318
38,Spectroscopic,1,1143,SpecPhotoAll,SELECT,459.9268
38,Spectroscopic,1,1144,SpecPhotoAll,SELECT,185.7155
38,Spectroscopic,1,1145,SpecObj,SELECT,148.2886
38,Spectroscopic,1,1146,SpecObj,SELECT,1173.2445
38,Spectroscopic,1,1147,SpecPhotoAll,SELECT,344.2638
38,Spectroscopic,1,1148,PlateX,SELECT,30.7114
38,Spectroscopic,1,1149,SpecObj,SELECT,364.3013
38,Spectroscopic,1,1150,PlateX,SELECT,761.9487
38,Spectroscopic,1,1151,PlateX,SELECT,144.5772
38,Spectroscopic,1,1152,SpecPhotoAll,SELECT,428.7182
38,Spectroscopic,1,1153,SpecPhotoAll,SELECT,466.719
38,Spectroscopic,1,1154,SpecObj,SELECT,151.8008
38,Spectroscopic,1,1155,SpecPhotoAll,SELECT,1288.117
38,Spectroscopic,1,1156,SpecLine,SELECT,474.2251
38,Spectroscopic,1,1157,SpecPhotoAll,SELECT,288.9809
38,Spectroscopic,1,1158,PlateX,SELECT,346.3343
38,Spectroscopic,1,1159,PlateX,SELECT,129.2841
38,Spectroscopic,1,1160,SpecPhotoAll,SELECT,124.9931
38,Spectroscopic,1,1161,PlateX,SELECT,266.1059
38,Spectroscopic,1,1162,SpecPhotoAll,SELECT,280.7586
38,Spectroscopic,1,1163,SpecPhotoAll,SELECT,326.4786
38,Spectroscopic,1,1164,PlateX,SELECT,1412.1432
38,Spectroscopic,1,1165,SpecObj,SELECT,722.5717
38,Spectroscopic,1,1166,SpecObj,SELECT,81.5543
38,Spectroscopic,1,1167,SpecPhotoAll,SELECT,1146.0581
38,Spectroscopic,1,1168,SpecObj,SELECT,264.3096
39,Spectroscopic,1,1169,SpecObj,SELECT,215.9358
39,Spectroscopic,1,1170,PlateX,SELECT,249.5932
39,Spectroscopic,1,1171,SpecObj,SELECT,247.6946
39,Spectroscopic,1,1172,SpecLine,SELECT,78.3186
39,Spectroscopic,1,1173,SpecObj,SELECT,848.2219
39,Spectroscopic,1,1174,SpecObj,SELECT,963.8665
39,Spectroscopic,1,1175,SpecLine,SELECT,323.7929
39,Spectroscopic,1,1176,SpecLine,SELECT,274.5661
39,Spectroscopic,1,1177,SpecObj,SELECT,665.3551
39,Spectroscopic,1,1178,SpecLine,SELECT,613.357
39,Spectroscopic,1,1179,SpecObj,SELECT,1562.5214
39,Spectroscopic,1,1180,SpecObj,SELECT,633.3207
39,Spectroscopic,1,1181,SpecObj,SELECT,570.3737
39,Spectroscopic,1,1182,SpecLine,SELECT,407.37
39,Spectroscopic,1,1183,SpecObj,SELECT,240.0798
39,Spectroscopic,1,1184,SpecLine,SELECT,1527.8722
39,Spectroscopic,1,1185,SpecLine,SELECT,198.8963
39,Spectroscopic,1,1186,SpecLine,SELECT,1086.0837
39,Spectroscopic,1,1187,SpecLine,SELECT,240.9126
39,Spectroscopic,1,1188,SpecObj,SELECT,319.9712
39,Spectroscopic,1,1189,SpecObj,SELECT,226.0588
39,Spectroscopic,1,1190,SpecObj,SELECT,965.6718
39,Spectroscopic,1,1191,SpecObj,SELECT,166.7142
39,Spectroscopic,1,1192,SpecPhotoAll,SELECT,444.8922
39,Spectroscopic,1,1193,SpecLine,SELECT,71.9514
39,Spectroscopic,1,1194,SpecObj,SELECT,116.9283
39,Spectroscopic,1,1195,SpecObj,SELECT,290.6194
39,Spectroscopic,1,1196,SpecObj,SELECT,249.5311
39,Spectroscopic,1,1197,SpecObj,SELECT,249.2035
39,Spectroscopic,1,1198,SpecObj,SELECT,813.9367
39,Spectroscopic,1,1199,SpecObj,SELECT,861.6567
39,Spectroscopic,1,1200,SpecObj,SELECT,527.9631
39,Spectroscopic,1,1201,SpecPhotoAll,SELECT,159.4799
40,CrossMatch,2,1202,Match,SELECT,2384.6479
40,CrossMatch,2,1203,Zone,SELECT,1979.2622
40,CrossMatch,2,1204,fGetNearbyObj,SELECT,6736.374
40,CrossMatch,2,1205,Neighbors,SELECT,4351.0657
40,CrossMatch,2,1206,Neighbors,SELECT,515.7822
40,CrossMatch,2,1207,Neighbors,SELECT,858.3521
40,CrossMatch,2,1208,fGetNearbyObj,SELECT,5832.3825
40,CrossMatch,2,1209,Neighbors,SELECT,10067.8537
40,CrossMatch,2,1210,Match,SELECT,2421.3456
40,CrossMatch,2,1211,fGetNearbyObj,SELECT,11973.5099
40,CrossMatch,2,1212,Neighbors,SELECT,2103.5848
40,CrossMatch,2,1213,fGetNearbyObj,SELECT,621.5719
40,CrossMatch,2,1214,Neighbors,SELECT,3863.9374
40,CrossMatch,2,1215,Neighbors,SELECT,71071.2003
40,CrossMatch,2,1216,fGetNearbyObj,SELECT,399.8706
40,CrossMatch,2,1217,Neighbors,SELECT,11329.6241
40,CrossMatch,2,1218,Match,SELECT,3592.8136
40,CrossMatch,2,1219,Neighbors,SELECT,801.9018
40,CrossMatch,2,1220,Neighbors,SELECT,186.0369
40,CrossMatch,2,1221,Neighbors,SELECT,122.5608
40,CrossMatch,2,1222,Neighbors,SELECT,948.9608
40,CrossMatch,2,1223,Neighbors,SELECT,2909.3652
40,CrossMatch,2,1224,Neighbors,SELECT,5284.6332
41,CrossMatch,2,1225,Match,SELECT,815.8182
41,CrossMatch,2,1226,Match,SELECT,423.0632
41,CrossMatch,2,1227,Neighbors,SELECT,1986.9204
41,CrossMatch,2,1228,Neighbors,SELECT,4770.7428
41,CrossMatch,2,1229,Neighbors,SELECT,334.3536
41,CrossMatch,2,1230,Neighbors,SELECT,949.071
41,CrossMatch,2,1231,fGetNearbyObj,SELECT,1899.6331
41,CrossMatch,2,1232,Match,SELECT,1852.0432
41,CrossMatch,2,1233,fGetNearbyObj,SELECT,3472.5775
41,CrossMatch,2,1234,fGetNearbyObj,SELECT,17422.3434
41,CrossMatch,2,1235,fGetNearbyObj,SELECT,123.7121
41,CrossMatch,2,1236,Neighbors,SELECT,18648.4321
41,CrossMatch,2,1237,Neighbors,SELECT,16271.0893
41,CrossMatch,2,1238,Neighbors,SELECT,5402.3152
41,CrossMatch,2,1239,Neighbors,SELECT,2366.4525
41,CrossMatch,2,1240,Neighbors,SELECT,834.3501
41,CrossMatch,2,1241,fGetNearbyObj,SELECT,5314.8833
41,CrossMatch,2,1242,Neighbors,SELECT,2520.4272
41,CrossMatch,2,1243,Neighbors,SELECT,1243.9321
41,CrossMatch,2,1244,Neighbors,SELECT,5133.8488
41,CrossMatch,2,1245,Neighbors,SELECT,6423.1421
41,CrossMatch,2,1246,Neighbors,SELECT,67.5292
41,CrossMatch,2,1247,fGetNearbyObj,SELECT,9956.2161
41,CrossMatch,2,1248,fGetNearbyObj,SELECT,734.4563
41,CrossMatch,2,1249,Neighbors,SELECT,8251.8437
41,CrossMatch,2,1250,fGetNearbyObj,SELECT,1271.4539
41,CrossMatch,2,1251,fGetNearbyObj,SELECT,2374.6263
41,CrossMatch,2,1252,fGetNearbyObj,SELECT,3001.7806
41,CrossMatch,2,1253,fGetNearbyObj,SELECT,7354.9154
41,CrossMatch,2,1254,Neighbors,SELECT,4473.088
41,CrossMatch,2,1255,Neighbors,SELECT,1219.5741
41,CrossMatch,2,1256,fGetNearbyObj,SELECT,140.639
41,CrossMatch,2,1257,Neighbors,SELECT,3420.2464
41,CrossMatch,2,1258,Neighbors,SELECT,2255.7551
41,CrossMatch,2,1259,fGetNearbyObj,SELECT,394.2923
41,CrossMatch,2,1260,Neighbors,SELECT,2605.3508
41,CrossMatch,2,1261,Neighbors,SELECT,1870.5581
42,CrossMatch,2,1262,Zone,SELECT,705.488
42,CrossMatch,2,1263,fGetNearbyObj,SELECT,869.4679
42,CrossMatch,2,1264,Neighbors,SELECT,1623.4732
42,CrossMatch,2,1265,Neighbors,SELECT,1429.7476
42,CrossMatch,2,1266,fGetNearbyObj,SELECT,370.3184
42,CrossMatch,2,1267,fGetNearbyObj,SELECT,9964.1618
42,CrossMatch,2,1268,Neighbors,SELECT,12127.1813
42,CrossMatch,2,1269,Neighbors,SELECT,9513.4744
42,CrossMatch,2,1270,Neighbors,SELECT,12744.838
42,CrossMatch,2,1271,Match,SELECT,31833.2701
42,CrossMatch,2,1272,Neighbors,SELECT,720.7165
42,CrossMatch,2,1273,Neighbors,SELECT,29650.3618
42,CrossMatch,2,1274,Neighbors,SELECT,1210.8225
42,CrossMatch,2,1275,Zone,SELECT,4126.6888
42,CrossMatch,2,1276,fGetNearbyObj,SELECT,282.1956
42,CrossMatch,2,1277,Match,SELECT,1037.9204
42,CrossMatch,2,1278,fGetNearbyObj,SELECT,6453.5952
42,CrossMatch,2,1279,Neighbors,SELECT,4392.0767
42,CrossMatch,2,1280,Neighbors,SELECT,1183.3534
42,CrossMatch,2,1281,fGetNearbyObj,SELECT,2084.7349
42,CrossMatch,2,1282,Neighbors,SELECT,915.9341
42,CrossMatch,2,1283,Neighbors,SELECT,6429.3397
42,CrossMatch,2,1284,Match,SELECT,155.4503
42,CrossMatch,2,1285,Zone,SELECT,10954.2527
42,CrossMatch,2,1286,Neighbors,SELECT,724.4153
42,CrossMatch,2,1287,Neighbors,SELECT,1836.9907
42,CrossMatch,2,1288,Zone,SELECT,354.2787
42,CrossMatch,2,1289,Zone,SELECT,2508.7676
42,CrossMatch,2,1290,fGetNearbyObj,SELECT,3591.1617
42,CrossMatch,2,1291,Neighbors,SELECT,2775.4118
42,CrossMatch,2,1292,Neighbors,SELECT,3242.767
42,CrossMatch,2,1293,Neighbors,SELECT,1611.5306
42,CrossMatch,2,1294,fGetNearbyObj,SELECT,1658.3886
43,CrossMatch,2,1295,Neighbors,SELECT,589.2869
43,CrossMatch,2,1296,fGetNearbyObj,SELECT,1650.8973
43,CrossMatch,2,1297,Match,SELECT,461.2812
43,CrossMatch,2,1298,fGetNearbyObj,SELECT,1023.0918
43,CrossMatch,2,1299,Neighbors,SELECT,1237.7526
43,CrossMatch,2,1300,Match,SELECT,2296.3717
43,CrossMatch,2,1301,Match,SELECT,2218.5516
43,CrossMatch,2,1302,Match,SELECT,1817.0316
43,CrossMatch,2,1303,fGetNearbyObj,SELECT,3048.1946
43,CrossMatch,2,1304,Zone,SELECT,655.6423
43,CrossMatch,2,1305,Match,SELECT,2319.9495
43,CrossMatch,2,1306,Match,SELECT,4558.9086
43,CrossMatch,2,1307,Match,SELECT,646.3805
43,CrossMatch,2,1308,Neighbors,SELECT,228.0523
43,CrossMatch,2,1309,fGetNearbyObj,SELECT,6359.0578
43,CrossMatch,2,1310,Neighbors,SELECT,477.9167
43,CrossMatch,2,1311,Neighbors,SELECT,965.9432
43,CrossMatch,2,1312,Match,SELECT,4390.4685
43,CrossMatch,2,1313,Zone,SELECT,610.0627
43,CrossMatch,2,1314,Neighbors,SELECT,5786.5512
43,CrossMatch,2,1315,fGetNearbyObj,SELECT,813.972
43,CrossMatch,2,1316,Neighbors,SELECT,705.5864
43,CrossMatch,2,1317,Neighbors,SELECT,463.8099
43,CrossMatch,2,1318,Zone,SELECT,822.3916
43,CrossMatch,2,1319,Match,SELECT,3676.0161
43,CrossMatch,2,1320,Match,SELECT,966.1449
43,CrossMatch,2,1321,Match,SELECT,6394.3707
43,CrossMatch,2,1322,Neighbors,SELECT,1907.5785
43,CrossMatch,2,1323,Match,SELECT,2117.853
44,CrossMatch,2,1324,fGetNearbyObj,SELECT,2258.861
44,CrossMatch,2,1325,fGetNearbyObj,SELECT,3481.9028
44,CrossMatch,2,1326,Neighbors,SELECT,3526.0728
44,CrossMatch,2,1327,fGetNearbyObj,SELECT,2967.4838
44,CrossMatch,2,1328,Match,SELECT,2817.618
44,CrossMatch,2,1329,Match,SELECT,809.4721
44,CrossMatch,2,1330,Neighbors,SELECT,855.4922
44,CrossMatch,2,1331,Neighbors,SELECT,468.7571
44,CrossMatch,2,1332,fGetNearbyObj,SELECT,6495.2227
44,CrossMatch,2,1333,fGetNearbyObj,SELECT,19276.3675
44,CrossMatch,2,1334,Neighbors,SELECT,68741.9487
44,CrossMatch,2,1335,Neighbors,SELECT,2455.8594
44,CrossMatch,2,1336,fGetNearbyObj,SELECT,2826.4892
44,CrossMatch,2,1337,Match,SELECT,1577.0327
44,CrossMatch,2,1338,fGetNearbyObj,SELECT,2409.0292
44,CrossMatch,2,1339,Match,SELECT,607.4092
44,CrossMatch,2,1340,Neighbors,SELECT,1539.4298
44,CrossMatch,2,1341,fGetNearbyObj,SELECT,712.1088
44,CrossMatch,2,1342,Neighbors,SELECT,1317.9428
44,CrossMatch,2,1343,Neighbors,SELECT,782.2186
44,CrossMatch,2,1344,Neighbors,SELECT,3484.2233
44,CrossMatch,2,1345,Neighbors,SELECT,4072.1951
44,CrossMatch,2,1346,fGetNearbyObj,SELECT,2720.3846
44,CrossMatch,2,1347,fGetNearbyObj,SELECT,859.5667
44,CrossMatch,2,1348,Neighbors,SELECT,434.3859
44,CrossMatch,2,1349,fGetNearbyObj,SELECT,4131.2448
44,CrossMatch,2,1350,Match,SELECT,1895.382
44,CrossMatch,2,1351,fGetNearbyObj,SELECT,218.4272
44,CrossMatch,2,1352,fGetNearbyObj,SELECT,2236.2235
44,CrossMatch,2,1353,fGetNearbyObj,SELECT,2852.7193
45,CrossMatch,2,1354,Neighbors,SELECT,674.3826
45,CrossMatch,2,1355,fGetNearbyObj,SELECT,438.468
45,CrossMatch,2,1356,Neighbors,SELECT,6439.8684
45,CrossMatch,2,1357,fGetNearbyObj,SELECT,1411.2979
45,CrossMatch,2,1358,fGetNearbyObj,SELECT,1094.5274
45,CrossMatch,2,1359,fGetNearbyObj,SELECT,7304.1282
45,CrossMatch,2,1360,fGetNearbyObj,SELECT,6804.8715
45,CrossMatch,2,1361,Neighbors,SELECT,1198.2128
45,CrossMatch,2,1362,Neighbors,SELECT,2655.9015
45,CrossMatch,2,1363,Neighbors,SELECT,936.3463
45,CrossMatch,2,1364,fGetNearbyObj,SELECT,1679.3821
45,CrossMatch,2,1365,fGetNearbyObj,SELECT,528.3637
45,CrossMatch,2,1366,fGetNearbyObj,SELECT,3164.007
45,CrossMatch,2,1367,fGetNearbyObj,SELECT,7707.2397
45,CrossMatch,2,1368,fGetNearbyObj,SELECT,6016.1378
45,CrossMatch,2,1369,Zone,SELECT,2003.0888
45,CrossMatch,2,1370,fGetNearbyObj,SELECT,197.7603
45,CrossMatch,2,1371,Neighbors,SELECT,888.5807
45,CrossMatch,2,1372,fGetNearbyObj,SELECT,1676.9031
45,CrossMatch,2,1373,Zone,SELECT,380.844
45,CrossMatch,2,1374,Neighbors,SELECT,316.2999
45,CrossMatch,2,1375,Neighbors,SELECT,11068.3484
45,CrossMatch,2,1376,Neighbors,SELECT,5134.3751
45,CrossMatch,2,1377,Zone,SELECT,3480.574
45,CrossMatch,2,1378,fGetNearbyObj,SELECT,4400.7846
45,CrossMatch,2,1379,Neighbors,SELECT,453.9957
45,CrossMatch,2,1380,Neighbors,SELECT,649.8673
45,CrossMatch,2,1381,fGetNearbyObj,SELECT,2464.8727
45,CrossMatch,2,1382,fGetNearbyObj,SELECT,2709.0357
45,CrossMatch,2,1383,fGetNearbyObj,SELECT,357.8662
45,CrossMatch,2,1384,Match,SELECT,2259.732
45,CrossMatch,2,1385,Match,SELECT,1713.5465
45,CrossMatch,2,1386,Neighbors,SELECT,5763.8194
45,CrossMatch,2,1387,Neighbors,SELECT,2725.4917
45,CrossMatch,2,1388,Neighbors,SELECT,13005.9478
46,CrossMatch,2,1389,fGetNearbyObj,SELECT,677.0891
46,CrossMatch,2,1390,fGetNearbyObj,SELECT,1222.322
46,CrossMatch,2,1391,Neighbors,SELECT,1149.829
46,CrossMatch,2,1392,Neighbors,SELECT,464.8042
46,CrossMatch,2,1393,Neighbors,SELECT,143.7476
46,CrossMatch,2,1394,Neighbors,SELECT,1119.1625
46,CrossMatch,2,1395,fGetNearbyObj,SELECT,4547.4618
46,CrossMatch,2,1396,fGetNearbyObj,SELECT,8650.8809
46,CrossMatch,2,1397,Neighbors,SELECT,6068.8218
46,CrossMatch,2,1398,fGetNearbyObj,SELECT,6554.515
46,CrossMatch,2,1399,Neighbors,SELECT,526.2597
46,CrossMatch,2,1400,fGetNearbyObj,SELECT,2522.0139
46,CrossMatch,2,1401,Neighbors,SELECT,3514.8222
46,CrossMatch,2,1402,Neighbors,SELECT,3806.4294
46,CrossMatch,2,1403,Neighbors,SELECT,1680.5768
46,CrossMatch,2,1404,Neighbors,SELECT,2168.6258
46,CrossMatch,2,1405,Match,SELECT,21464.5708
46,CrossMatch,2,1406,Match,SELECT,5832.4238
46,CrossMatch,2,1407,fGetNearbyObj,SELECT,3358.1657
46,CrossMatch,2,1408,fGetNearbyObj,SELECT,4208.317
46,CrossMatch,2,1409,fGetNearbyObj,SELECT,1061.3724
46,CrossMatch,2,1410,Match,SELECT,3932.9174
46,CrossMatch,2,1411,Neighbors,SELECT,2134.2447
46,CrossMatch,2,1412,fGetNearbyObj,SELECT,5093.8076
46,CrossMatch,2,1413,Neighbors,SELECT,809.1675
46,CrossMatch,2,1414,Match,SELECT,4576.4068
46,CrossMatch,2,1415,Neighbors,SELECT,1241.6734
47,CrossMatch,2,1416,Neighbors,SELECT,1122.1705
47,CrossMatch,2,1417,Neighbors,SELECT,1289.9465
47,CrossMatch,2,1418,Neighbors,SELECT,3247.334
47,CrossMatch,2,1419,Neighbors,SELECT,256.3002
47,CrossMatch,2,1420,fGetNearbyObj,SELECT,4523.0295
47,CrossMatch,2,1421,fGetNearbyObj,SELECT,4621.8664
47,CrossMatch,2,1422,Neighbors,SELECT,1368.0742
47,CrossMatch,2,1423,Neighbors,SELECT,2237.4886
47,CrossMatch,2,1424,Neighbors,SELECT,601.569
47,CrossMatch,2,1425,fGetNearbyObj,SELECT,2994.0654
47,CrossMatch,2,1426,fGetNearbyObj,SELECT,687.5525
47,CrossMatch,2,1427,fGetNearbyObj,SELECT,70.4863
47,CrossMatch,2,1428,Neighbors,SELECT,8199.4295
47,CrossMatch,2,1429,fGetNearbyObj,SELECT,531.9229
47,CrossMatch,2,1430,Neighbors,SELECT,1690.6452
47,CrossMatch,2,1431,fGetNearbyObj,SELECT,2341.6464
47,CrossMatch,2,1432,Neighbors,SELECT,3238.3744
47,CrossMatch,2,1433,Neighbors,SELECT,1874.3324
47,CrossMatch,2,1434,Neighbors,SELECT,2601.1847
47,CrossMatch,2,1435,fGetNearbyObj,SELECT,1331.156
47,CrossMatch,2,1436,fGetNearbyObj,SELECT,307.1544
47,CrossMatch,2,1437,fGetNearbyObj,SELECT,1790.1669
47,CrossMatch,2,1438,Neighbors,SELECT,3828.5994
47,CrossMatch,2,1439,fGetNearbyObj,SELECT,567.9224
47,CrossMatch,2,1440,fGetNearbyObj,SELECT,2370.9163
47,CrossMatch,2,1441,fGetNearbyObj,SELECT,17223.9297
47,CrossMatch,2,1442,fGetNearbyObj,SELECT,1655.4458
47,CrossMatch,2,1443,Neighbors,SELECT,1757.9303
47,CrossMatch,2,1444,fGetNearbyObj,SELECT,281.7137
47,CrossMatch,2,1445,Neighbors,SELECT,498.4768
47,CrossMatch,2,1446,Match,SELECT,695.8857
47,CrossMatch,2,1447,Neighbors,SELECT,3642.931
48,CrossMatch,2,1448,Match,SELECT,4236.93
48,CrossMatch,2,1449,Match,SELECT,1164.4176
48,CrossMatch,2,1450,Match,SELECT,3268.6044
48,CrossMatch,2,1451,fGetNearbyObj,SELECT,282.9221
48,CrossMatch,2,1452,Neighbors,SELECT,129.7721
48,CrossMatch,2,1453,Match,SELECT,2111.7905
48,CrossMatch,2,1454,Match,SELECT,479.6218
48,CrossMatch,2,1455,Match,SELECT,2075.9157
48,CrossMatch,2,1456,Match,SELECT,2130.0969
48,CrossMatch,2,1457,Match,SELECT,1825.4701
48,CrossMatch,2,1458,Match,SELECT,6484.53
48,CrossMatch,2,1459,Match,SELECT,52962.3702
48,CrossMatch,2,1460,Match,SELECT,2855.4796
48,CrossMatch,2,1461,Neighbors,SELECT,17198.2647
48,CrossMatch,2,1462,Match,SELECT,263.4682
48,CrossMatch,2,1463,Zone,SELECT,1201.0172
48,CrossMatch,2,1464,Match,SELECT,389.5122
48,CrossMatch,2,1465,Neighbors,SELECT,827.4518
48,CrossMatch,2,1466,Match,SELECT,1285.7291
48,CrossMatch,2,1467,Zone,SELECT,19510.5839
48,CrossMatch,2,1468,fGetNearbyObj,SELECT,1952.3192
48,CrossMatch,2,1469,fGetNearbyObj,SELECT,6817.2235
48,CrossMatch,2,1470,Neighbors,SELECT,1090.504
48,CrossMatch,2,1471,fGetNearbyObj,SELECT,947.7029
48,CrossMatch,2,1472,Neighbors,SELECT,271.0835
48,CrossMatch,2,1473,Neighbors,SELECT,18565.1292
48,CrossMatch,2,1474,Match,SELECT,10447.9284
48,CrossMatch,2,1475,Match,SELECT,2400.8765
49,CrossMatch,2,1476,Neighbors,SELECT,283.0547
49,CrossMatch,2,1477,Neighbors,SELECT,6731.9955
49,CrossMatch,2,1478,Zone,SELECT,375.8108
49,CrossMatch,2,1479,Zone,SELECT,139.073
49,CrossMatch,2,1480,Neighbors,SELECT,7083.675
49,CrossMatch,2,1481,Neighbors,SELECT,993.5406
49,CrossMatch,2,1482,Neighbors,SELECT,5823.7646
49,CrossMatch,2,1483,Zone,SELECT,5162.679
49,CrossMatch,2,1484,Neighbors,SELECT,4356.7876
49,CrossMatch,2,1485,Neighbors,SELECT,2013.0591
49,CrossMatch,2,1486,Neighbors,SELECT,422.0645
49,CrossMatch,2,1487,Neighbors,SELECT,1288.9492
49,CrossMatch,2,1488,Neighbors,SELECT,10188.0946
49,CrossMatch,2,1489,Neighbors,SELECT,6028.006
49,CrossMatch,2,1490,Neighbors,SELECT,1369.5861
49,CrossMatch,2,1491,Zone,SELECT,1349.8738
49,CrossMatch,2,1492,Match,SELECT,3877.7564
49,CrossMatch,2,1493,Zone,SELECT,2194.7635
49,CrossMatch,2,1494,Neighbors,SELECT,1454.6531
49,CrossMatch,2,1495,Neighbors,SELECT,3480.9294
49,CrossMatch,2,1496,Neighbors,SELECT,3337.0736
49,CrossMatch,2,1497,Neighbors,SELECT,853.4194
49,CrossMatch,2,1498,Zone,SELECT,2774.1718
49,CrossMatch,2,1499,Neighbors,SELECT,3089.465
49,CrossMatch,2,1500,Neighbors,SELECT,1835.5404
49,CrossMatch,2,1501,Neighbors,SELECT,755.333
49,CrossMatch,2,1502,Neighbors,SELECT,1242.9939
50,CrossMatch,2,1503,Neighbors,SELECT,3182.7489
50,CrossMatch,2,1504,Zone,SELECT,5569.3159
50,CrossMatch,2,1505,Neighbors,SELECT,5093.4513
50,CrossMatch,2,1506,Match,SELECT,2236.0344
50,CrossMatch,2,1507,Neighbors,SELECT,1502.9123
50,CrossMatch,2,1508,Neighbors,SELECT,1313.3331
50,CrossMatch,2,1509,Neighbors,SELECT,12413.9989
50,CrossMatch,2,1510,Zone,SELECT,725.5734
50,CrossMatch,2,1511,Neighbors,SELECT,741.5817
50,CrossMatch,2,1512,Neighbors,SELECT,6251.4663
50,CrossMatch,2,1513,Neighbors,SELECT,5498.4807
50,CrossMatch,2,1514,Neighbors,SELECT,1402.6858
50,CrossMatch,2,1515,Neighbors,SELECT,3631.6362
50,CrossMatch,2,1516,Neighbors,SELECT,4278.1277
50,CrossMatch,2,1517,fGetNearbyObj,SELECT,400.5082
50,CrossMatch,2,1518,Neighbors,SELECT,9485.6444
50,CrossMatch,2,1519,Match,SELECT,4276.1919
50,CrossMatch,2,1520,Neighbors,SELECT,3257.5423
50,CrossMatch,2,1521,Neighbors,SELECT,4319.3041
50,CrossMatch,2,1522,Neighbors,SELECT,2795.9178
50,CrossMatch,2,1523,Neighbors,SELECT,1712.9797
50,CrossMatch,2,1524,Neighbors,SELECT,185.3929
50,CrossMatch,2,1525,Zone,SELECT,2260.3239
50,CrossMatch,2,1526,Neighbors,SELECT,363.1978
50,CrossMatch,2,1527,Neighbors,SELECT,21278.5353
50,CrossMatch,2,1528,Neighbors,SELECT,1679.0805
51,CrossMatch,2,1529,Neighbors,SELECT,36000.4472
51,CrossMatch,2,1530,Neighbors,SELECT,911.0856
51,CrossMatch,2,1531,fGetNearbyObj,SELECT,9655.7598
51,CrossMatch,2,1532,Neighbors,SELECT,32904.5638
51,CrossMatch,2,1533,Zone,SELECT,10402.5367
51,CrossMatch,2,1534,fGetNearbyObj,SELECT,4756.7515
51,CrossMatch,2,1535,Match,SELECT,10526.995
51,CrossMatch,2,1536,fGetNearbyObj,SELECT,1725.5618
51,CrossMatch,2,1537,fGetNearbyObj,SELECT,721.5529
51,CrossMatch,2,1538,Neighbors,SELECT,1036.7711
51,CrossMatch,2,1539,fGetNearbyObj,SELECT,2120.3924
51,CrossMatch,2,1540,Neighbors,SELECT,5085.3045
51,CrossMatch,2,1541,Match,SELECT,779.2929
51,CrossMatch,2,1542,Neighbors,SELECT,1314.6838
51,CrossMatch,2,1543,Match,SELECT,851.4215
51,CrossMatch,2,1544,Match,SELECT,6390.002
51,CrossMatch,2,1545,Match,SELECT,20466.2147
51,CrossMatch,2,1546,Match,SELECT,595.0862
51,CrossMatch,2,1547,Match,SELECT,3854.3598
51,CrossMatch,2,1548,Match,SELECT,7545.607
51,CrossMatch,2,1549,fGetNearbyObj,SELECT,1551.9943
51,CrossMatch,2,1550,fGetNearbyObj,SELECT,384.1773
51,CrossMatch,2,1551,fGetNearbyObj,SELECT,8988.0873
51,CrossMatch,2,1552,Match,SELECT,359.5044
51,CrossMatch,2,1553,Neighbors,SELECT,13329.4516
51,CrossMatch,2,1554,Match,SELECT,831.3973
51,CrossMatch,2,1555,Zone,SELECT,307.1176
51,CrossMatch,2,1556,fGetNearbyObj,SELECT,1128.1523
51,CrossMatch,2,1557,Zone,SELECT,1923.6545
51,CrossMatch,2,1558,Match,SELECT,2460.2873
51,CrossMatch,2,1559,fGetNearbyObj,SELECT,4285.1535
52,CrossMatch,2,1560,Match,SELECT,482.6644
52,CrossMatch,2,1561,fGetNearbyObj,SELECT,2130.7898
52,CrossMatch,2,1562,Neighbors,SELECT,3401.724
52,CrossMatch,2,1563,Neighbors,SELECT,177.8416
52,CrossMatch,2,1564,fGetNearbyObj,SELECT,19307.0525
52,CrossMatch,2,1565,Neighbors,SELECT,3763.1409
52,CrossMatch,2,1566,Match,SELECT,1989.4376
52,CrossMatch,2,1567,fGetNearbyObj,SELECT,3546.9714
52,CrossMatch,2,1568,fGetNearbyObj,SELECT,1055.7981
52,CrossMatch,2,1569,Zone,SELECT,2493.2168
52,CrossMatch,2,1570,Match,SELECT,3019.8947
52,CrossMatch,2,1571,fGetNearbyObj,SELECT,9138.0662
52,CrossMatch,2,1572,Neighbors,SELECT,1631.5263
52,CrossMatch,2,1573,Zone,SELECT,369.9087
52,CrossMatch,2,1574,Match,SELECT,700.8492
52,CrossMatch,2,1575,Neighbors,SELECT,1482.1061
52,CrossMatch,2,1576,Zone,SELECT,414.8336
52,CrossMatch,2,1577,Neighbors,SELECT,620.2761
52,CrossMatch,2,1578,fGetNearbyObj,SELECT,708.0897
52,CrossMatch,2,1579,fGetNearbyObj,SELECT,1368.4708
52,CrossMatch,2,1580,Neighbors,SELECT,3700.9139
52,CrossMatch,2,1581,fGetNearbyObj,SELECT,1294.7792
52,CrossMatch,2,1582,Match,SELECT,4031.2727
52,CrossMatch,2,1583,Neighbors,SELECT,1991.6711
52,CrossMatch,2,1584,Neighbors,SELECT,643.6663
52,CrossMatch,2,1585,Neighbors,SELECT,3083.8388
52,CrossMatch,2,1586,Neighbors,SELECT,2532.6595
52,CrossMatch,2,1587,fGetNearbyObj,SELECT,4170.0957
52,CrossMatch,2,1588,Match,SELECT,5396.3259
52,CrossMatch,2,1589,Neighbors,SELECT,9550.9058
53,CrossMatch,2,1590,Neighbors,SELECT,1023.6229
53,CrossMatch,2,1591,Neighbors,SELECT,728.4114
53,CrossMatch,2,1592,fGetNearbyObj,SELECT,3859.0088
53,CrossMatch,2,1593,fGetNearbyObj,SELECT,1164.4282
53,CrossMatch,2,1594,Neighbors,SELECT,5324.1034
53,CrossMatch,2,1595,Neighbors,SELECT,8597.4104
53,CrossMatch,2,1596,Neighbors,SELECT,847.1021
53,CrossMatch,2,1597,Neighbors,SELECT,4488.7615
53,CrossMatch,2,1598,fGetNearbyObj,SELECT,996.1824
53,CrossMatch,2,1599,fGetNearbyObj,SELECT,1519.6244
53,CrossMatch,2,1600,fGetNearbyObj,SELECT,2911.5414
53,CrossMatch,2,1601,Neighbors,SELECT,1061.0924
53,CrossMatch,2,1602,Neighbors,SELECT,2601.0174
53,CrossMatch,2,1603,Neighbors,SELECT,1672.2833
53,CrossMatch,2,1604,fGetNearbyObj,SELECT,5484.2687
53,CrossMatch,2,1605,Match,SELECT,5503.0344
53,CrossMatch,2,1606,fGetNearbyObj,SELECT,1067.04
53,CrossMatch,2,1607,Neighbors,SELECT,2994.2066
53,CrossMatch,2,1608,fGetNearbyObj,SELECT,6691.3196
54,CrossMatch,2,1609,Neighbors,SELECT,1020.1849
54,CrossMatch,2,1610,Neighbors,SELECT,1153.1505
54,CrossMatch,2,1611,Neighbors,SELECT,307.1783
54,CrossMatch,2,1612,Match,SELECT,3805.0888
54,CrossMatch,2,1613,Match,SELECT,509.5253
54,CrossMatch,2,1614,fGetNearbyObj,SELECT,1702.9435
54,CrossMatch,2,1615,Neighbors,SELECT,736.199
54,CrossMatch,2,1616,Neighbors,SELECT,2594.9844
54,CrossMatch,2,1617,fGetNearbyObj,SELECT,77.4648
54,CrossMatch,2,1618,Neighbors,SELECT,2188.3771
54,CrossMatch,2,1619,Neighbors,SELECT,2933.7933
54,CrossMatch,2,1620,Neighbors,SELECT,1254.0813
54,CrossMatch,2,1621,Neighbors,SELECT,1346.6808
54,CrossMatch,2,1622,Neighbors,SELECT,1087.2209
54,CrossMatch,2,1623,Neighbors,SELECT,1676.7823
54,CrossMatch,2,1624,Neighbors,SELECT,11759.5519
54,CrossMatch,2,1625,Neighbors,SELECT,5713.3909
54,CrossMatch,2,1626,Neighbors,SELECT,1674.8768
54,CrossMatch,2,1627,Neighbors,SELECT,1218.2073
54,CrossMatch,2,1628,Neighbors,SELECT,5039.6294
54,CrossMatch,2,1629,Neighbors,SELECT,2397.8976
54,CrossMatch,2,1630,Neighbors,SELECT,566.2365
54,CrossMatch,2,1631,Neighbors,SELECT,1460.6096
54,CrossMatch,2,1632,Neighbors,SELECT,10070.0303
54,CrossMatch,2,1633,Neighbors,SELECT,3618.3952
54,CrossMatch,2,1634,Neighbors,SELECT,1233.477
54,CrossMatch,2,1635,Neighbors,SELECT,344.025
54,CrossMatch,2,1636,Neighbors,SELECT,2579.2133
54,CrossMatch,2,1637,Neighbors,SELECT,2004.5981
54,CrossMatch,2,1638,Neighbors,SELECT,1615.2055
54,CrossMatch,2,1639,Neighbors,SELECT,5113.5005
54,CrossMatch,2,1640,Neighbors,SELECT,3675.0713
54,CrossMatch,2,1641,Neighbors,SELECT,356.1781
54,CrossMatch,2,1642,Neighbors,SELECT,2017.9385
54,CrossMatch,2,1643,Neighbors,SELECT,455.3238
54,CrossMatch,2,1644,Neighbors,SELECT,1107.8674
54,CrossMatch,2,1645,Neighbors,SELECT,420.9011
54,CrossMatch,2,1646,fGetNearbyObj,SELECT,436.806
54,CrossMatch,2,1647,Neighbors,SELECT,230.6935
54,CrossMatch,2,1648,Match,SELECT,2983.4779
54,CrossMatch,2,1649,Neighbors,SELECT,2638.7264
54,CrossMatch,2,1650,Neighbors,SELECT,1846.4945
55,CrossMatch,2,1651,Neighbors,SELECT,2666.3417
55,CrossMatch,2,1652,Neighbors,SELECT,730.131
55,CrossMatch,2,1653,Neighbors,SELECT,557.0725
55,CrossMatch,2,1654,fGetNearbyObj,SELECT,1320.1161
55,CrossMatch,2,1655,fGetNearbyObj,SELECT,420.4799
55,CrossMatch,2,1656,fGetNearbyObj,SELECT,109.1041
55,CrossMatch,2,1657,Neighbors,SELECT,3839.0978
55,CrossMatch,2,1658,fGetNearbyObj,SELECT,350.1118
55,CrossMatch,2,1659,Zone,SELECT,842.3577
55,CrossMatch,2,1660,fGetNearbyObj,SELECT,3907.9983
55,CrossMatch,2,1661,fGetNearbyObj,SELECT,290.9708
55,CrossMatch,2,1662,Neighbors,SELECT,259.3367
55,CrossMatch,2,1663,fGetNearbyObj,SELECT,266.7067
55,CrossMatch,2,1664,Neighbors,SELECT,518.6758
55,CrossMatch,2,1665,fGetNearbyObj,SELECT,9164.6841
55,CrossMatch,2,1666,fGetNearbyObj,SELECT,1021.5752
55,CrossMatch,2,1667,Neighbors,SELECT,123.4319
55,CrossMatch,2,1668,Neighbors,SELECT,1236.8975
55,CrossMatch,2,1669,fGetNearbyObj,SELECT,2358.1915
55,CrossMatch,2,1670,Neighbors,SELECT,2664.3087
55,CrossMatch,2,1671,Neighbors,SELECT,482.0529
55,CrossMatch,2,1672,fGetNearbyObj,SELECT,1835.3978
55,CrossMatch,2,1673,fGetNearbyObj,SELECT,4666.1549
55,CrossMatch,2,1674,Match,SELECT,323.414
55,CrossMatch,2,1675,Neighbors,SELECT,509.017
55,CrossMatch,2,1676,Match,SELECT,2756.0992
55,CrossMatch,2,1677,Match,SELECT,2909.6387
55,CrossMatch,2,1678,fGetNearbyObj,SELECT,7628.7229
55,CrossMatch,2,1679,Match,SELECT,1962.003
55,CrossMatch,2,1680,fGetNearbyObj,SELECT,2076.0391
55,CrossMatch,2,1681,fGetNearbyObj,SELECT,661.5675
55,CrossMatch,2,1682,fGetNearbyObj,SELECT,7978.1406
55,CrossMatch,2,1683,fGetNearbyObj,SELECT,8686.2687
56,CrossMatch,2,1684,Match,SELECT,5883.3874
56,CrossMatch,2,1685,fGetNearbyObj,SELECT,668.7095
56,CrossMatch,2,1686,fGetNearbyObj,SELECT,9029.9786
56,CrossMatch,2,1687,fGetNearbyObj,SELECT,1047.1832
56,CrossMatch,2,1688,fGetNearbyObj,SELECT,688.8476
56,CrossMatch,2,1689,Match,SELECT,516.3063
56,CrossMatch,2,1690,Neighbors,SELECT,522.3484
56,CrossMatch,2,1691,Neighbors,SELECT,2352.6161
56,CrossMatch,2,1692,fGetNearbyObj,SELECT,13918.1818
56,CrossMatch,2,1693,Match,SELECT,2579.4222
56,CrossMatch,2,1694,fGetNearbyObj,SELECT,1333.2768
56,CrossMatch,2,1695,fGetNearbyObj,SELECT,4583.7606
56,CrossMatch,2,1696,Neighbors,SELECT,1330.3966
56,CrossMatch,2,1697,fGetNearbyObj,SELECT,350.2669
56,CrossMatch,2,1698,Neighbors,SELECT,857.1312
56,CrossMatch,2,1699,fGetNearbyObj,SELECT,3065.3246
56,CrossMatch,2,1700,fGetNearbyObj,SELECT,608.0913
56,CrossMatch,2,1701,fGetNearbyObj,SELECT,522.7308
56,CrossMatch,2,1702,fGetNearbyObj,SELECT,789.6616
56,CrossMatch,2,1703,Neighbors,SELECT,800.6743
56,CrossMatch,2,1704,Neighbors,SELECT,1346.3265
56,CrossMatch,2,1705,fGetNearbyObj,SELECT,401.8318
56,CrossMatch,2,1706,Neighbors,SELECT,5293.6437
56,CrossMatch,2,1707,fGetNearbyObj,SELECT,26545.0349
56,CrossMatch,2,1708,fGetNearbyObj,SELECT,1250.0848
56,CrossMatch,2,1709,fGetNearbyObj,SELECT,3176.8203
56,CrossMatch,2,1710,fGetNearbyObj,SELECT,7328.6453
56,CrossMatch,2,1711,Match,SELECT,2459.5918
56,CrossMatch,2,1712,fGetNearbyObj,SELECT,14291.1517
57,CrossMatch,2,1713,Neighbors,SELECT,568.1093
57,CrossMatch,2,1714,Zone,SELECT,3872.4892
57,CrossMatch,2,1715,Match,SELECT,2288.5496
57,CrossMatch,2,1716,Zone,SELECT,1039.016
57,CrossMatch,2,1717,Neighbors,SELECT,3692.0715
57,CrossMatch,2,1718,Match,SELECT,2195.1263
57,CrossMatch,2,1719,fGetNearbyObj,SELECT,1770.2614
57,CrossMatch,2,1720,Neighbors,SELECT,1467.7489
57,CrossMatch,2,1721,Neighbors,SELECT,1508.0881
57,CrossMatch,2,1722,Neighbors,SELECT,319.8537
57,CrossMatch,2,1723,fGetNearbyObj,SELECT,1511.4092
57,CrossMatch,2,1724,Neighbors,SELECT,916.5099
57,CrossMatch,2,1725,Neighbors,SELECT,1945.3901
57,CrossMatch,2,1726,Neighbors,SELECT,1605.1073
57,CrossMatch,2,1727,Neighbors,SELECT,943.9561
57,CrossMatch,2,1728,Neighbors,SELECT,2838.061
57,CrossMatch,2,1729,Neighbors,SELECT,1135.8546
57,CrossMatch,2,1730,Neighbors,SELECT,4256.2874
57,CrossMatch,2,1731,Neighbors,SELECT,1606.6381
57,CrossMatch,2,1732,Match,SELECT,6478.2825
57,CrossMatch,2,1733,Neighbors,SELECT,850.5734
57,CrossMatch,2,1734,Neighbors,SELECT,2976.0007
57,CrossMatch,2,1735,Match,SELECT,1652.8972
57,CrossMatch,2,1736,fGetNearbyObj,SELECT,126.68
57,CrossMatch,2,1737,Neighbors,SELECT,1497.0003
57,CrossMatch,2,1738,Neighbors,SELECT,9888.1973
57,CrossMatch,2,1739,Zone,SELECT,672.1308
57,CrossMatch,2,1740,Zone,SELECT,1015.26
57,CrossMatch,2,1741,Match,SELECT,980.4654
57,CrossMatch,2,1742,Neighbors,SELECT,5078.3467
57,CrossMatch,2,1743,fGetNearbyObj,SELECT,1158.9438
57,CrossMatch,2,1744,fGetNearbyObj,SELECT,1765.6789
57,CrossMatch,2,1745,fGetNearbyObj,SELECT,230.5578
57,CrossMatch,2,1746,Match,SELECT,4471.9165
57,CrossMatch,2,1747,Neighbors,SELECT,1946.7808
57,CrossMatch,2,1748,Neighbors,SELECT,436.1742
57,CrossMatch,2,1749,Neighbors,SELECT,217.557
57,CrossMatch,2,1750,Neighbors,SELECT,4823.4944
57,CrossMatch,2,1751,Neighbors,SELECT,1389.0926
58,CrossMatch,2,1752,Match,SELECT,5823.1069
58,CrossMatch,2,1753,Match,SELECT,749.7264
58,CrossMatch,2,1754,Match,SELECT,4355.3815
58,CrossMatch,2,1755,Zone,SELECT,2774.0265
58,CrossMatch,2,1756,Neighbors,SELECT,1626.3694
58,CrossMatch,2,1757,fGetNearbyObj,SELECT,1254.9209
58,CrossMatch,2,1758,Neighbors,SELECT,559.646
58,CrossMatch,2,1759,Match,SELECT,720.6658
58,CrossMatch,2,1760,Match,SELECT,1659.7474
58,CrossMatch,2,1761,Zone,SELECT,870.5074
58,CrossMatch,2,1762,Match,SELECT,2303.0487
58,CrossMatch,2,1763,Neighbors,SELECT,2608.1435
58,CrossMatch,2,1764,Match,SELECT,114102.8693
58,CrossMatch,2,1765,Match,SELECT,1145.1034
58,CrossMatch,2,1766,Match,SELECT,198.4935
58,CrossMatch,2,1767,Match,SELECT,19797.5643
58,CrossMatch,2,1768,Neighbors,SELECT,225.8879
58,CrossMatch,2,1769,Neighbors,SELECT,10357.0388
58,CrossMatch,2,1770,Match,SELECT,660.7481
58,CrossMatch,2,1771,Neighbors,SELECT,923.6744
58,CrossMatch,2,1772,Match,SELECT,9007.7028
58,CrossMatch,2,1773,Neighbors,SELECT,3125.0783
58,CrossMatch,2,1774,Match,SELECT,367.411
58,CrossMatch,2,1775,Neighbors,SELECT,359.7591
59,CrossMatch,2,1776,Zone,SELECT,979.4072
59,CrossMatch,2,1777,Neighbors,SELECT,2707.9535
59,CrossMatch,2,1778,Zone,SELECT,704.2881
59,CrossMatch,2,1779,Match,SELECT,1988.3453
59,CrossMatch,2,1780,fGetNearbyObj,SELECT,30545.8899
59,CrossMatch,2,1781,Neighbors,SELECT,2867.5141
59,CrossMatch,2,1782,Neighbors,SELECT,1163.148
59,CrossMatch,2,1783,fGetNearbyObj,SELECT,23063.5789
59,CrossMatch,2,1784,Match,SELECT,4848.0151
59,CrossMatch,2,1785,Neighbors,SELECT,542.4084
59,CrossMatch,2,1786,Match,SELECT,657.3659
59,CrossMatch,2,1787,fGetNearbyObj,SELECT,252.8337
59,CrossMatch,2,1788,Match,SELECT,2649.0317
59,CrossMatch,2,1789,Match,SELECT,166.1679
59,CrossMatch,2,1790,Match,SELECT,23019.4992
59,CrossMatch,2,1791,fGetNearbyObj,SELECT,1327.7201
59,CrossMatch,2,1792,Neighbors,SELECT,5246.1382
59,CrossMatch,2,1793,fGetNearbyObj,SELECT,1197.2196
59,CrossMatch,2,1794,Match,SELECT,2593.433
59,CrossMatch,2,1795,Match,SELECT,1541.1871
59,CrossMatch,2,1796,Match,SELECT,1922.1969
59,CrossMatch,2,1797,Match,SELECT,7718.8822
59,CrossMatch,2,1798,Match,SELECT,14227.4843
59,CrossMatch,2,1799,fGetNearbyObj,SELECT,12677.2983
59,CrossMatch,2,1800,Match,SELECT,91604.1034
59,CrossMatch,2,1801,Neighbors,SELECT,790.5949
59,CrossMatch,2,1802,Match,SELECT,2912.2489
59,CrossMatch,2,1803,Match,SELECT,810.7424
59,CrossMatch,2,1804,Zone,SELECT,7295.0813
59,CrossMatch,2,1805,Zone,SELECT,570.6662
59,CrossMatch,2,1806,Match,SELECT,7904.5191
59,CrossMatch,2,1807,Neighbors,SELECT,2310.4954
59,CrossMatch,2,1808,Neighbors,SELECT,1645.0352
59,CrossMatch,2,1809,Match,SELECT,1876.872
59,CrossMatch,2,1810,Neighbors,SELECT,470.8717
59,CrossMatch,2,1811,fGetNearbyObj,SELECT,513.726
59,CrossMatch,2,1812,Zone,SELECT,2360.3347
59,CrossMatch,2,1813,Zone,SELECT,2341.1851
60,Catalog,3,1814,DBObjects,SELECT,8.5498
60,Catalog,3,1815,Inventory,SELECT,5.851
60,Catalog,3,1816,DBColumns,SELECT,5.2826
60,Catalog,3,1817,DataConstants,SELECT,4.9547
60,Catalog,3,1818,DataConstants,SELECT,13.1837
60,Catalog,3,1819,DBColumns,SELECT,3.9133
60,Catalog,3,1820,DBObjects,SELECT,9.0007
60,Catalog,3,1821,DBObjects,SELECT,8.9967
60,Catalog,3,1822,Inventory,SELECT,10.8384
60,Catalog,3,1823,DBColumns,SELECT,6.1157
60,Catalog,3,1824,DataConstants,SELECT,14.9427
60,Catalog,3,1825,Inventory,SELECT,11.0114
60,Catalog,3,1826,DataConstants,SELECT,6.0184
60,Catalog,3,1827,DBObjects,SELECT,5.1703
60,Catalog,3,1828,DataConstants,SELECT,6.9227
60,Catalog,3,1829,DBColumns,SELECT,5.9244
60,Catalog,3,1830,DataConstants,SELECT,4.793
60,Catalog,3,1831,DataConstants,SELECT,7.6706
60,Catalog,3,1832,DataConstants,SELECT,6.4837
60,Catalog,3,1833,DBObjects,SELECT,17.095
60,Catalog,3,1834,DataConstants,SELECT,5.9199
60,Catalog,3,1835,DBColumns,SELECT,5.1491
60,Catalog,3,1836,Inventory,SELECT,7.427
60,Catalog,3,1837,Inventory,SELECT,8.4132
60,Catalog,3,1838,DataConstants,SELECT,8.7419
60,Catalog,3,1839,DBObjects,SELECT,8.6985
60,Catalog,3,1840,DataConstants,SELECT,7.5513
60,Catalog,3,1841,DataConstants,SELECT,7.2839
60,Catalog,3,1842,DBColumns,SELECT,10.0394
60,Catalog,3,1843,DataConstants,SELECT,4.6005
60,Catalog,3,1844,DataConstants,SELECT,5.1659
60,Catalog,3,1845,DataConstants,SELECT,3.4979
60,Catalog,3,1846,DataConstants,SELECT,4.6338
60,Catalog,3,1847,DataConstants,SELECT,12.4601
60,Catalog,3,1848,Inventory,SELECT,9.8179
60,Catalog,3,1849,DataConstants,SELECT,18.5125
61,Catalog,3,1850,DataConstants,SELECT,7.0954
61,Catalog,3,1851,DataConstants,SELECT,5.5836
61,Catalog,3,1852,DataConstants,SELECT,4.7262
61,Catalog,3,1853,Inventory,SELECT,9.0572
61,Catalog,3,1854,DBColumns,SELECT,6.6871
61,Catalog,3,1855,DataConstants,SELECT,7.725
61,Catalog,3,1856,DBColumns,SELECT,4.4211
61,Catalog,3,1857,DBObjects,SELECT,11.268
61,Catalog,3,1858,DataConstants,SELECT,5.9066
61,Catalog,3,1859,Inventory,SELECT,8.813
61,Catalog,3,1860,DataConstants,SELECT,6.142
61,Catalog,3,1861,DBColumns,SELECT,2.4764
61,Catalog,3,1862,DataConstants,SELECT,9.2457
61,Catalog,3,1863,DataConstants,SELECT,6.8991
61,Catalog,3,1864,DataConstants,SELECT,3.3962
61,Catalog,3,1865,DBColumns,SELECT,4.1864
61,Catalog,3,1866,DataConstants,SELECT,11.4481
61,Catalog,3,1867,Inventory,SELECT,3.4664
61,Catalog,3,1868,DBColumns,SELECT,5.8344
61,Catalog,3,1869,DataConstants,SELECT,19.5384
61,Catalog,3,1870,DataConstants,SELECT,9.369
61,Catalog,3,1871,DataConstants,SELECT,10.603
61,Catalog,3,1872,DataConstants,SELECT,6.413
61,Catalog,3,1873,DBObjects,SELECT,3.2723
61,Catalog,3,1874,DataConstants,SELECT,8.0946
61,Catalog,3,1875,DataConstants,SELECT,4.3158
61,Catalog,3,1876,DataConstants,SELECT,4.1332
61,Catalog,3,1877,DBObjects,SELECT,7.6369
61,Catalog,3,1878,DataConstants,SELECT,4.4503
61,Catalog,3,1879,DataConstants,SELECT,7.2121
61,Catalog,3,1880,DataConstants,SELECT,5.2446
62,Catalog,3,1881,DataConstants,SELECT,6.8045
62,Catalog,3,1882,DataConstants,SELECT,13.7083
62,Catalog,3,1883,DataConstants,SELECT,8.8776
62,Catalog,3,1884,DBColumns,SELECT,13.173
62,Catalog,3,1885,DataConstants,SELECT,3.6297
62,Catalog,3,1886,DBColumns,SELECT,4.473
62,Catalog,3,1887,DataConstants,SELECT,8.0472
62,Catalog,3,1888,DataConstants,SELECT,6.7236
62,Catalog,3,1889,DataConstants,SELECT,7.1953
62,Catalog,3,1890,DataConstants,SELECT,9.6255
62,Catalog,3,1891,DBColumns,SELECT,8.0876
62,Catalog,3,1892,DataConstants,SELECT,11.2902
62,Catalog,3,1893,DataConstants,SELECT,11.1232
62,Catalog,3,1894,DataConstants,SELECT,4.5666
62,Catalog,3,1895,DataConstants,SELECT,2.5115
62,Catalog,3,1896,DataConstants,SELECT,4.4365
62,Catalog,3,1897,DataConstants,SELECT,4.3108
62,Catalog,3,1898,DBColumns,SELECT,7.4608
62,Catalog,3,1899,DBColumns,SELECT,7.414
62,Catalog,3,1900,DBColumns,SELECT,6.531
62,Catalog,3,1901,DBColumns,SELECT,9.0528
62,Catalog,3,1902,DBColumns,SELECT,25.3962
62,Catalog,3,1903,DataConstants,SELECT,6.4631
62,Catalog,3,1904,DBColumns,SELECT,8.2158
63,Catalog,3,1905,DataConstants,SELECT,11.5123
63,Catalog,3,1906,DataConstants,SELECT,9.5477
63,Catalog,3,1907,DBObjects,SELECT,5.707
63,Catalog,3,1908,Inventory,SELECT,8.9769
63,Catalog,3,1909,DBObjects,SELECT,7.2358
63,Catalog,3,1910,Inventory,SELECT,8.287
63,Catalog,3,1911,DBObjects,SELECT,5.3628
63,Catalog,3,1912,DBColumns,SELECT,4.3701
63,Catalog,3,1913,DataConstants,SELECT,6.2958
63,Catalog,3,1914,Inventory,SELECT,4.7033
63,Catalog,3,1915,DataConstants,SELECT,4.5498
63,Catalog,3,1916,DBColumns,SELECT,3.7191
63,Catalog,3,1917,Inventory,SELECT,2.5189
63,Catalog,3,1918,DBColumns,SELECT,5.754
63,Catalog,3,1919,DataConstants,SELECT,12.7153
63,Catalog,3,1920,DataConstants,SELECT,11.0063
63,Catalog,3,1921,Inventory,SELECT,16.4576
63,Catalog,3,1922,DataConstants,SELECT,4.4637
63,Catalog,3,1923,DBColumns,SELECT,10.0018
63,Catalog,3,1924,DataConstants,SELECT,6.7892
63,Catalog,3,1925,DBColumns,SELECT,5.0817
63,Catalog,3,1926,DBColumns,SELECT,11.9092
63,Catalog,3,1927,Inventory,SELECT,6.8223
63,Catalog,3,1928,Inventory,SELECT,3.0975
63,Catalog,3,1929,DBColumns,SELECT,10.9427
63,Catalog,3,1930,DataConstants,SELECT,8.664
63,Catalog,3,1931,DataConstants,SELECT,7.6711
63,Catalog,3,1932,DBColumns,SELECT,4.081
63,Catalog,3,1933,DataConstants,SELECT,8.1202
63,Catalog,3,1934,DataConstants,SELECT,15.1158
63,Catalog,3,1935,DBColumns,SELECT,8.5426
63,Catalog,3,1936,DataConstants,SELECT,3.4923
63,Catalog,3,1937,DataConstants,SELECT,8.8744
64,Catalog,3,1938,DataConstants,SELECT,6.3477
64,Catalog,3,1939,Inventory,SELECT,7.9116
64,Catalog,3,1940,DataConstants,SELECT,12.1518
64,Catalog,3,1941,DBColumns,SELECT,5.2371
64,Catalog,3,1942,Inventory,SELECT,18.0027
64,Catalog,3,1943,DataConstants,SELECT,8.845
64,Catalog,3,1944,DBColumns,SELECT,10.9764
64,Catalog,3,1945,DBColumns,SELECT,10.1968
64,Catalog,3,1946,DBColumns,SELECT,8.6645
64,Catalog,3,1947,DBColumns,SELECT,9.4935
64,Catalog,3,1948,DBColumns,SELECT,1.5896
64,Catalog,3,1949,DBColumns,SELECT,10.1866
64,Catalog,3,1950,Inventory,SELECT,4.7155
64,Catalog,3,1951,DataConstants,SELECT,7.0196
64,Catalog,3,1952,DBObjects,SELECT,8.6338
64,Catalog,3,1953,DBColumns,SELECT,12.4565
65,Catalog,3,1954,Inventory,SELECT,9.5157
65,Catalog,3,1955,DBObjects,SELECT,3.1477
65,Catalog,3,1956,DBColumns,SELECT,6.7534
65,Catalog,3,1957,DBColumns,SELECT,16.0058
65,Catalog,3,1958,DBObjects,SELECT,6.3831
65,Catalog,3,1959,DBColumns,SELECT,8.8621
65,Catalog,3,1960,DBColumns,SELECT,11.4084
65,Catalog,3,1961,Inventory,SELECT,8.7159
65,Catalog,3,1962,DBColumns,SELECT,19.015
65,Catalog,3,1963,DBObjects,SELECT,7.5539
65,Catalog,3,1964,DBColumns,SELECT,9.764
65,Catalog,3,1965,DBObjects,SELECT,8.124
65,Catalog,3,1966,DBObjects,SELECT,14.1332
65,Catalog,3,1967,DBColumns,SELECT,5.9533
65,Catalog,3,1968,DBColumns,SELECT,19.9952
65,Catalog,3,1969,DBObjects,SELECT,5.2962
65,Catalog,3,1970,Inventory,SELECT,16.9361
65,Catalog,3,1971,DBColumns,SELECT,4.4756
65,Catalog,3,1972,Inventory,SELECT,9.9288
65,Catalog,3,1973,DBColumns,SELECT,7.2358
65,Catalog,3,1974,DBObjects,SELECT,11.2804
65,Catalog,3,1975,DBColumns,SELECT,8.9735
65,Catalog,3,1976,DBColumns,SELECT,10.9522
65,Catalog,3,1977,DBColumns,SELECT,4.4076
65,Catalog,3,1978,DBObjects,SELECT,3.3785
65,Catalog,3,1979,DBColumns,SELECT,4.1005
65,Catalog,3,1980,DBObjects,SELECT,4.0564
65,Catalog,3,1981,DBObjects,SELECT,4.3844
65,Catalog,3,1982,DBObjects,SELECT,5.4591
65,Catalog,3,1983,Inventory,SELECT,5.437
65,Catalog,3,1984,Inventory,SELECT,7.3193
65,Catalog,3,1985,DBObjects,SELECT,4.8662
65,Catalog,3,1986,DBObjects,SELECT,5.0402
65,Catalog,3,1987,DBColumns,SELECT,6.5658
66,Catalog,3,1988,DataConstants,SELECT,6.1762
66,Catalog,3,1989,DBColumns,SELECT,5.2209
66,Catalog,3,1990,Inventory,SELECT,11.5057
66,Catalog,3,1991,DBColumns,SELECT,10.997
66,Catalog,3,1992,DBObjects,SELECT,4.9853
66,Catalog,3,1993,DBColumns,SELECT,7.0205
66,Catalog,3,1994,DBColumns,SELECT,9.768
66,Catalog,3,1995,DataConstants,SELECT,8.4802
66,Catalog,3,1996,Inventory,SELECT,8.9444
66,Catalog,3,1997,DataConstants,SELECT,4.6192
66,Catalog,3,1998,DBColumns,SELECT,16.5611
66,Catalog,3,1999,DBColumns,SELECT,5.4107
66,Catalog,3,2000,DataConstants,SELECT,5.3411
66,Catalog,3,2001,DBColumns,SELECT,3.8901
66,Catalog,3,2002,DBColumns,SELECT,6.7026
66,Catalog,3,2003,DBColumns,SELECT,12.853
66,Catalog,3,2004,DBColumns,SELECT,8.4373
66,Catalog,3,2005,DBColumns,SELECT,6.9552
66,Catalog,3,2006,Inventory,SELECT,10.5708
66,Catalog,3,2007,DataConstants,SELECT,12.6741
66,Catalog,3,2008,DBColumns,SELECT,10.9838
66,Catalog,3,2009,DBColumns,SELECT,2.9853
66,Catalog,3,2010,DataConstants,SELECT,10.6192
66,Catalog,3,2011,DBColumns,SELECT,9.1257
66,Catalog,3,2012,DataConstants,SELECT,4.9364
66,Catalog,3,2013,DataConstants,SELECT,9.1452
66,Catalog,3,2014,DBObjects,SELECT,12.8676
66,Catalog,3,2015,DataConstants,SELECT,5.5192
66,Catalog,3,2016,DBColumns,SELECT,11.4077
66,Catalog,3,2017,DBObjects,SELECT,8.5309
66,Catalog,3,2018,DataConstants,SELECT,1.8723
67,Catalog,3,2019,DBObjects,SELECT,6.085
67,Catalog,3,2020,DataConstants,SELECT,5.0
67,Catalog,3,2021,Inventory,SELECT,11.0965
67,Catalog,3,2022,DBColumns,SELECT,6.4538
67,Catalog,3,2023,DataConstants,SELECT,7.0119
67,Catalog,3,2024,DBObjects,SELECT,6.7261
67,Catalog,3,2025,DBObjects,SELECT,10.7683
67,Catalog,3,2026,DataConstants,SELECT,4.3696
67,Catalog,3,2027,DataConstants,SELECT,11.3953
67,Catalog,3,2028,DBColumns,SELECT,9.5128
67,Catalog,3,2029,DataConstants,SELECT,18.0379
67,Catalog,3,2030,DataConstants,SELECT,8.0374
67,Catalog,3,2031,DataConstants,SELECT,4.511
67,Catalog,3,2032,DBColumns,SELECT,8.0816
67,Catalog,3,2033,DataConstants,SELECT,8.5897
67,Catalog,3,2034,DataConstants,SELECT,13.502
67,Catalog,3,2035,DataConstants,SELECT,4.506
67,Catalog,3,2036,DBObjects,SELECT,3.4936
67,Catalog,3,2037,DBColumns,SELECT,8.1662
67,Catalog,3,2038,Inventory,SELECT,18.5284
67,Catalog,3,2039,DataConstants,SELECT,10.2469
67,Catalog,3,2040,DataConstants,SELECT,10.5645
67,Catalog,3,2041,DataConstants,SELECT,3.8459
67,Catalog,3,2042,DataConstants,SELECT,7.5066
67,Catalog,3,2043,DBObjects,SELECT,13.6487
67,Catalog,3,2044,DataConstants,SELECT,8.6416
67,Catalog,3,2045,DBObjects,SELECT,3.3928
67,Catalog,3,2046,DataConstants,SELECT,7.4332
67,Catalog,3,2047,DataConstants,SELECT,9.8713
68,Catalog,3,2048,DBColumns,SELECT,7.483
68,Catalog,3,2049,DataConstants,SELECT,7.3363
68,Catalog,3,2050,DBColumns,SELECT,5.8652
68,Catalog,3,2051,DataConstants,SELECT,19.8556
68,Catalog,3,2052,DBObjects,SELECT,5.561
68,Catalog,3,2053,DBObjects,SELECT,7.6415
68,Catalog,3,2054,DBObjects,SELECT,7.3249
68,Catalog,3,2055,DBColumns,SELECT,8.064
68,Catalog,3,2056,DBColumns,SELECT,18.9241
68,Catalog,3,2057,DBColumns,SELECT,9.878
68,Catalog,3,2058,DBObjects,SELECT,5.8387
68,Catalog,3,2059,DBColumns,SELECT,15.4076
68,Catalog,3,2060,DBColumns,SELECT,10.7945
68,Catalog,3,2061,DBColumns,SELECT,5.8926
68,Catalog,3,2062,DBColumns,SELECT,14.0402
68,Catalog,3,2063,DataConstants,SELECT,3.8273
68,Catalog,3,2064,DataConstants,SELECT,4.2898
68,Catalog,3,2065,DataConstants,SELECT,3.2962
68,Catalog,3,2066,DBObjects,SELECT,2.6984
68,Catalog,3,2067,DBColumns,SELECT,13.4666
68,Catalog,3,2068,DataConstants,SELECT,8.1152
68,Catalog,3,2069,DBColumns,SELECT,3.4279
68,Catalog,3,2070,DataConstants,SELECT,7.2311
68,Catalog,3,2071,DBColumns,SELECT,11.6021
68,Catalog,3,2072,DataConstants,SELECT,5.1101
69,Catalog,3,2073,DBObjects,SELECT,3.3268
69,Catalog,3,2074,DBColumns,SELECT,10.3103
69,Catalog,3,2075,DBColumns,SELECT,4.7818
69,Catalog,3,2076,DBObjects,SELECT,4.7128
69,Catalog,3,2077,DBObjects,SELECT,21.6875
69,Catalog,3,2078,DataConstants,SELECT,4.0806
69,Catalog,3,2079,DBObjects,SELECT,3.7588
69,Catalog,3,2080,DBObjects,SELECT,4.3905
69,Catalog,3,2081,DataConstants,SELECT,11.8045
69,Catalog,3,2082,DBObjects,SELECT,9.5975
69,Catalog,3,2083,DataConstants,SELECT,5.6369
69,Catalog,3,2084,DBObjects,SELECT,5.397
69,Catalog,3,2085,DataConstants,SELECT,9.2136
69,Catalog,3,2086,DBObjects,SELECT,8.2733
69,Catalog,3,2087,DBObjects,SELECT,6.7806
69,Catalog,3,2088,DataConstants,SELECT,9.7736
69,Catalog,3,2089,DataConstants,SELECT,4.2586
69,Catalog,3,2090,DataConstants,SELECT,4.8191
69,Catalog,3,2091,DBObjects,SELECT,10.0475
69,Catalog,3,2092,DBObjects,SELECT,8.62
69,Catalog,3,2093,DBObjects,SELECT,2.6088
69,Catalog,3,2094,DBObjects,SELECT,7.4849
69,Catalog,3,2095,DBObjects,SELECT,21.1813
69,Catalog,3,2096,DBObjects,SELECT,10.9411
69,Catalog,3,2097,DBObjects,SELECT,5.7173
69,Catalog,3,2098,DataConstants,SELECT,5.0143
69,Catalog,3,2099,DataConstants,SELECT,8.8326
69,Catalog,3,2100,DBObjects,SELECT,13.4423
69,Catalog,3,2101,DBObjects,SELECT,3.1126
69,Catalog,3,2102,DBObjects,SELECT,8.5046
69,Catalog,3,2103,DataConstants,SELECT,6.2418
69,Catalog,3,2104,DBColumns,SELECT,8.1138
70,Catalog,3,2105,DBColumns,SELECT,8.4013
70,Catalog,3,2106,DBColumns,SELECT,10.4839
70,Catalog,3,2107,DataConstants,SELECT,8.8934
70,Catalog,3,2108,DBColumns,SELECT,6.474
70,Catalog,3,2109,Inventory,SELECT,6.8168
70,Catalog,3,2110,DBColumns,SELECT,14.769
70,Catalog,3,2111,DataConstants,SELECT,7.2962
70,Catalog,3,2112,DBColumns,SELECT,13.0005
70,Catalog,3,2113,DBColumns,SELECT,7.1084
70,Catalog,3,2114,Inventory,SELECT,12.9559
70,Catalog,3,2115,DBColumns,SELECT,7.6909
70,Catalog,3,2116,DBColumns,SELECT,10.0186
70,Catalog,3,2117,DataConstants,SELECT,5.3033
70,Catalog,3,2118,DBColumns,SELECT,8.392
70,Catalog,3,2119,Inventory,SELECT,5.3398
70,Catalog,3,2120,DBObjects,SELECT,6.0211
70,Catalog,3,2121,Inventory,SELECT,6.2571
70,Catalog,3,2122,DBColumns,SELECT,6.7595
70,Catalog,3,2123,DBColumns,SELECT,12.1161
70,Catalog,3,2124,Inventory,SELECT,5.911
70,Catalog,3,2125,DBColumns,SELECT,7.9573
70,Catalog,3,2126,DBObjects,SELECT,12.9796
70,Catalog,3,2127,DBColumns,SELECT,9.9075
70,Catalog,3,2128,DataConstants,SELECT,3.14
70,Catalog,3,2129,DBObjects,SELECT,3.5988
71,Catalog,3,2130,DBColumns,SELECT,6.2237
71,Catalog,3,2131,DataConstants,SELECT,7.5751
71,Catalog,3,2132,DBColumns,SELECT,6.4949
71,Catalog,3,2133,DBColumns,SELECT,5.2157
71,Catalog,3,2134,DBColumns,SELECT,8.3089
71,Catalog,3,2135,DBColumns,SELECT,3.2357
71,Catalog,3,2136,DBObjects,SELECT,4.9153
71,Catalog,3,2137,DataConstants,SELECT,10.9186
71,Catalog,3,2138,DataConstants,SELECT,3.6482
71,Catalog,3,2139,DBObjects,SELECT,7.3867
71,Catalog,3,2140,DataConstants,SELECT,5.9917
71,Catalog,3,2141,DataConstants,SELECT,5.7246
71,Catalog,3,2142,DBColumns,SELECT,11.4926
71,Catalog,3,2143,DBColumns,SELECT,12.7658
71,Catalog,3,2144,DBColumns,SELECT,4.3856
71,Catalog,3,2145,DBObjects,SELECT,1.9896
71,Catalog,3,2146,DBObjects,SELECT,6.7865
71,Catalog,3,2147,DBColumns,SELECT,2.8773
71,Catalog,3,2148,DBColumns,SELECT,11.1373
71,Catalog,3,2149,DataConstants,SELECT,7.1968
71,Catalog,3,2150,DBColumns,SELECT,3.5409
71,Catalog,3,2151,DBColumns,SELECT,5.025
71,Catalog,3,2152,Inventory,SELECT,4.212
71,Catalog,3,2153,DataConstants,SELECT,4.8932
72,Catalog,3,2154,DBColumns,SELECT,5.1276
72,Catalog,3,2155,DataConstants,SELECT,7.3234
72,Catalog,3,2156,DBColumns,SELECT,6.0806
72,Catalog,3,2157,DBColumns,SELECT,7.5173
72,Catalog,3,2158,DBObjects,SELECT,11.0331
72,Catalog,3,2159,Inventory,SELECT,6.6252
72,Catalog,3,2160,DBColumns,SELECT,8.8379
72,Catalog,3,2161,DBObjects,SELECT,11.5358
72,Catalog,3,2162,DBObjects,SELECT,13.5988
72,Catalog,3,2163,DBObjects,SELECT,7.2108
72,Catalog,3,2164,Inventory,SELECT,6.4323
72,Catalog,3,2165,DBColumns,SELECT,7.5347
72,Catalog,3,2166,DBColumns,SELECT,7.6521
72,Catalog,3,2167,DBColumns,SELECT,5.2448
72,Catalog,3,2168,DBColumns,SELECT,5.3694
72,Catalog,3,2169,DataConstants,SELECT,6.6167
72,Catalog,3,2170,Inventory,SELECT,14.1876
72,Catalog,3,2171,DBColumns,SELECT,5.1193
72,Catalog,3,2172,DBColumns,SELECT,20.3929
72,Catalog,3,2173,Inventory,SELECT,9.3924
72,Catalog,3,2174,DBColumns,SELECT,7.3847
72,Catalog,3,2175,DataConstants,SELECT,6.5118
72,Catalog,3,2176,DBColumns,SELECT,23.4745
72,Catalog,3,2177,DBColumns,SELECT,4.4325
72,Catalog,3,2178,DBColumns,SELECT,16.4957
72,Catalog,3,2179,DBColumns,SELECT,6.9049
72,Catalog,3,2180,DataConstants,SELECT,4.9122
72,Catalog,3,2181,DBColumns,SELECT,6.1107
72,Catalog,3,2182,Inventory,SELECT,10.0181
72,Catalog,3,2183,DBColumns,SELECT,6.57
72,Catalog,3,2184,DBObjects,SELECT,10.9976
72,Catalog,3,2185,DBColumns,SELECT,9.9021
73,Catalog,3,2186,DBObjects,SELECT,14.6815
73,Catalog,3,2187,DataConstants,SELECT,7.6959
73,Catalog,3,2188,DBObjects,SELECT,7.4333
73,Catalog,3,2189,DBObjects,SELECT,3.7301
73,Catalog,3,2190,DBColumns,SELECT,6.2862
73,Catalog,3,2191,DataConstants,SELECT,9.3061
73,Catalog,3,2192,DBColumns,SELECT,9.3412
73,Catalog,3,2193,DBObjects,SELECT,1.7598
73,Catalog,3,2194,DataConstants,SELECT,12.6733
73,Catalog,3,2195,DBObjects,SELECT,7.8173
73,Catalog,3,2196,DBColumns,SELECT,5.0515
73,Catalog,3,2197,DBObjects,SELECT,3.8497
73,Catalog,3,2198,DBObjects,SELECT,7.0875
73,Catalog,3,2199,DBObjects,SELECT,14.5436
73,Catalog,3,2200,DBObjects,SELECT,4.7692
73,Catalog,3,2201,DBObjects,SELECT,9.4637
73,Catalog,3,2202,DBColumns,SELECT,2.5635
73,Catalog,3,2203,DBColumns,SELECT,3.525
73,Catalog,3,2204,DataConstants,SELECT,8.0719
73,Catalog,3,2205,DBColumns,SELECT,5.2105
73,Catalog,3,2206,DBColumns,SELECT,4.2643
73,Catalog,3,2207,DBColumns,SELECT,22.5536
73,Catalog,3,2208,DBColumns,SELECT,7.0567
73,Catalog,3,2209,DBColumns,SELECT,4.5802
73,Catalog,3,2210,DBColumns,SELECT,6.7236
73,Catalog,3,2211,DataConstants,SELECT,14.8316
73,Catalog,3,2212,DBColumns,SELECT,5.2964
73,Catalog,3,2213,DBColumns,SELECT,7.0999
73,Catalog,3,2214,DBColumns,SELECT,33.0532
73,Catalog,3,2215,DataConstants,SELECT,8.2853
73,Catalog,3,2216,DBColumns,SELECT,7.3833
74,Catalog,3,2217,DataConstants,SELECT,6.6206
74,Catalog,3,2218,DataConstants,SELECT,5.8173
74,Catalog,3,2219,Inventory,SELECT,4.0792
74,Catalog,3,2220,DBColumns,SELECT,6.5701
74,Catalog,3,2221,DBObjects,SELECT,4.4805
74,Catalog,3,2222,DataConstants,SELECT,3.7888
74,Catalog,3,2223,DBObjects,SELECT,10.6986
74,Catalog,3,2224,DBObjects,SELECT,5.9387
74,Catalog,3,2225,DBColumns,SELECT,5.1707
74,Catalog,3,2226,DataConstants,SELECT,13.4402
74,Catalog,3,2227,DBObjects,SELECT,9.9819
74,Catalog,3,2228,DataConstants,SELECT,2.7493
74,Catalog,3,2229,DBObjects,SELECT,8.9893
74,Catalog,3,2230,DataConstants,SELECT,8.9673
74,Catalog,3,2231,DBObjects,SELECT,6.4388
74,Catalog,3,2232,DBObjects,SELECT,6.3226
74,Catalog,3,2233,Inventory,SELECT,3.3427
74,Catalog,3,2234,DBColumns,SELECT,20.5408
74,Catalog,3,2235,DBObjects,SELECT,6.5578
74,Catalog,3,2236,DataConstants,SELECT,8.7401
74,Catalog,3,2237,DBObjects,SELECT,6.7342
74,Catalog,3,2238,Inventory,SELECT,5.2102
74,Catalog,3,2239,DBObjects,SELECT,11.1464
74,Catalog,3,2240,DBColumns,SELECT,7.927
74,Catalog,3,2241,Inventory,SELECT,6.5846
74,Catalog,3,2242,DBObjects,SELECT,8.6923
74,Catalog,3,2243,DBObjects,SELECT,7.039
74,Catalog,3,2244,DBObjects,SELECT,17.3704
74,Catalog,3,2245,DBObjects,SELECT,10.9419
74,Catalog,3,2246,DBObjects,SELECT,9.427
74,Catalog,3,2247,DataConstants,SELECT,3.5123
74,Catalog,3,2248,DBObjects,SELECT,9.5984
75,Catalog,3,2249,DataConstants,SELECT,5.4213
75,Catalog,3,2250,DataConstants,SELECT,5.3091
75,Catalog,3,2251,DataConstants,SELECT,7.859
75,Catalog,3,2252,DataConstants,SELECT,5.9296
75,Catalog,3,2253,DBColumns,SELECT,3.4455
75,Catalog,3,2254,DataConstants,SELECT,4.4933
75,Catalog,3,2255,DBColumns,SELECT,8.5781
75,Catalog,3,2256,DBColumns,SELECT,4.6069
75,Catalog,3,2257,DataConstants,SELECT,11.7473
75,Catalog,3,2258,DataConstants,SELECT,9.3948
75,Catalog,3,2259,Inventory,SELECT,8.7536
75,Catalog,3,2260,DataConstants,SELECT,7.7773
75,Catalog,3,2261,DataConstants,SELECT,5.103
75,Catalog,3,2262,DataConstants,SELECT,10.0722
75,Catalog,3,2263,DBColumns,SELECT,5.037
75,Catalog,3,2264,DBColumns,SELECT,12.1113
75,Catalog,3,2265,DBColumns,SELECT,15.7379
75,Catalog,3,2266,DataConstants,SELECT,7.9035
75,Catalog,3,2267,DataConstants,SELECT,14.5195
75,Catalog,3,2268,DataConstants,SELECT,4.5212
75,Catalog,3,2269,DataConstants,SELECT,9.4495
75,Catalog,3,2270,DataConstants,SELECT,7.2921
75,Catalog,3,2271,DBColumns,SELECT,10.7997
75,Catalog,3,2272,DBColumns,SELECT,2.8129
76,Catalog,3,2273,DBObjects,SELECT,8.9693
76,Catalog,3,2274,DBObjects,SELECT,8.6009
76,Catalog,3,2275,DataConstants,SELECT,12.8229
76,Catalog,3,2276,DBColumns,SELECT,10.9996
76,Catalog,3,2277,DBObjects,SELECT,8.6493
76,Catalog,3,2278,DBObjects,SELECT,8.1176
76,Catalog,3,2279,DBColumns,SELECT,7.8508
76,Catalog,3,2280,DBColumns,SELECT,7.0979
76,Catalog,3,2281,DataConstants,SELECT,4.0828
76,Catalog,3,2282,DBColumns,SELECT,9.5077
76,Catalog,3,2283,DBColumns,SELECT,5.5711
76,Catalog,3,2284,DBObjects,SELECT,12.1304
76,Catalog,3,2285,Inventory,SELECT,6.6874
76,Catalog,3,2286,DataConstants,SELECT,11.4048
76,Catalog,3,2287,DBObjects,SELECT,7.1794
76,Catalog,3,2288,DBObjects,SELECT,6.9108
76,Catalog,3,2289,DBColumns,SELECT,7.9154
76,Catalog,3,2290,DBObjects,SELECT,6.2842
76,Catalog,3,2291,DBObjects,SELECT,20.0328
76,Catalog,3,2292,DBObjects,SELECT,18.308
76,Catalog,3,2293,DBObjects,SELECT,18.0104
76,Catalog,3,2294,DBObjects,SELECT,8.6154
76,Catalog,3,2295,DBObjects,SELECT,5.4085
76,Catalog,3,2296,DBObjects,SELECT,11.5731
76,Catalog,3,2297,DBObjects,SELECT,6.3072
76,Catalog,3,2298,DBObjects,SELECT,12.1368
77,Catalog,3,2299,DBColumns,SELECT,3.6281
77,Catalog,3,2300,DBColumns,SELECT,5.3679
77,Catalog,3,2301,DBColumns,SELECT,8.5306
77,Catalog,3,2302,DBObjects,SELECT,9.1956
77,Catalog,3,2303,DBColumns,SELECT,9.8993
77,Catalog,3,2304,DBColumns,SELECT,3.0601
77,Catalog,3,2305,DBColumns,SELECT,6.3215
77,Catalog,3,2306,DBColumns,SELECT,3.8125
77,Catalog,3,2307,DBColumns,SELECT,8.3156
77,Catalog,3,2308,DBColumns,SELECT,3.3447
77,Catalog,3,2309,DataConstants,SELECT,4.2947
77,Catalog,3,2310,DBColumns,SELECT,10.8983
77,Catalog,3,2311,DBColumns,SELECT,5.6547
77,Catalog,3,2312,DBColumns,SELECT,14.5917
77,Catalog,3,2313,DBColumns,SELECT,10.0359
77,Catalog,3,2314,DBColumns,SELECT,6.4924
77,Catalog,3,2315,DataConstants,SELECT,11.8399
77,Catalog,3,2316,DBColumns,SELECT,6.7587
77,Catalog,3,2317,DBColumns,SELECT,10.5673
77,Catalog,3,2318,DBColumns,SELECT,5.2473
77,Catalog,3,2319,DataConstants,SELECT,12.2215
77,Catalog,3,2320,DBColumns,SELECT,3.4773
77,Catalog,3,2321,DBColumns,SELECT,4.2919
77,Catalog,3,2322,DBColumns,SELECT,4.6215
77,Catalog,3,2323,DataConstants,SELECT,5.5034
77,Catalog,3,2324,DBColumns,SELECT,8.685
77,Catalog,3,2325,DataConstants,SELECT,7.3678
77,Catalog,3,2326,DBColumns,SELECT,10.6323
77,Catalog,3,2327,DataConstants,SELECT,13.2086
77,Catalog,3,2328,DBColumns,SELECT,3.3163
77,Catalog,3,2329,DBColumns,SELECT,14.1254
78,Catalog,3,2330,Inventory,SELECT,9.7675
78,Catalog,3,2331,DataConstants,SELECT,4.3424
78,Catalog,3,2332,Inventory,SELECT,4.5375
78,Catalog,3,2333,DBObjects,SELECT,11.0606
78,Catalog,3,2334,DBObjects,SELECT,8.8985
78,Catalog,3,2335,DataConstants,SELECT,6.3689
78,Catalog,3,2336,Inventory,SELECT,9.3637
78,Catalog,3,2337,DBObjects,SELECT,8.4536
78,Catalog,3,2338,DBObjects,SELECT,4.7549
78,Catalog,3,2339,Inventory,SELECT,11.5115
78,Catalog,3,2340,Inventory,SELECT,10.3326
78,Catalog,3,2341,Inventory,SELECT,7.4503
78,Catalog,3,2342,DBColumns,SELECT,11.0645
78,Catalog,3,2343,Inventory,SELECT,19.1901
78,Catalog,3,2344,DataConstants,SELECT,4.5135
78,Catalog,3,2345,DBObjects,SELECT,6.5062
78,Catalog,3,2346,DBObjects,SELECT,6.6611
78,Catalog,3,2347,DBObjects,SELECT,10.934
78,Catalog,3,2348,Inventory,SELECT,5.472
78,Catalog,3,2349,DBObjects,SELECT,10.6082
78,Catalog,3,2350,DBColumns,SELECT,5.7747
78,Catalog,3,2351,DataConstants,SELECT,4.2831
78,Catalog,3,2352,Inventory,SELECT,7.6682
78,Catalog,3,2353,Inventory,SELECT,5.716
78,Catalog,3,2354,DBObjects,SELECT,8.0491
78,Catalog,3,2355,Inventory,SELECT,9.0357
78,Catalog,3,2356,DBObjects,SELECT,3.4194
78,Catalog,3,2357,DataConstants,SELECT,6.0276
79,Catalog,3,2358,DataConstants,SELECT,6.594
79,Catalog,3,2359,DataConstants,SELECT,5.1575
79,Catalog,3,2360,DBObjects,SELECT,7.2303
79,Catalog,3,2361,DBObjects,SELECT,8.8337
79,Catalog,3,2362,DBObjects,SELECT,4.725
79,Catalog,3,2363,DBObjects,SELECT,9.7999
79,Catalog,3,2364,DBColumns,SELECT,7.8954
79,Catalog,3,2365,DBObjects,SELECT,9.9859
79,Catalog,3,2366,DBObjects,SELECT,7.1522
79,Catalog,3,2367,DBColumns,SELECT,17.412
79,Catalog,3,2368,DBColumns,SELECT,8.7473
79,Catalog,3,2369,DBObjects,SELECT,10.5837
79,Catalog,3,2370,DataConstants,SELECT,9.7793
79,Catalog,3,2371,DBColumns,SELECT,6.777
79,Catalog,3,2372,DBObjects,SELECT,8.3573
79,Catalog,3,2373,DataConstants,SELECT,5.5312
79,Catalog,3,2374,DBObjects,SELECT,16.6497
79,Catalog,3,2375,DataConstants,SELECT,9.2416
79,Catalog,3,2376,DBObjects,SELECT,5.0199
79,Catalog,3,2377,DBObjects,SELECT,14.448
79,Catalog,3,2378,DataConstants,SELECT,6.9437
79,Catalog,3,2379,DBColumns,SELECT,11.3849
79,Catalog,3,2380,DBObjects,SELECT,3.3807
79,Catalog,3,2381,DataConstants,SELECT,12.9669
79,Catalog,3,2382,DBObjects,SELECT,9.0487
79,Catalog,3,2383,DBObjects,SELECT,4.841
79,Catalog,3,2384,DataConstants,SELECT,8.9688
79,Catalog,3,2385,DBObjects,SELECT,15.6592
79,Catalog,3,2386,DataConstants,SELECT,5.6068
