run,window,phase,seq,query,op_type,exec_ms,ok
1,0,Reporting,0,Q1,SELECT,1585.7438,True
1,0,Reporting,1,Q14,SELECT,524.4221,True
1,0,Reporting,2,Q14,SELECT,522.4763,True
1,0,Reporting,3,Q6,SELECT,510.714,True
1,0,Reporting,4,Q6,SELECT,508.8894,True
1,0,Reporting,5,Q1,SELECT,1536.6556,True
1,0,Reporting,6,Q14,SELECT,520.3543,True
1,0,Reporting,7,Q14,SELECT,511.6284,True
1,0,Reporting,8,Q1,SELECT,1552.4131,True
1,0,Reporting,9,Q14,SELECT,514.421,True
1,0,Reporting,10,U_orders,UPDATE,1.4316,True
1,0,Reporting,11,Q14,SELECT,520.4364,True
1,0,Reporting,12,U_orders,UPDATE,0.7723,True
1,0,Reporting,13,Q6,SELECT,513.1133,True
1,0,Reporting,14,Q1,SELECT,1560.1937,True
1,0,Reporting,15,Q14,SELECT,517.6023,True
1,0,Reporting,16,Q4,SELECT,259.7436,True
1,0,Reporting,17,Q14,SELECT,515.7249,True
1,0,Reporting,18,U_orders,UPDATE,0.7789,True
1,0,Reporting,19,Q6,SELECT,507.2209,True
1,0,Reporting,20,U_orders,UPDATE,0.4853,True
1,0,Reporting,21,Q1,SELECT,1545.009,True
1,0,Reporting,22,U_orders,UPDATE,0.39,True
1,0,Reporting,23,Q1,SELECT,1536.6863,True
1,0,Reporting,24,Q4,SELECT,259.1822,True
1,0,Reporting,25,Q1,SELECT,1540.8467,True
1,0,Reporting,26,Q1,SELECT,1536.4181,True
1,0,Reporting,27,U_orders,UPDATE,0.8018,True
1,0,Reporting,28,Q1,SELECT,1503.7627,True
1,0,Reporting,29,Q14,SELECT,508.3271,True
1,1,Reporting,0,Q6,SELECT,505.1579,True
1,1,Reporting,1,Q6,SELECT,502.9504,True
1,1,Reporting,2,Q1,SELECT,1536.5467,True
1,1,Reporting,3,Q1,SELECT,1541.8291,True
1,1,Reporting,4,U_orders,UPDATE,1.2929,True
1,1,Reporting,5,U_orders,UPDATE,0.2591,True
1,1,Reporting,6,U_orders,UPDATE,0.3928,True
1,1,Reporting,7,Q1,SELECT,1525.9247,True
1,1,Reporting,8,Q14,SELECT,511.0515,True
1,1,Reporting,9,Q14,SELECT,511.3015,True
1,1,Reporting,10,Q1,SELECT,1561.6581,True
1,1,Reporting,11,Q6,SELECT,508.0805,True
1,1,Reporting,12,Q6,SELECT,504.8529,True
1,1,Reporting,13,Q12,SELECT,951.4467,True
1,1,Reporting,14,Q14,SELECT,512.0429,True
1,1,Reporting,15,Q14,SELECT,510.87,True
1,1,Reporting,16,Q6,SELECT,507.4095,True
1,1,Reporting,17,Q6,SELECT,502.076,True
1,1,Reporting,18,U_orders,UPDATE,1.3175,True
1,1,Reporting,19,U_orders,UPDATE,0.3925,True
1,1,Reporting,20,Q12,SELECT,924.8485,True
1,1,Reporting,21,Q1,SELECT,1554.0748,True
1,1,Reporting,22,Q6,SELECT,507.2901,True
1,1,Reporting,23,Q12,SELECT,927.902,True
1,1,Reporting,24,U_orders,UPDATE,0.5052,True
1,1,Reporting,25,Q1,SELECT,1555.6832,True
1,1,Reporting,26,Q6,SELECT,506.0549,True
1,1,Reporting,27,Q12,SELECT,923.8654,True
1,1,Reporting,28,Q1,SELECT,1562.3484,True
1,1,Reporting,29,Q14,SELECT,508.8233,True
1,2,Reporting,0,Q12,SELECT,938.3908,True
1,2,Reporting,1,U_orders,UPDATE,0.7045,True
1,2,Reporting,2,Q14,SELECT,509.8573,True
1,2,Reporting,3,Q6,SELECT,508.4797,True
1,2,Reporting,4,Q12,SELECT,920.4977,True
1,2,Reporting,5,Q6,SELECT,505.863,True
1,2,Reporting,6,Q14,SELECT,511.1064,True
1,2,Reporting,7,Q1,SELECT,1548.0971,True
1,2,Reporting,8,Q1,SELECT,1559.6207,True
1,2,Reporting,9,Q4,SELECT,258.7198,True
1,2,Reporting,10,U_orders,UPDATE,0.7757,True
1,2,Reporting,11,Q1,SELECT,1534.0552,True
1,2,Reporting,12,Q4,SELECT,261.3386,True
1,2,Reporting,13,Q12,SELECT,932.2758,True
1,2,Reporting,14,Q1,SELECT,1551.3866,True
1,2,Reporting,15,Q6,SELECT,503.72,True
1,2,Reporting,16,Q1,SELECT,1564.0235,True
1,2,Reporting,17,U_orders,UPDATE,0.7896,True
1,2,Reporting,18,Q1,SELECT,1560.9051,True
1,2,Reporting,19,Q1,SELECT,1554.89,True
1,2,Reporting,20,Q12,SELECT,930.2963,True
1,2,Reporting,21,Q12,SELECT,916.373,True
1,2,Reporting,22,Q12,SELECT,915.2234,True
1,2,Reporting,23,U_orders,UPDATE,0.7472,True
1,2,Reporting,24,Q1,SELECT,1518.4939,True
1,2,Reporting,25,U_orders,UPDATE,0.3151,True
1,2,Reporting,26,Q1,SELECT,1529.5143,True
1,2,Reporting,27,Q4,SELECT,254.9257,True
1,2,Reporting,28,Q6,SELECT,507.6272,True
1,2,Reporting,29,U_orders,UPDATE,0.4103,True
1,3,Reporting,0,Q14,SELECT,509.4963,True
1,3,Reporting,1,U_orders,UPDATE,0.7732,True
1,3,Reporting,2,Q12,SELECT,926.7662,True
1,3,Reporting,3,Q6,SELECT,512.2439,True
1,3,Reporting,4,Q6,SELECT,506.9625,True
1,3,Reporting,5,Q1,SELECT,1555.7284,True
1,3,Reporting,6,U_orders,UPDATE,0.3559,True
1,3,Reporting,7,Q6,SELECT,508.9378,True
1,3,Reporting,8,U_orders,UPDATE,0.7742,True
1,3,Reporting,9,U_orders,UPDATE,0.2493,True
1,3,Reporting,10,Q14,SELECT,510.5242,True
1,3,Reporting,11,Q1,SELECT,1542.9431,True
1,3,Reporting,12,Q14,SELECT,511.1156,True
1,3,Reporting,13,Q6,SELECT,508.6543,True
1,3,Reporting,14,Q14,SELECT,516.2472,True
1,3,Reporting,15,U_orders,UPDATE,0.6308,True
1,3,Reporting,16,Q6,SELECT,506.8022,True
1,3,Reporting,17,Q6,SELECT,506.9308,True
1,3,Reporting,18,Q14,SELECT,514.5843,True
1,3,Reporting,19,Q14,SELECT,511.6018,True
1,3,Reporting,20,Q1,SELECT,1562.2397,True
1,3,Reporting,21,Q14,SELECT,514.3135,True
1,3,Reporting,22,Q1,SELECT,1563.6433,True
1,3,Reporting,23,U_orders,UPDATE,1.3848,True
1,3,Reporting,24,Q1,SELECT,1546.2642,True
1,3,Reporting,25,Q6,SELECT,508.1457,True
1,3,Reporting,26,Q1,SELECT,1543.1003,True
1,3,Reporting,27,Q1,SELECT,1571.9442,True
1,3,Reporting,28,Q1,SELECT,1588.8204,True
1,3,Reporting,29,Q12,SELECT,906.8813,True
1,4,Reporting,0,Q1,SELECT,1584.7991,True
1,4,Reporting,1,Q12,SELECT,936.6347,True
1,4,Reporting,2,Q4,SELECT,263.26,True
1,4,Reporting,3,Q6,SELECT,507.8175,True
1,4,Reporting,4,Q6,SELECT,510.7027,True
1,4,Reporting,5,Q14,SELECT,514.9193,True
1,4,Reporting,6,Q6,SELECT,506.5367,True
1,4,Reporting,7,Q12,SELECT,934.2299,True
1,4,Reporting,8,Q14,SELECT,517.5741,True
1,4,Reporting,9,Q14,SELECT,514.5088,True
1,4,Reporting,10,Q1,SELECT,1564.7545,True
1,4,Reporting,11,U_orders,UPDATE,1.323,True
1,4,Reporting,12,Q1,SELECT,1572.4334,True
1,4,Reporting,13,U_orders,UPDATE,1.3848,True
1,4,Reporting,14,Q6,SELECT,509.476,True
1,4,Reporting,15,Q14,SELECT,509.4778,True
1,4,Reporting,16,Q14,SELECT,509.2173,True
1,4,Reporting,17,U_orders,UPDATE,0.781,True
1,4,Reporting,18,Q4,SELECT,267.5041,True
1,4,Reporting,19,Q1,SELECT,1559.196,True
1,4,Reporting,20,Q14,SELECT,515.135,True
1,4,Reporting,21,U_orders,UPDATE,1.394,True
1,4,Reporting,22,Q1,SELECT,1550.5325,True
1,4,Reporting,23,U_orders,UPDATE,0.5414,True
1,4,Reporting,24,Q1,SELECT,1565.8423,True
1,4,Reporting,25,U_orders,UPDATE,0.3478,True
1,4,Reporting,26,Q1,SELECT,1549.2394,True
1,4,Reporting,27,Q1,SELECT,1688.9057,True
1,4,Reporting,28,Q12,SELECT,1043.8948,True
1,4,Reporting,29,Q4,SELECT,279.74,True
1,5,Reporting,0,Q12,SELECT,966.1128,True
1,5,Reporting,1,U_orders,UPDATE,0.4635,True
1,5,Reporting,2,U_orders,UPDATE,0.2872,True
1,5,Reporting,3,Q1,SELECT,1563.325,True
1,5,Reporting,4,Q1,SELECT,1569.6981,True
1,5,Reporting,5,Q6,SELECT,526.887,True
1,5,Reporting,6,Q4,SELECT,269.1896,True
1,5,Reporting,7,Q4,SELECT,262.0493,True
1,5,Reporting,8,Q12,SELECT,968.427,True
1,5,Reporting,9,Q4,SELECT,276.2652,True
1,5,Reporting,10,Q12,SELECT,950.0365,True
1,5,Reporting,11,Q14,SELECT,517.6728,True
1,5,Reporting,12,Q1,SELECT,1538.8373,True
1,5,Reporting,13,Q12,SELECT,942.6327,True
1,5,Reporting,14,Q1,SELECT,1585.4748,True
1,5,Reporting,15,Q6,SELECT,522.1657,True
1,5,Reporting,16,U_orders,UPDATE,0.7956,True
1,5,Reporting,17,U_orders,UPDATE,0.2569,True
1,5,Reporting,18,Q1,SELECT,1587.5817,True
1,5,Reporting,19,Q14,SELECT,524.8253,True
1,5,Reporting,20,Q12,SELECT,945.5672,True
1,5,Reporting,21,U_orders,UPDATE,0.2956,True
1,5,Reporting,22,Q1,SELECT,1589.9483,True
1,5,Reporting,23,Q14,SELECT,513.6686,True
1,5,Reporting,24,U_orders,UPDATE,0.5982,True
1,5,Reporting,25,Q6,SELECT,510.5953,True
1,5,Reporting,26,Q1,SELECT,1562.1693,True
1,5,Reporting,27,Q6,SELECT,513.8017,True
1,5,Reporting,28,Q1,SELECT,1573.1816,True
1,5,Reporting,29,Q6,SELECT,523.2426,True
1,6,Reporting,0,Q6,SELECT,519.2835,True
1,6,Reporting,1,Q14,SELECT,519.2155,True
1,6,Reporting,2,Q6,SELECT,514.4158,True
1,6,Reporting,3,Q14,SELECT,524.9503,True
1,6,Reporting,4,Q4,SELECT,281.012,True
1,6,Reporting,5,Q14,SELECT,525.3551,True
1,6,Reporting,6,Q1,SELECT,1598.4399,True
1,6,Reporting,7,U_orders,UPDATE,0.398,True
1,6,Reporting,8,Q14,SELECT,546.399,True
1,6,Reporting,9,Q14,SELECT,524.6009,True
1,6,Reporting,10,Q1,SELECT,1572.2595,True
1,6,Reporting,11,Q6,SELECT,511.981,True
1,6,Reporting,12,Q14,SELECT,508.4146,True
1,6,Reporting,13,Q1,SELECT,1568.3982,True
1,6,Reporting,14,Q1,SELECT,1561.1341,True
1,6,Reporting,15,U_orders,UPDATE,0.5601,True
1,6,Reporting,16,Q6,SELECT,513.1145,True
1,6,Reporting,17,Q12,SELECT,953.9505,True
1,6,Reporting,18,Q6,SELECT,519.997,True
1,6,Reporting,19,Q6,SELECT,512.2628,True
1,6,Reporting,20,U_orders,UPDATE,0.7875,True
1,6,Reporting,21,Q1,SELECT,1539.2696,True
1,6,Reporting,22,Q6,SELECT,522.1733,True
1,6,Reporting,23,Q6,SELECT,503.4396,True
1,6,Reporting,24,U_orders,UPDATE,0.4526,True
1,6,Reporting,25,Q4,SELECT,265.0909,True
1,6,Reporting,26,Q1,SELECT,1609.5711,True
1,6,Reporting,27,U_orders,UPDATE,0.5055,True
1,6,Reporting,28,U_orders,UPDATE,0.4826,True
1,6,Reporting,29,Q1,SELECT,1637.0949,True
1,7,Reporting,0,U_orders,UPDATE,1.446,True
1,7,Reporting,1,Q6,SELECT,524.6102,True
1,7,Reporting,2,Q1,SELECT,1651.8399,True
1,7,Reporting,3,Q4,SELECT,273.6347,True
1,7,Reporting,4,Q14,SELECT,513.4366,True
1,7,Reporting,5,Q12,SELECT,951.5967,True
1,7,Reporting,6,Q6,SELECT,519.8155,True
1,7,Reporting,7,Q14,SELECT,522.4811,True
1,7,Reporting,8,Q6,SELECT,516.1528,True
1,7,Reporting,9,Q12,SELECT,931.9893,True
1,7,Reporting,10,U_orders,UPDATE,0.6564,True
1,7,Reporting,11,Q6,SELECT,513.9995,True
1,7,Reporting,12,U_orders,UPDATE,1.2906,True
1,7,Reporting,13,Q1,SELECT,1587.5355,True
1,7,Reporting,14,U_orders,UPDATE,1.2967,True
1,7,Reporting,15,Q14,SELECT,525.0074,True
1,7,Reporting,16,Q14,SELECT,514.7618,True
1,7,Reporting,17,Q12,SELECT,929.1201,True
1,7,Reporting,18,Q4,SELECT,266.5562,True
1,7,Reporting,19,U_orders,UPDATE,1.3282,True
1,7,Reporting,20,U_orders,UPDATE,0.4358,True
1,7,Reporting,21,Q14,SELECT,519.2813,True
1,7,Reporting,22,Q4,SELECT,271.5382,True
1,7,Reporting,23,Q1,SELECT,1609.1385,True
1,7,Reporting,24,Q1,SELECT,1677.7524,True
1,7,Reporting,25,Q14,SELECT,546.6373,True
1,7,Reporting,26,Q12,SELECT,949.3002,True
1,7,Reporting,27,Q1,SELECT,1658.7019,True
1,7,Reporting,28,Q14,SELECT,541.6161,True
1,7,Reporting,29,Q1,SELECT,1690.4869,True
1,8,JoinHeavy,0,Q3,SELECT,785.6226,True
1,8,JoinHeavy,1,Q7,SELECT,420.7036,True
1,8,JoinHeavy,2,Q18,SELECT,5857.8022,True
1,8,JoinHeavy,3,Q7,SELECT,458.4287,True
1,8,JoinHeavy,4,Q5,SELECT,325.442,True
1,8,JoinHeavy,5,Q5,SELECT,311.1398,True
1,8,JoinHeavy,6,Q3,SELECT,735.8442,True
1,8,JoinHeavy,7,Q10,SELECT,821.2066,True
1,8,JoinHeavy,8,Q5,SELECT,317.4918,True
1,8,JoinHeavy,9,Q10,SELECT,814.7818,True
1,8,JoinHeavy,10,Q3,SELECT,743.0822,True
1,8,JoinHeavy,11,Q3,SELECT,750.1171,True
1,8,JoinHeavy,12,Q10,SELECT,826.3281,True
1,8,JoinHeavy,13,Q10,SELECT,809.9036,True
1,8,JoinHeavy,14,Q7,SELECT,420.4464,True
1,8,JoinHeavy,15,Q3,SELECT,747.2026,True
1,8,JoinHeavy,16,Q5,SELECT,310.9172,True
1,8,JoinHeavy,17,Q5,SELECT,314.0115,True
1,8,JoinHeavy,18,Q5,SELECT,307.2239,True
1,8,JoinHeavy,19,Q10,SELECT,836.3857,True
1,8,JoinHeavy,20,Q18,SELECT,5664.8211,True
1,8,JoinHeavy,21,Q5,SELECT,303.7586,True
1,8,JoinHeavy,22,I_customer,INSERT,3.6888,True
1,8,JoinHeavy,23,I_customer,INSERT,0.308,True
1,8,JoinHeavy,24,I_customer,INSERT,0.2548,True
1,8,JoinHeavy,25,I_customer,INSERT,0.25,True
1,8,JoinHeavy,26,I_customer,INSERT,0.2392,True
1,8,JoinHeavy,27,I_customer,INSERT,0.2236,True
1,8,JoinHeavy,28,I_customer,INSERT,0.3837,True
1,8,JoinHeavy,29,I_customer,INSERT,0.2441,True
1,8,JoinHeavy,30,I_customer,INSERT,0.22,True
1,8,JoinHeavy,31,I_customer,INSERT,0.2331,True
1,8,JoinHeavy,32,I_customer,INSERT,0.2626,True
1,8,JoinHeavy,33,I_customer,INSERT,0.285,True
1,8,JoinHeavy,34,I_customer,INSERT,0.2368,True
1,8,JoinHeavy,35,I_customer,INSERT,0.2289,True
1,8,JoinHeavy,36,I_customer,INSERT,0.22,True
1,8,JoinHeavy,37,I_customer,INSERT,0.2293,True
1,8,JoinHeavy,38,I_customer,INSERT,0.2728,True
1,8,JoinHeavy,39,I_customer,INSERT,0.2658,True
1,9,JoinHeavy,0,Q7,SELECT,423.7026,True
1,9,JoinHeavy,1,Q18,SELECT,5726.6803,True
1,9,JoinHeavy,2,Q10,SELECT,847.2606,True
1,9,JoinHeavy,3,Q10,SELECT,837.3366,True
1,9,JoinHeavy,4,Q18,SELECT,5767.5605,True
1,9,JoinHeavy,5,Q5,SELECT,335.9483,True
1,9,JoinHeavy,6,Q3,SELECT,751.0633,True
1,9,JoinHeavy,7,Q10,SELECT,821.0408,True
1,9,JoinHeavy,8,Q10,SELECT,844.048,True
1,9,JoinHeavy,9,Q5,SELECT,327.5293,True
1,9,JoinHeavy,10,Q3,SELECT,774.6216,True
1,9,JoinHeavy,11,Q10,SELECT,809.839,True
1,9,JoinHeavy,12,Q3,SELECT,720.6363,True
1,9,JoinHeavy,13,Q3,SELECT,721.6695,True
1,9,JoinHeavy,14,Q3,SELECT,725.0436,True
1,9,JoinHeavy,15,Q3,SELECT,735.9868,True
1,9,JoinHeavy,16,Q7,SELECT,413.3343,True
1,9,JoinHeavy,17,Q18,SELECT,5457.2142,True
1,9,JoinHeavy,18,Q3,SELECT,724.354,True
1,9,JoinHeavy,19,Q5,SELECT,304.7938,True
1,9,JoinHeavy,20,Q10,SELECT,813.9125,True
1,9,JoinHeavy,21,Q5,SELECT,304.5012,True
1,9,JoinHeavy,22,I_customer,INSERT,0.5865,True
1,9,JoinHeavy,23,I_customer,INSERT,0.3005,True
1,9,JoinHeavy,24,I_customer,INSERT,0.303,True
1,9,JoinHeavy,25,I_customer,INSERT,0.2625,True
1,9,JoinHeavy,26,I_customer,INSERT,0.2268,True
1,9,JoinHeavy,27,I_customer,INSERT,0.2211,True
1,9,JoinHeavy,28,I_customer,INSERT,0.2483,True
1,9,JoinHeavy,29,I_customer,INSERT,0.2414,True
1,9,JoinHeavy,30,I_customer,INSERT,0.235,True
1,9,JoinHeavy,31,I_customer,INSERT,0.2754,True
1,9,JoinHeavy,32,I_customer,INSERT,0.2246,True
1,9,JoinHeavy,33,I_customer,INSERT,0.2411,True
1,9,JoinHeavy,34,I_customer,INSERT,0.225,True
1,9,JoinHeavy,35,I_customer,INSERT,0.2237,True
1,9,JoinHeavy,36,I_customer,INSERT,0.2188,True
1,9,JoinHeavy,37,I_customer,INSERT,0.232,True
1,9,JoinHeavy,38,I_customer,INSERT,0.2174,True
1,9,JoinHeavy,39,I_customer,INSERT,0.2321,True
1,10,JoinHeavy,0,Q7,SELECT,417.6512,True
1,10,JoinHeavy,1,Q5,SELECT,301.6954,True
1,10,JoinHeavy,2,Q5,SELECT,305.3656,True
1,10,JoinHeavy,3,Q7,SELECT,416.1399,True
1,10,JoinHeavy,4,Q7,SELECT,414.2552,True
1,10,JoinHeavy,5,Q5,SELECT,305.4855,True
1,10,JoinHeavy,6,Q5,SELECT,302.3586,True
1,10,JoinHeavy,7,Q5,SELECT,303.2782,True
1,10,JoinHeavy,8,Q7,SELECT,434.6392,True
1,10,JoinHeavy,9,Q7,SELECT,415.9915,True
1,10,JoinHeavy,10,Q18,SELECT,5465.6094,True
1,10,JoinHeavy,11,Q7,SELECT,418.5043,True
1,10,JoinHeavy,12,Q10,SELECT,819.0463,True
1,10,JoinHeavy,13,Q3,SELECT,727.3391,True
1,10,JoinHeavy,14,Q3,SELECT,743.3441,True
1,10,JoinHeavy,15,Q3,SELECT,741.5183,True
1,10,JoinHeavy,16,Q10,SELECT,814.8704,True
1,10,JoinHeavy,17,Q5,SELECT,305.5487,True
1,10,JoinHeavy,18,Q5,SELECT,302.3152,True
1,10,JoinHeavy,19,Q5,SELECT,302.8254,True
1,10,JoinHeavy,20,Q3,SELECT,728.5808,True
1,10,JoinHeavy,21,Q7,SELECT,421.6279,True
1,10,JoinHeavy,22,I_customer,INSERT,1.2348,True
1,10,JoinHeavy,23,I_customer,INSERT,0.36,True
1,10,JoinHeavy,24,I_customer,INSERT,0.2702,True
1,10,JoinHeavy,25,I_customer,INSERT,0.2363,True
1,10,JoinHeavy,26,I_customer,INSERT,0.2274,True
1,10,JoinHeavy,27,I_customer,INSERT,0.2647,True
1,10,JoinHeavy,28,I_customer,INSERT,0.3968,True
1,10,JoinHeavy,29,I_customer,INSERT,0.2725,True
1,10,JoinHeavy,30,I_customer,INSERT,0.2701,True
1,10,JoinHeavy,31,I_customer,INSERT,0.2876,True
1,10,JoinHeavy,32,I_customer,INSERT,0.2679,True
1,10,JoinHeavy,33,I_customer,INSERT,0.2365,True
1,10,JoinHeavy,34,I_customer,INSERT,0.2231,True
1,10,JoinHeavy,35,I_customer,INSERT,0.2211,True
1,10,JoinHeavy,36,I_customer,INSERT,0.2236,True
1,10,JoinHeavy,37,I_customer,INSERT,0.2165,True
1,10,JoinHeavy,38,I_customer,INSERT,0.5795,True
1,10,JoinHeavy,39,I_customer,INSERT,0.2399,True
1,11,JoinHeavy,0,Q5,SELECT,305.1583,True
1,11,JoinHeavy,1,Q7,SELECT,418.192,True
1,11,JoinHeavy,2,Q3,SELECT,738.748,True
1,11,JoinHeavy,3,Q18,SELECT,5466.7728,True
1,11,JoinHeavy,4,Q3,SELECT,720.7556,True
1,11,JoinHeavy,5,Q5,SELECT,303.219,True
1,11,JoinHeavy,6,Q5,SELECT,303.9772,True
1,11,JoinHeavy,7,Q3,SELECT,719.1863,True
1,11,JoinHeavy,8,Q7,SELECT,414.1896,True
1,11,JoinHeavy,9,Q5,SELECT,302.4702,True
1,11,JoinHeavy,10,Q18,SELECT,5575.9254,True
1,11,JoinHeavy,11,Q5,SELECT,301.224,True
1,11,JoinHeavy,12,Q3,SELECT,720.7407,True
1,11,JoinHeavy,13,Q3,SELECT,736.0909,True
1,11,JoinHeavy,14,Q7,SELECT,411.2244,True
1,11,JoinHeavy,15,Q3,SELECT,730.4604,True
1,11,JoinHeavy,16,Q3,SELECT,735.2395,True
1,11,JoinHeavy,17,Q5,SELECT,299.3887,True
1,11,JoinHeavy,18,Q3,SELECT,717.1179,True
1,11,JoinHeavy,19,Q3,SELECT,719.8332,True
1,11,JoinHeavy,20,Q3,SELECT,719.1472,True
1,11,JoinHeavy,21,Q7,SELECT,414.1604,True
1,11,JoinHeavy,22,I_customer,INSERT,0.8212,True
1,11,JoinHeavy,23,I_customer,INSERT,0.3454,True
1,11,JoinHeavy,24,I_customer,INSERT,0.2742,True
1,11,JoinHeavy,25,I_customer,INSERT,0.2745,True
1,11,JoinHeavy,26,I_customer,INSERT,0.2346,True
1,11,JoinHeavy,27,I_customer,INSERT,0.275,True
1,11,JoinHeavy,28,I_customer,INSERT,0.278,True
1,11,JoinHeavy,29,I_customer,INSERT,0.2516,True
1,11,JoinHeavy,30,I_customer,INSERT,0.4453,True
1,11,JoinHeavy,31,I_customer,INSERT,0.2303,True
1,11,JoinHeavy,32,I_customer,INSERT,0.2349,True
1,11,JoinHeavy,33,I_customer,INSERT,0.2273,True
1,11,JoinHeavy,34,I_customer,INSERT,0.2208,True
1,11,JoinHeavy,35,I_customer,INSERT,0.2187,True
1,11,JoinHeavy,36,I_customer,INSERT,0.2051,True
1,11,JoinHeavy,37,I_customer,INSERT,0.2171,True
1,11,JoinHeavy,38,I_customer,INSERT,0.221,True
1,11,JoinHeavy,39,I_customer,INSERT,0.2301,True
1,12,JoinHeavy,0,Q3,SELECT,728.6006,True
1,12,JoinHeavy,1,Q5,SELECT,301.106,True
1,12,JoinHeavy,2,Q3,SELECT,715.9132,True
1,12,JoinHeavy,3,Q3,SELECT,735.703,True
1,12,JoinHeavy,4,Q7,SELECT,423.6937,True
1,12,JoinHeavy,5,Q3,SELECT,734.5807,True
1,12,JoinHeavy,6,Q10,SELECT,808.4228,True
1,12,JoinHeavy,7,Q3,SELECT,737.1472,True
1,12,JoinHeavy,8,Q7,SELECT,405.6815,True
1,12,JoinHeavy,9,Q7,SELECT,412.1612,True
1,12,JoinHeavy,10,Q5,SELECT,303.4754,True
1,12,JoinHeavy,11,Q3,SELECT,732.97,True
1,12,JoinHeavy,12,Q5,SELECT,302.1916,True
1,12,JoinHeavy,13,Q3,SELECT,716.3874,True
1,12,JoinHeavy,14,Q7,SELECT,421.7742,True
1,12,JoinHeavy,15,Q10,SELECT,834.4095,True
1,12,JoinHeavy,16,Q3,SELECT,750.866,True
1,12,JoinHeavy,17,Q10,SELECT,843.2598,True
1,12,JoinHeavy,18,Q18,SELECT,5803.5805,True
1,12,JoinHeavy,19,Q10,SELECT,866.3504,True
1,12,JoinHeavy,20,Q3,SELECT,770.7241,True
1,12,JoinHeavy,21,Q3,SELECT,744.4088,True
1,12,JoinHeavy,22,I_customer,INSERT,0.5737,True
1,12,JoinHeavy,23,I_customer,INSERT,0.1795,True
1,12,JoinHeavy,24,I_customer,INSERT,0.1505,True
1,12,JoinHeavy,25,I_customer,INSERT,0.1317,True
1,12,JoinHeavy,26,I_customer,INSERT,0.1357,True
1,12,JoinHeavy,27,I_customer,INSERT,0.1593,True
1,12,JoinHeavy,28,I_customer,INSERT,0.1306,True
1,12,JoinHeavy,29,I_customer,INSERT,0.138,True
1,12,JoinHeavy,30,I_customer,INSERT,0.1207,True
1,12,JoinHeavy,31,I_customer,INSERT,0.1183,True
1,12,JoinHeavy,32,I_customer,INSERT,0.1335,True
1,12,JoinHeavy,33,I_customer,INSERT,0.1127,True
1,12,JoinHeavy,34,I_customer,INSERT,0.1239,True
1,12,JoinHeavy,35,I_customer,INSERT,0.1182,True
1,12,JoinHeavy,36,I_customer,INSERT,0.1149,True
1,12,JoinHeavy,37,I_customer,INSERT,0.1132,True
1,12,JoinHeavy,38,I_customer,INSERT,0.1818,True
1,12,JoinHeavy,39,I_customer,INSERT,0.2586,True
1,13,JoinHeavy,0,Q3,SELECT,732.4759,True
1,13,JoinHeavy,1,Q5,SELECT,305.0695,True
1,13,JoinHeavy,2,Q10,SELECT,813.4767,True
1,13,JoinHeavy,3,Q5,SELECT,309.7825,True
1,13,JoinHeavy,4,Q3,SELECT,735.6099,True
1,13,JoinHeavy,5,Q10,SELECT,878.0418,True
1,13,JoinHeavy,6,Q5,SELECT,317.2909,True
1,13,JoinHeavy,7,Q3,SELECT,720.5204,True
1,13,JoinHeavy,8,Q7,SELECT,445.5755,True
1,13,JoinHeavy,9,Q7,SELECT,429.0192,True
1,13,JoinHeavy,10,Q5,SELECT,324.3583,True
1,13,JoinHeavy,11,Q5,SELECT,301.6357,True
1,13,JoinHeavy,12,Q3,SELECT,729.7284,True
1,13,JoinHeavy,13,Q3,SELECT,750.7443,True
1,13,JoinHeavy,14,Q5,SELECT,307.7072,True
1,13,JoinHeavy,15,Q10,SELECT,808.3656,True
1,13,JoinHeavy,16,Q3,SELECT,705.8384,True
1,13,JoinHeavy,17,Q10,SELECT,802.751,True
1,13,JoinHeavy,18,Q3,SELECT,703.5807,True
1,13,JoinHeavy,19,Q5,SELECT,292.9905,True
1,13,JoinHeavy,20,Q3,SELECT,732.5961,True
1,13,JoinHeavy,21,Q10,SELECT,787.1768,True
1,13,JoinHeavy,22,I_customer,INSERT,0.822,True
1,13,JoinHeavy,23,I_customer,INSERT,0.3086,True
1,13,JoinHeavy,24,I_customer,INSERT,0.2466,True
1,13,JoinHeavy,25,I_customer,INSERT,0.2725,True
1,13,JoinHeavy,26,I_customer,INSERT,0.2202,True
1,13,JoinHeavy,27,I_customer,INSERT,0.231,True
1,13,JoinHeavy,28,I_customer,INSERT,0.2488,True
1,13,JoinHeavy,29,I_customer,INSERT,0.3826,True
1,13,JoinHeavy,30,I_customer,INSERT,0.3091,True
1,13,JoinHeavy,31,I_customer,INSERT,0.3508,True
1,13,JoinHeavy,32,I_customer,INSERT,0.2478,True
1,13,JoinHeavy,33,I_customer,INSERT,0.2222,True
1,13,JoinHeavy,34,I_customer,INSERT,0.2046,True
1,13,JoinHeavy,35,I_customer,INSERT,0.1839,True
1,13,JoinHeavy,36,I_customer,INSERT,0.3499,True
1,13,JoinHeavy,37,I_customer,INSERT,0.1817,True
1,13,JoinHeavy,38,I_customer,INSERT,0.1567,True
1,13,JoinHeavy,39,I_customer,INSERT,0.1573,True
1,14,JoinHeavy,0,Q10,SELECT,806.9938,True
1,14,JoinHeavy,1,Q10,SELECT,818.5524,True
1,14,JoinHeavy,2,Q3,SELECT,724.9646,True
1,14,JoinHeavy,3,Q3,SELECT,727.3792,True
1,14,JoinHeavy,4,Q5,SELECT,305.661,True
1,14,JoinHeavy,5,Q10,SELECT,814.0415,True
1,14,JoinHeavy,6,Q10,SELECT,807.4922,True
1,14,JoinHeavy,7,Q3,SELECT,743.2218,True
1,14,JoinHeavy,8,Q7,SELECT,416.4387,True
1,14,JoinHeavy,9,Q3,SELECT,736.78,True
1,14,JoinHeavy,10,Q3,SELECT,726.6884,True
1,14,JoinHeavy,11,Q3,SELECT,703.5976,True
1,14,JoinHeavy,12,Q5,SELECT,299.923,True
1,14,JoinHeavy,13,Q3,SELECT,715.4718,True
1,14,JoinHeavy,14,Q5,SELECT,298.4377,True
1,14,JoinHeavy,15,Q7,SELECT,409.3018,True
1,14,JoinHeavy,16,Q10,SELECT,799.4097,True
1,14,JoinHeavy,17,Q3,SELECT,732.0551,True
1,14,JoinHeavy,18,Q7,SELECT,449.2795,True
1,14,JoinHeavy,19,Q3,SELECT,737.8262,True
1,14,JoinHeavy,20,Q3,SELECT,702.3551,True
1,14,JoinHeavy,21,Q5,SELECT,308.4175,True
1,14,JoinHeavy,22,I_customer,INSERT,0.5858,True
1,14,JoinHeavy,23,I_customer,INSERT,0.2677,True
1,14,JoinHeavy,24,I_customer,INSERT,0.2787,True
1,14,JoinHeavy,25,I_customer,INSERT,0.2263,True
1,14,JoinHeavy,26,I_customer,INSERT,0.2261,True
1,14,JoinHeavy,27,I_customer,INSERT,0.2213,True
1,14,JoinHeavy,28,I_customer,INSERT,0.2194,True
1,14,JoinHeavy,29,I_customer,INSERT,0.2281,True
1,14,JoinHeavy,30,I_customer,INSERT,0.2169,True
1,14,JoinHeavy,31,I_customer,INSERT,0.2252,True
1,14,JoinHeavy,32,I_customer,INSERT,0.2168,True
1,14,JoinHeavy,33,I_customer,INSERT,0.2148,True
1,14,JoinHeavy,34,I_customer,INSERT,0.2144,True
1,14,JoinHeavy,35,I_customer,INSERT,0.2121,True
1,14,JoinHeavy,36,I_customer,INSERT,0.2135,True
1,14,JoinHeavy,37,I_customer,INSERT,0.2163,True
1,14,JoinHeavy,38,I_customer,INSERT,0.2256,True
1,14,JoinHeavy,39,I_customer,INSERT,0.2553,True
1,15,JoinHeavy,0,Q3,SELECT,773.2413,True
1,15,JoinHeavy,1,Q3,SELECT,758.9811,True
1,15,JoinHeavy,2,Q3,SELECT,744.4081,True
1,15,JoinHeavy,3,Q5,SELECT,351.3154,True
1,15,JoinHeavy,4,Q3,SELECT,774.3647,True
1,15,JoinHeavy,5,Q10,SELECT,854.2318,True
1,15,JoinHeavy,6,Q3,SELECT,730.7935,True
1,15,JoinHeavy,7,Q7,SELECT,428.0076,True
1,15,JoinHeavy,8,Q3,SELECT,732.042,True
1,15,JoinHeavy,9,Q5,SELECT,322.4313,True
1,15,JoinHeavy,10,Q7,SELECT,467.5714,True
1,15,JoinHeavy,11,Q10,SELECT,949.3367,True
1,15,JoinHeavy,12,Q5,SELECT,330.5137,True
1,15,JoinHeavy,13,Q3,SELECT,761.9286,True
1,15,JoinHeavy,14,Q7,SELECT,433.0207,True
1,15,JoinHeavy,15,Q18,SELECT,5995.955,True
1,15,JoinHeavy,16,Q10,SELECT,877.3508,True
1,15,JoinHeavy,17,Q3,SELECT,738.8723,True
1,15,JoinHeavy,18,Q5,SELECT,312.6477,True
1,15,JoinHeavy,19,Q5,SELECT,307.469,True
1,15,JoinHeavy,20,Q10,SELECT,871.2682,True
1,15,JoinHeavy,21,Q3,SELECT,763.425,True
1,15,JoinHeavy,22,I_customer,INSERT,0.9367,True
1,15,JoinHeavy,23,I_customer,INSERT,0.3175,True
1,15,JoinHeavy,24,I_customer,INSERT,0.2472,True
1,15,JoinHeavy,25,I_customer,INSERT,0.2341,True
1,15,JoinHeavy,26,I_customer,INSERT,0.2004,True
1,15,JoinHeavy,27,I_customer,INSERT,0.1763,True
1,15,JoinHeavy,28,I_customer,INSERT,0.1967,True
1,15,JoinHeavy,29,I_customer,INSERT,0.2513,True
1,15,JoinHeavy,30,I_customer,INSERT,0.2172,True
1,15,JoinHeavy,31,I_customer,INSERT,0.228,True
1,15,JoinHeavy,32,I_customer,INSERT,0.3148,True
1,15,JoinHeavy,33,I_customer,INSERT,0.1822,True
1,15,JoinHeavy,34,I_customer,INSERT,0.2032,True
1,15,JoinHeavy,35,I_customer,INSERT,0.2209,True
1,15,JoinHeavy,36,I_customer,INSERT,0.2614,True
1,15,JoinHeavy,37,I_customer,INSERT,0.2678,True
1,15,JoinHeavy,38,I_customer,INSERT,0.2545,True
1,15,JoinHeavy,39,I_customer,INSERT,0.2362,True
1,16,Procurement,0,D_orders,DELETE,0.4937,True
1,16,Procurement,1,D_orders,DELETE,0.1692,True
1,16,Procurement,2,D_orders,DELETE,0.1214,True
1,16,Procurement,3,D_orders,DELETE,0.127,True
1,16,Procurement,4,Q14,SELECT,538.4113,True
1,16,Procurement,5,Q17,SELECT,3974.701,True
1,16,Procurement,6,Q17,SELECT,3814.5929,True
1,16,Procurement,7,Q17,SELECT,3844.7412,True
1,16,Procurement,8,Q11,SELECT,158.7332,True
1,16,Procurement,9,Q17,SELECT,3732.6046,True
1,16,Procurement,10,Q6,SELECT,516.319,True
1,16,Procurement,11,Q6,SELECT,529.0541,True
1,16,Procurement,12,Q11,SELECT,141.2827,True
1,16,Procurement,13,Q17,SELECT,3800.1115,True
1,16,Procurement,14,Q6,SELECT,531.9142,True
1,16,Procurement,15,Q17,SELECT,3798.6838,True
1,16,Procurement,16,Q11,SELECT,140.9122,True
1,16,Procurement,17,Q6,SELECT,517.1025,True
1,16,Procurement,18,Q11,SELECT,138.8084,True
1,16,Procurement,19,Q17,SELECT,3809.9741,True
1,16,Procurement,20,Q6,SELECT,528.9484,True
1,16,Procurement,21,Q17,SELECT,3709.9988,True
1,16,Procurement,22,Q6,SELECT,505.2167,True
1,16,Procurement,23,Q14,SELECT,510.8202,True
1,16,Procurement,24,Q11,SELECT,140.9436,True
1,17,Procurement,0,D_orders,DELETE,0.949,True
1,17,Procurement,1,D_orders,DELETE,0.1862,True
1,17,Procurement,2,D_orders,DELETE,0.2439,True
1,17,Procurement,3,D_orders,DELETE,0.1325,True
1,17,Procurement,4,Q11,SELECT,141.7921,True
1,17,Procurement,5,Q11,SELECT,142.9512,True
1,17,Procurement,6,Q17,SELECT,3955.379,True
1,17,Procurement,7,Q17,SELECT,3765.0618,True
1,17,Procurement,8,Q14,SELECT,535.6078,True
1,17,Procurement,9,Q17,SELECT,3734.9947,True
1,17,Procurement,10,Q11,SELECT,141.5791,True
1,17,Procurement,11,Q11,SELECT,162.325,True
1,17,Procurement,12,Q14,SELECT,535.2615,True
1,17,Procurement,13,Q17,SELECT,3744.155,True
1,17,Procurement,14,Q6,SELECT,518.8663,True
1,17,Procurement,15,Q6,SELECT,519.212,True
1,17,Procurement,16,Q11,SELECT,144.2031,True
1,17,Procurement,17,Q6,SELECT,519.4726,True
1,17,Procurement,18,Q11,SELECT,137.7933,True
1,17,Procurement,19,Q1,SELECT,1554.7551,True
1,17,Procurement,20,Q17,SELECT,4071.6297,True
1,17,Procurement,21,Q11,SELECT,185.1579,True
1,17,Procurement,22,Q17,SELECT,4810.8455,True
1,17,Procurement,23,Q11,SELECT,162.2575,True
1,17,Procurement,24,Q1,SELECT,1578.9612,True
1,18,Procurement,0,D_orders,DELETE,0.2909,True
1,18,Procurement,1,D_orders,DELETE,0.1114,True
1,18,Procurement,2,D_orders,DELETE,0.4804,True
1,18,Procurement,3,D_orders,DELETE,0.1321,True
1,18,Procurement,4,Q17,SELECT,4887.8707,True
1,18,Procurement,5,Q11,SELECT,160.4215,True
1,18,Procurement,6,Q17,SELECT,3880.185,True
1,18,Procurement,7,Q17,SELECT,3733.6632,True
1,18,Procurement,8,Q6,SELECT,516.683,True
1,18,Procurement,9,Q14,SELECT,522.189,True
1,18,Procurement,10,Q17,SELECT,3846.3486,True
1,18,Procurement,11,Q6,SELECT,529.9052,True
1,18,Procurement,12,Q1,SELECT,1534.5925,True
1,18,Procurement,13,Q14,SELECT,539.7065,True
1,18,Procurement,14,Q11,SELECT,145.967,True
1,18,Procurement,15,Q17,SELECT,3968.4316,True
1,18,Procurement,16,Q11,SELECT,154.6598,True
1,18,Procurement,17,Q11,SELECT,139.1049,True
1,18,Procurement,18,Q6,SELECT,520.8303,True
1,18,Procurement,19,Q6,SELECT,514.0851,True
1,18,Procurement,20,Q6,SELECT,518.9656,True
1,18,Procurement,21,Q17,SELECT,4059.0975,True
1,18,Procurement,22,Q14,SELECT,542.885,True
1,18,Procurement,23,Q11,SELECT,142.5295,True
1,18,Procurement,24,Q17,SELECT,3823.3036,True
1,19,Procurement,0,D_orders,DELETE,1.2349,True
1,19,Procurement,1,D_orders,DELETE,0.275,True
1,19,Procurement,2,D_orders,DELETE,0.1465,True
1,19,Procurement,3,D_orders,DELETE,0.3285,True
1,19,Procurement,4,Q6,SELECT,522.4658,True
1,19,Procurement,5,Q11,SELECT,152.734,True
1,19,Procurement,6,Q1,SELECT,1571.3518,True
1,19,Procurement,7,Q11,SELECT,153.1336,True
1,19,Procurement,8,Q17,SELECT,3853.3237,True
1,19,Procurement,9,Q6,SELECT,518.9015,True
1,19,Procurement,10,Q17,SELECT,3671.5918,True
1,19,Procurement,11,Q11,SELECT,139.4553,True
1,19,Procurement,12,Q17,SELECT,4134.2865,True
1,19,Procurement,13,Q17,SELECT,4111.8577,True
1,19,Procurement,14,Q11,SELECT,164.8871,True
1,19,Procurement,15,Q11,SELECT,142.3148,True
1,19,Procurement,16,Q17,SELECT,4125.056,True
1,19,Procurement,17,Q6,SELECT,542.9198,True
1,19,Procurement,18,Q17,SELECT,3966.9326,True
1,19,Procurement,19,Q17,SELECT,3775.1938,True
1,19,Procurement,20,Q14,SELECT,524.1597,True
1,19,Procurement,21,Q11,SELECT,160.3379,True
1,19,Procurement,22,Q17,SELECT,3724.545,True
1,19,Procurement,23,Q17,SELECT,3950.6297,True
1,19,Procurement,24,Q6,SELECT,514.9321,True
1,20,Procurement,0,D_orders,DELETE,1.2406,True
1,20,Procurement,1,D_orders,DELETE,0.4555,True
1,20,Procurement,2,D_orders,DELETE,0.153,True
1,20,Procurement,3,D_orders,DELETE,0.1425,True
1,20,Procurement,4,Q6,SELECT,509.639,True
1,20,Procurement,5,Q17,SELECT,3769.507,True
1,20,Procurement,6,Q6,SELECT,511.626,True
1,20,Procurement,7,Q1,SELECT,1549.8416,True
1,20,Procurement,8,Q17,SELECT,3795.0835,True
1,20,Procurement,9,Q11,SELECT,159.824,True
1,20,Procurement,10,Q6,SELECT,517.8681,True
1,20,Procurement,11,Q17,SELECT,3947.2318,True
1,20,Procurement,12,Q14,SELECT,539.8928,True
1,20,Procurement,13,Q17,SELECT,3942.7017,True
1,20,Procurement,14,Q1,SELECT,1546.2409,True
1,20,Procurement,15,Q17,SELECT,3849.3787,True
1,20,Procurement,16,Q11,SELECT,144.5973,True
1,20,Procurement,17,Q17,SELECT,3782.7672,True
1,20,Procurement,18,Q17,SELECT,3781.8131,True
1,20,Procurement,19,Q17,SELECT,3775.2639,True
1,20,Procurement,20,Q11,SELECT,142.3279,True
1,20,Procurement,21,Q6,SELECT,512.1308,True
1,20,Procurement,22,Q14,SELECT,516.8712,True
1,20,Procurement,23,Q1,SELECT,1546.8422,True
1,20,Procurement,24,Q6,SELECT,529.0954,True
1,21,Procurement,0,D_orders,DELETE,0.3733,True
1,21,Procurement,1,D_orders,DELETE,0.2019,True
1,21,Procurement,2,D_orders,DELETE,0.3316,True
1,21,Procurement,3,D_orders,DELETE,0.1777,True
1,21,Procurement,4,Q17,SELECT,3781.1427,True
1,21,Procurement,5,Q17,SELECT,3837.056,True
1,21,Procurement,6,Q1,SELECT,1585.3608,True
1,21,Procurement,7,Q11,SELECT,152.6788,True
1,21,Procurement,8,Q6,SELECT,541.838,True
1,21,Procurement,9,Q17,SELECT,3965.8423,True
1,21,Procurement,10,Q17,SELECT,3768.0912,True
1,21,Procurement,11,Q11,SELECT,142.655,True
1,21,Procurement,12,Q17,SELECT,3776.7189,True
1,21,Procurement,13,Q14,SELECT,512.7953,True
1,21,Procurement,14,Q17,SELECT,3740.7309,True
1,21,Procurement,15,Q11,SELECT,142.9603,True
1,21,Procurement,16,Q11,SELECT,141.0666,True
1,21,Procurement,17,Q17,SELECT,3867.8417,True
1,21,Procurement,18,Q11,SELECT,147.0347,True
1,21,Procurement,19,Q17,SELECT,3859.8393,True
1,21,Procurement,20,Q14,SELECT,533.3055,True
1,21,Procurement,21,Q17,SELECT,3765.3948,True
1,21,Procurement,22,Q6,SELECT,519.512,True
1,21,Procurement,23,Q11,SELECT,142.4109,True
1,21,Procurement,24,Q1,SELECT,1542.5689,True
1,22,Procurement,0,D_orders,DELETE,0.7876,True
1,22,Procurement,1,D_orders,DELETE,0.1373,True
1,22,Procurement,2,D_orders,DELETE,0.1864,True
1,22,Procurement,3,D_orders,DELETE,0.4799,True
1,22,Procurement,4,Q11,SELECT,144.2412,True
1,22,Procurement,5,Q14,SELECT,527.9967,True
1,22,Procurement,6,Q11,SELECT,145.4757,True
1,22,Procurement,7,Q1,SELECT,1668.7168,True
1,22,Procurement,8,Q6,SELECT,550.313,True
1,22,Procurement,9,Q6,SELECT,554.5205,True
1,22,Procurement,10,Q17,SELECT,3845.8325,True
1,22,Procurement,11,Q11,SELECT,142.115,True
1,22,Procurement,12,Q17,SELECT,3822.6118,True
1,22,Procurement,13,Q11,SELECT,144.391,True
1,22,Procurement,14,Q1,SELECT,1614.3613,True
1,22,Procurement,15,Q6,SELECT,540.0242,True
1,22,Procurement,16,Q6,SELECT,541.2666,True
1,22,Procurement,17,Q1,SELECT,1709.5677,True
1,22,Procurement,18,Q1,SELECT,1802.2569,True
1,22,Procurement,19,Q6,SELECT,557.7792,True
1,22,Procurement,20,Q11,SELECT,158.2602,True
1,22,Procurement,21,Q6,SELECT,559.1809,True
1,22,Procurement,22,Q11,SELECT,151.1612,True
1,22,Procurement,23,Q17,SELECT,3991.6523,True
1,22,Procurement,24,Q17,SELECT,3890.8923,True
1,23,Procurement,0,D_orders,DELETE,0.8588,True
1,23,Procurement,1,D_orders,DELETE,0.5027,True
1,23,Procurement,2,D_orders,DELETE,0.1732,True
1,23,Procurement,3,D_orders,DELETE,0.1661,True
1,23,Procurement,4,Q17,SELECT,3775.9437,True
1,23,Procurement,5,Q11,SELECT,143.425,True
1,23,Procurement,6,Q17,SELECT,3728.2155,True
1,23,Procurement,7,Q17,SELECT,3841.3729,True
1,23,Procurement,8,Q11,SELECT,145.8269,True
1,23,Procurement,9,Q11,SELECT,143.8992,True
1,23,Procurement,10,Q11,SELECT,141.0299,True
1,23,Procurement,11,Q6,SELECT,519.5977,True
1,23,Procurement,12,Q6,SELECT,510.4472,True
1,23,Procurement,13,Q17,SELECT,3844.2001,True
1,23,Procurement,14,Q1,SELECT,1549.6816,True
1,23,Procurement,15,Q11,SELECT,151.3995,True
1,23,Procurement,16,Q11,SELECT,142.4042,True
1,23,Procurement,17,Q11,SELECT,143.5102,True
1,23,Procurement,18,Q14,SELECT,527.2516,True
1,23,Procurement,19,Q11,SELECT,147.9883,True
1,23,Procurement,20,Q1,SELECT,1668.9607,True
1,23,Procurement,21,Q1,SELECT,1790.6778,True
1,23,Procurement,22,Q14,SELECT,565.9742,True
1,23,Procurement,23,Q6,SELECT,547.2003,True
1,23,Procurement,24,Q17,SELECT,4256.7064,True
1,24,Customer,0,Q7,SELECT,541.1253,True
1,24,Customer,1,U_customer,UPDATE,1.0996,True
1,24,Customer,2,Q3,SELECT,751.9111,True
1,24,Customer,3,U_customer,UPDATE,1.5973,True
1,24,Customer,4,Q18,SELECT,5759.855,True
1,24,Customer,5,U_customer,UPDATE,0.9439,True
1,24,Customer,6,Q7,SELECT,528.9637,True
1,24,Customer,7,U_customer,UPDATE,1.573,True
1,24,Customer,8,Q5,SELECT,329.7618,True
1,24,Customer,9,U_customer,UPDATE,1.4394,True
1,24,Customer,10,Q18,SELECT,6179.4895,True
1,24,Customer,11,U_customer,UPDATE,21.6231,True
1,24,Customer,12,Q10,SELECT,1036.1637,True
1,24,Customer,13,U_customer,UPDATE,3.3831,True
1,24,Customer,14,Q10,SELECT,875.3894,True
1,24,Customer,15,U_customer,UPDATE,1.4862,True
1,24,Customer,16,Q3,SELECT,797.2773,True
1,24,Customer,17,U_customer,UPDATE,1.3378,True
1,24,Customer,18,Q18,SELECT,6656.3002,True
1,24,Customer,19,U_customer,UPDATE,0.9935,True
1,25,Customer,0,Q7,SELECT,651.286,True
1,25,Customer,1,U_customer,UPDATE,1.3297,True
1,25,Customer,2,Q18,SELECT,6153.3177,True
1,25,Customer,3,U_customer,UPDATE,1.1709,True
1,25,Customer,4,Q10,SELECT,929.3644,True
1,25,Customer,5,U_customer,UPDATE,0.7994,True
1,25,Customer,6,Q7,SELECT,453.0919,True
1,25,Customer,7,U_customer,UPDATE,0.4057,True
1,25,Customer,8,Q18,SELECT,5822.1762,True
1,25,Customer,9,U_customer,UPDATE,1.4897,True
1,25,Customer,10,Q3,SELECT,868.5099,True
1,25,Customer,11,U_customer,UPDATE,0.914,True
1,25,Customer,12,Q18,SELECT,5508.6692,True
1,25,Customer,13,U_customer,UPDATE,0.4217,True
1,25,Customer,14,Q18,SELECT,5545.1524,True
1,25,Customer,15,U_customer,UPDATE,0.4067,True
1,25,Customer,16,Q3,SELECT,822.9931,True
1,25,Customer,17,U_customer,UPDATE,0.6861,True
1,25,Customer,18,Q18,SELECT,5583.0671,True
1,25,Customer,19,U_customer,UPDATE,0.3754,True
1,26,Customer,0,Q3,SELECT,748.005,True
1,26,Customer,1,U_customer,UPDATE,0.8011,True
1,26,Customer,2,Q3,SELECT,737.8806,True
1,26,Customer,3,U_customer,UPDATE,0.7127,True
1,26,Customer,4,Q10,SELECT,815.5158,True
1,26,Customer,5,U_customer,UPDATE,1.0191,True
1,26,Customer,6,Q18,SELECT,5371.2173,True
1,26,Customer,7,U_customer,UPDATE,0.5386,True
1,26,Customer,8,Q3,SELECT,741.4639,True
1,26,Customer,9,U_customer,UPDATE,0.938,True
1,26,Customer,10,Q10,SELECT,805.7006,True
1,26,Customer,11,U_customer,UPDATE,0.9492,True
1,26,Customer,12,Q10,SELECT,869.2427,True
1,26,Customer,13,U_customer,UPDATE,0.7089,True
1,26,Customer,14,Q10,SELECT,828.0878,True
1,26,Customer,15,U_customer,UPDATE,0.6614,True
1,26,Customer,16,Q10,SELECT,812.6953,True
1,26,Customer,17,U_customer,UPDATE,0.9359,True
1,26,Customer,18,Q5,SELECT,309.9716,True
1,26,Customer,19,U_customer,UPDATE,0.9983,True
1,27,Customer,0,Q3,SELECT,724.8933,True
1,27,Customer,1,U_customer,UPDATE,0.7013,True
1,27,Customer,2,Q10,SELECT,805.56,True
1,27,Customer,3,U_customer,UPDATE,0.7758,True
1,27,Customer,4,Q18,SELECT,5786.3541,True
1,27,Customer,5,U_customer,UPDATE,0.8279,True
1,27,Customer,6,Q7,SELECT,482.07,True
1,27,Customer,7,U_customer,UPDATE,1.5488,True
1,27,Customer,8,Q7,SELECT,427.594,True
1,27,Customer,9,U_customer,UPDATE,1.5903,True
1,27,Customer,10,Q3,SELECT,742.3725,True
1,27,Customer,11,U_customer,UPDATE,1.2245,True
1,27,Customer,12,Q10,SELECT,832.9369,True
1,27,Customer,13,U_customer,UPDATE,1.4969,True
1,27,Customer,14,Q3,SELECT,736.6265,True
1,27,Customer,15,U_customer,UPDATE,1.4373,True
1,27,Customer,16,Q18,SELECT,5670.7663,True
1,27,Customer,17,U_customer,UPDATE,1.155,True
1,27,Customer,18,Q18,SELECT,5441.0847,True
1,27,Customer,19,U_customer,UPDATE,1.178,True
1,28,Customer,0,Q3,SELECT,750.5509,True
1,28,Customer,1,U_customer,UPDATE,1.3284,True
1,28,Customer,2,Q5,SELECT,316.3568,True
1,28,Customer,3,U_customer,UPDATE,0.619,True
1,28,Customer,4,Q10,SELECT,825.7497,True
1,28,Customer,5,U_customer,UPDATE,1.5494,True
1,28,Customer,6,Q18,SELECT,5952.5744,True
1,28,Customer,7,U_customer,UPDATE,1.6039,True
1,28,Customer,8,Q3,SELECT,824.7516,True
1,28,Customer,9,U_customer,UPDATE,1.582,True
1,28,Customer,10,Q18,SELECT,5912.3333,True
1,28,Customer,11,U_customer,UPDATE,1.0196,True
1,28,Customer,12,Q18,SELECT,5575.5461,True
1,28,Customer,13,U_customer,UPDATE,1.0591,True
1,28,Customer,14,Q10,SELECT,929.8548,True
1,28,Customer,15,U_customer,UPDATE,1.822,True
1,28,Customer,16,Q10,SELECT,909.1978,True
1,28,Customer,17,U_customer,UPDATE,1.3284,True
1,28,Customer,18,Q18,SELECT,6232.506,True
1,28,Customer,19,U_customer,UPDATE,1.339,True
1,29,Customer,0,Q7,SELECT,603.5844,True
1,29,Customer,1,U_customer,UPDATE,1.2365,True
1,29,Customer,2,Q10,SELECT,880.7882,True
1,29,Customer,3,U_customer,UPDATE,1.3942,True
1,29,Customer,4,Q3,SELECT,745.5281,True
1,29,Customer,5,U_customer,UPDATE,0.5386,True
1,29,Customer,6,Q3,SELECT,712.3657,True
1,29,Customer,7,U_customer,UPDATE,0.7423,True
1,29,Customer,8,Q10,SELECT,830.6477,True
1,29,Customer,9,U_customer,UPDATE,0.8613,True
1,29,Customer,10,Q10,SELECT,819.7084,True
1,29,Customer,11,U_customer,UPDATE,0.7962,True
1,29,Customer,12,Q18,SELECT,6421.8301,True
1,29,Customer,13,U_customer,UPDATE,1.223,True
1,29,Customer,14,Q18,SELECT,6206.4663,True
1,29,Customer,15,U_customer,UPDATE,1.25,True
1,29,Customer,16,Q7,SELECT,577.8537,True
1,29,Customer,17,U_customer,UPDATE,1.1293,True
1,29,Customer,18,Q10,SELECT,881.8031,True
1,29,Customer,19,U_customer,UPDATE,0.6781,True
1,30,Customer,0,Q18,SELECT,5902.0099,True
1,30,Customer,1,U_customer,UPDATE,1.5631,True
1,30,Customer,2,Q18,SELECT,5957.2021,True
1,30,Customer,3,U_customer,UPDATE,1.1969,True
1,30,Customer,4,Q3,SELECT,831.0095,True
1,30,Customer,5,U_customer,UPDATE,1.2875,True
1,30,Customer,6,Q5,SELECT,319.3259,True
1,30,Customer,7,U_customer,UPDATE,1.4277,True
1,30,Customer,8,Q5,SELECT,312.5621,True
1,30,Customer,9,U_customer,UPDATE,1.7248,True
1,30,Customer,10,Q18,SELECT,6206.4612,True
1,30,Customer,11,U_customer,UPDATE,1.1018,True
1,30,Customer,12,Q10,SELECT,1075.4383,True
1,30,Customer,13,U_customer,UPDATE,1.3249,True
1,30,Customer,14,Q18,SELECT,6330.3275,True
1,30,Customer,15,U_customer,UPDATE,1.2042,True
1,30,Customer,16,Q10,SELECT,966.524,True
1,30,Customer,17,U_customer,UPDATE,0.7726,True
1,30,Customer,18,Q18,SELECT,6154.2025,True
1,30,Customer,19,U_customer,UPDATE,1.1961,True
1,31,Customer,0,Q18,SELECT,6496.223,True
1,31,Customer,1,U_customer,UPDATE,1.3128,True
1,31,Customer,2,Q18,SELECT,6127.2259,True
1,31,Customer,3,U_customer,UPDATE,1.1532,True
1,31,Customer,4,Q10,SELECT,887.2201,True
1,31,Customer,5,U_customer,UPDATE,3.0884,True
1,31,Customer,6,Q18,SELECT,5674.2461,True
1,31,Customer,7,U_customer,UPDATE,0.9135,True
1,31,Customer,8,Q10,SELECT,952.8236,True
1,31,Customer,9,U_customer,UPDATE,9.5,True
1,31,Customer,10,Q3,SELECT,780.1435,True
1,31,Customer,11,U_customer,UPDATE,0.7228,True
1,31,Customer,12,Q18,SELECT,5689.348,True
1,31,Customer,13,U_customer,UPDATE,1.2593,True
1,31,Customer,14,Q3,SELECT,822.8445,True
1,31,Customer,15,U_customer,UPDATE,1.3462,True
1,31,Customer,16,Q5,SELECT,334.4923,True
1,31,Customer,17,U_customer,UPDATE,1.3821,True
1,31,Customer,18,Q3,SELECT,744.1713,True
1,31,Customer,19,U_customer,UPDATE,0.6752,True
2,0,Reporting,0,Q14,SELECT,241.7038,True
2,0,Reporting,1,Q1,SELECT,1564.6494,True
2,0,Reporting,2,Q14,SELECT,236.5623,True
2,0,Reporting,3,Q14,SELECT,224.4108,True
2,0,Reporting,4,Q1,SELECT,1640.7945,True
2,0,Reporting,5,Q6,SELECT,587.3857,True
2,0,Reporting,6,U_orders,UPDATE,0.8635,True
2,0,Reporting,7,Q14,SELECT,249.1895,True
2,0,Reporting,8,Q6,SELECT,555.1517,True
2,0,Reporting,9,Q6,SELECT,549.7833,True
2,0,Reporting,10,Q1,SELECT,1621.6032,True
2,0,Reporting,11,Q1,SELECT,1767.9824,True
2,0,Reporting,12,U_orders,UPDATE,1.3634,True
2,0,Reporting,13,Q4,SELECT,454.4864,True
2,0,Reporting,14,Q12,SELECT,1023.8895,True
2,0,Reporting,15,Q1,SELECT,1768.9944,True
2,0,Reporting,16,Q6,SELECT,605.8494,True
2,0,Reporting,17,Q14,SELECT,246.5835,True
2,0,Reporting,18,Q6,SELECT,547.917,True
2,0,Reporting,19,U_orders,UPDATE,1.2345,True
2,0,Reporting,20,Q14,SELECT,261.406,True
2,0,Reporting,21,Q6,SELECT,547.1972,True
2,0,Reporting,22,Q6,SELECT,571.0566,True
2,0,Reporting,23,U_orders,UPDATE,1.0803,True
2,0,Reporting,24,Q14,SELECT,248.5534,True
2,0,Reporting,25,Q1,SELECT,1609.3465,True
2,0,Reporting,26,Q6,SELECT,574.0659,True
2,0,Reporting,27,Q12,SELECT,977.4928,True
2,0,Reporting,28,U_orders,UPDATE,1.3501,True
2,0,Reporting,29,U_orders,UPDATE,0.5597,True
2,1,Reporting,0,Q14,SELECT,247.3888,True
2,1,Reporting,1,Q1,SELECT,1701.3435,True
2,1,Reporting,2,Q4,SELECT,244.3308,True
2,1,Reporting,3,U_orders,UPDATE,0.7111,True
2,1,Reporting,4,Q14,SELECT,272.8839,True
2,1,Reporting,5,Q1,SELECT,1791.385,True
2,1,Reporting,6,Q6,SELECT,653.753,True
2,1,Reporting,7,Q6,SELECT,640.9985,True
2,1,Reporting,8,U_orders,UPDATE,1.341,True
2,1,Reporting,9,Q1,SELECT,1678.3139,True
2,1,Reporting,10,U_orders,UPDATE,0.6967,True
2,1,Reporting,11,Q1,SELECT,1770.9816,True
2,1,Reporting,12,Q1,SELECT,1738.0575,True
2,1,Reporting,13,Q14,SELECT,243.7101,True
2,1,Reporting,14,Q1,SELECT,1733.913,True
2,1,Reporting,15,Q1,SELECT,1786.5949,True
2,1,Reporting,16,Q1,SELECT,1788.0695,True
2,1,Reporting,17,Q12,SELECT,1041.9744,True
2,1,Reporting,18,Q14,SELECT,239.536,True
2,1,Reporting,19,Q1,SELECT,1694.2352,True
2,1,Reporting,20,Q1,SELECT,1765.4066,True
2,1,Reporting,21,Q14,SELECT,247.2418,True
2,1,Reporting,22,Q12,SELECT,1007.7657,True
2,1,Reporting,23,Q1,SELECT,1696.0656,True
2,1,Reporting,24,U_orders,UPDATE,1.7987,True
2,1,Reporting,25,Q14,SELECT,237.8579,True
2,1,Reporting,26,Q14,SELECT,233.955,True
2,1,Reporting,27,Q6,SELECT,530.6468,True
2,1,Reporting,28,U_orders,UPDATE,0.6763,True
2,1,Reporting,29,U_orders,UPDATE,0.4463,True
2,2,Reporting,0,Q14,SELECT,249.4889,True
2,2,Reporting,1,Q6,SELECT,526.6026,True
2,2,Reporting,2,Q14,SELECT,231.4002,True
2,2,Reporting,3,Q14,SELECT,223.9139,True
2,2,Reporting,4,Q14,SELECT,222.5391,True
2,2,Reporting,5,Q1,SELECT,1599.6536,True
2,2,Reporting,6,Q6,SELECT,520.3805,True
2,2,Reporting,7,Q1,SELECT,1711.4963,True
2,2,Reporting,8,Q14,SELECT,293.8698,True
2,2,Reporting,9,Q1,SELECT,1731.9978,True
2,2,Reporting,10,Q6,SELECT,538.788,True
2,2,Reporting,11,U_orders,UPDATE,1.4708,True
2,2,Reporting,12,Q6,SELECT,508.9976,True
2,2,Reporting,13,U_orders,UPDATE,0.7945,True
2,2,Reporting,14,Q1,SELECT,1660.6051,True
2,2,Reporting,15,Q1,SELECT,1745.2289,True
2,2,Reporting,16,U_orders,UPDATE,1.5235,True
2,2,Reporting,17,Q12,SELECT,1054.0276,True
2,2,Reporting,18,Q1,SELECT,1700.1138,True
2,2,Reporting,19,U_orders,UPDATE,0.9943,True
2,2,Reporting,20,Q1,SELECT,1777.0405,True
2,2,Reporting,21,Q6,SELECT,563.6007,True
2,2,Reporting,22,Q12,SELECT,999.6225,True
2,2,Reporting,23,U_orders,UPDATE,1.7131,True
2,2,Reporting,24,U_orders,UPDATE,0.6002,True
2,2,Reporting,25,Q1,SELECT,1696.7976,True
2,2,Reporting,26,Q6,SELECT,532.7318,True
2,2,Reporting,27,Q6,SELECT,507.853,True
2,2,Reporting,28,Q14,SELECT,221.3342,True
2,2,Reporting,29,Q4,SELECT,232.8682,True
2,3,Reporting,0,U_orders,UPDATE,0.8068,True
2,3,Reporting,1,Q6,SELECT,524.2727,True
2,3,Reporting,2,Q14,SELECT,224.5151,True
2,3,Reporting,3,U_orders,UPDATE,1.9512,True
2,3,Reporting,4,Q12,SELECT,934.0304,True
2,3,Reporting,5,Q6,SELECT,505.2009,True
2,3,Reporting,6,Q14,SELECT,225.9852,True
2,3,Reporting,7,U_orders,UPDATE,1.5127,True
2,3,Reporting,8,Q1,SELECT,1590.9575,True
2,3,Reporting,9,Q14,SELECT,243.2979,True
2,3,Reporting,10,Q1,SELECT,1691.2621,True
2,3,Reporting,11,Q1,SELECT,1735.3092,True
2,3,Reporting,12,Q4,SELECT,239.4715,True
2,3,Reporting,13,Q6,SELECT,540.0371,True
2,3,Reporting,14,Q1,SELECT,1732.5528,True
2,3,Reporting,15,Q14,SELECT,265.9878,True
2,3,Reporting,16,Q14,SELECT,262.5508,True
2,3,Reporting,17,Q6,SELECT,545.1633,True
2,3,Reporting,18,Q1,SELECT,1692.5774,True
2,3,Reporting,19,Q14,SELECT,246.6849,True
2,3,Reporting,20,Q6,SELECT,576.0706,True
2,3,Reporting,21,U_orders,UPDATE,2.2421,True
2,3,Reporting,22,Q6,SELECT,499.6423,True
2,3,Reporting,23,Q12,SELECT,1092.7592,True
2,3,Reporting,24,Q4,SELECT,245.2586,True
2,3,Reporting,25,U_orders,UPDATE,1.0355,True
2,3,Reporting,26,U_orders,UPDATE,0.6003,True
2,3,Reporting,27,Q6,SELECT,539.016,True
2,3,Reporting,28,Q12,SELECT,948.8278,True
2,3,Reporting,29,Q1,SELECT,1637.6503,True
2,4,Reporting,0,Q6,SELECT,542.5354,True
2,4,Reporting,1,U_orders,UPDATE,1.4859,True
2,4,Reporting,2,Q1,SELECT,1736.7327,True
2,4,Reporting,3,Q14,SELECT,248.1262,True
2,4,Reporting,4,U_orders,UPDATE,1.8805,True
2,4,Reporting,5,Q12,SELECT,1034.8617,True
2,4,Reporting,6,Q14,SELECT,252.524,True
2,4,Reporting,7,U_orders,UPDATE,1.6503,True
2,4,Reporting,8,U_orders,UPDATE,0.6078,True
2,4,Reporting,9,Q1,SELECT,1726.9511,True
2,4,Reporting,10,Q14,SELECT,258.868,True
2,4,Reporting,11,Q14,SELECT,253.8905,True
2,4,Reporting,12,Q1,SELECT,1738.8959,True
2,4,Reporting,13,Q1,SELECT,1786.9646,True
2,4,Reporting,14,Q14,SELECT,260.4131,True
2,4,Reporting,15,Q6,SELECT,558.5222,True
2,4,Reporting,16,Q4,SELECT,250.875,True
2,4,Reporting,17,Q1,SELECT,1704.0254,True
2,4,Reporting,18,U_orders,UPDATE,1.9376,True
2,4,Reporting,19,Q1,SELECT,1790.1985,True
2,4,Reporting,20,Q6,SELECT,579.982,True
2,4,Reporting,21,U_orders,UPDATE,4.277,True
2,4,Reporting,22,Q1,SELECT,1720.4721,True
2,4,Reporting,23,Q12,SELECT,1071.5197,True
2,4,Reporting,24,Q1,SELECT,1772.4536,True
2,4,Reporting,25,Q14,SELECT,264.5168,True
2,4,Reporting,26,Q4,SELECT,248.9035,True
2,4,Reporting,27,Q12,SELECT,1017.9472,True
2,4,Reporting,28,Q14,SELECT,237.5575,True
2,4,Reporting,29,Q6,SELECT,515.1564,True
2,5,Reporting,0,Q1,SELECT,1654.4581,True
2,5,Reporting,1,Q12,SELECT,985.3763,True
2,5,Reporting,2,U_orders,UPDATE,1.7124,True
2,5,Reporting,3,Q1,SELECT,1778.5785,True
2,5,Reporting,4,Q12,SELECT,1063.9391,True
2,5,Reporting,5,Q1,SELECT,1744.3583,True
2,5,Reporting,6,Q14,SELECT,262.5284,True
2,5,Reporting,7,Q1,SELECT,1753.1656,True
2,5,Reporting,8,Q4,SELECT,266.4788,True
2,5,Reporting,9,Q1,SELECT,1777.882,True
2,5,Reporting,10,Q14,SELECT,258.6226,True
2,5,Reporting,11,Q1,SELECT,1774.6038,True
2,5,Reporting,12,Q12,SELECT,1072.1258,True
2,5,Reporting,13,U_orders,UPDATE,2.1385,True
2,5,Reporting,14,U_orders,UPDATE,0.7315,True
2,5,Reporting,15,Q6,SELECT,590.9381,True
2,5,Reporting,16,Q1,SELECT,1769.9661,True
2,5,Reporting,17,U_orders,UPDATE,1.9788,True
2,5,Reporting,18,U_orders,UPDATE,0.6577,True
2,5,Reporting,19,Q12,SELECT,1040.4145,True
2,5,Reporting,20,Q4,SELECT,251.0228,True
2,5,Reporting,21,Q1,SELECT,1801.9432,True
2,5,Reporting,22,Q1,SELECT,1981.8037,True
2,5,Reporting,23,Q14,SELECT,347.0175,True
2,5,Reporting,24,Q4,SELECT,297.8117,True
2,5,Reporting,25,Q1,SELECT,1826.52,True
2,5,Reporting,26,Q14,SELECT,291.849,True
2,5,Reporting,27,U_orders,UPDATE,0.8524,True
2,5,Reporting,28,Q6,SELECT,602.4797,True
2,5,Reporting,29,Q14,SELECT,274.8992,True
2,6,Reporting,0,Q1,SELECT,1777.1433,True
2,6,Reporting,1,Q4,SELECT,273.0729,True
2,6,Reporting,2,U_orders,UPDATE,0.8761,True
2,6,Reporting,3,Q6,SELECT,617.3895,True
2,6,Reporting,4,U_orders,UPDATE,1.3033,True
2,6,Reporting,5,Q6,SELECT,625.5638,True
2,6,Reporting,6,Q1,SELECT,1790.7334,True
2,6,Reporting,7,Q1,SELECT,1856.226,True
2,6,Reporting,8,Q1,SELECT,1856.6832,True
2,6,Reporting,9,Q6,SELECT,605.4072,True
2,6,Reporting,10,Q14,SELECT,257.8867,True
2,6,Reporting,11,Q12,SELECT,1374.0441,True
2,6,Reporting,12,Q1,SELECT,1694.576,True
2,6,Reporting,13,Q1,SELECT,1769.4776,True
2,6,Reporting,14,Q6,SELECT,588.6568,True
2,6,Reporting,15,Q14,SELECT,264.5152,True
2,6,Reporting,16,Q14,SELECT,259.7281,True
2,6,Reporting,17,Q6,SELECT,589.191,True
2,6,Reporting,18,Q6,SELECT,566.5445,True
2,6,Reporting,19,Q6,SELECT,503.9438,True
2,6,Reporting,20,Q6,SELECT,504.119,True
2,6,Reporting,21,U_orders,UPDATE,3.1234,True
2,6,Reporting,22,U_orders,UPDATE,0.5531,True
2,6,Reporting,23,Q1,SELECT,1532.512,True
2,6,Reporting,24,Q1,SELECT,1700.0829,True
2,6,Reporting,25,Q6,SELECT,542.7542,True
2,6,Reporting,26,Q1,SELECT,1850.928,True
2,6,Reporting,27,Q6,SELECT,566.6007,True
2,6,Reporting,28,U_orders,UPDATE,1.4772,True
2,6,Reporting,29,U_orders,UPDATE,0.5364,True
2,7,Reporting,0,U_orders,UPDATE,0.5256,True
2,7,Reporting,1,Q1,SELECT,1694.3074,True
2,7,Reporting,2,Q1,SELECT,1804.171,True
2,7,Reporting,3,Q14,SELECT,268.0104,True
2,7,Reporting,4,Q1,SELECT,1812.906,True
2,7,Reporting,5,Q6,SELECT,575.1054,True
2,7,Reporting,6,Q1,SELECT,1727.6213,True
2,7,Reporting,7,U_orders,UPDATE,1.1711,True
2,7,Reporting,8,Q14,SELECT,253.8387,True
2,7,Reporting,9,U_orders,UPDATE,0.8664,True
2,7,Reporting,10,Q12,SELECT,1047.1947,True
2,7,Reporting,11,U_orders,UPDATE,0.6913,True
2,7,Reporting,12,Q4,SELECT,268.3199,True
2,7,Reporting,13,Q6,SELECT,560.3266,True
2,7,Reporting,14,Q1,SELECT,1697.6092,True
2,7,Reporting,15,U_orders,UPDATE,1.4515,True
2,7,Reporting,16,Q1,SELECT,1800.0353,True
2,7,Reporting,17,Q6,SELECT,587.3179,True
2,7,Reporting,18,Q1,SELECT,1757.224,True
2,7,Reporting,19,Q1,SELECT,1826.7269,True
2,7,Reporting,20,Q1,SELECT,1814.0337,True
2,7,Reporting,21,Q4,SELECT,284.6541,True
2,7,Reporting,22,Q1,SELECT,1807.7016,True
2,7,Reporting,23,Q1,SELECT,1814.2612,True
2,7,Reporting,24,Q6,SELECT,582.9723,True
2,7,Reporting,25,Q6,SELECT,534.107,True
2,7,Reporting,26,U_orders,UPDATE,1.6346,True
2,7,Reporting,27,Q6,SELECT,532.9672,True
2,7,Reporting,28,Q4,SELECT,235.1013,True
2,7,Reporting,29,Q14,SELECT,247.1109,True
2,8,JoinHeavy,0,Q7,SELECT,435.5105,True
2,8,JoinHeavy,1,Q5,SELECT,306.611,True
2,8,JoinHeavy,2,Q7,SELECT,390.6651,True
2,8,JoinHeavy,3,Q5,SELECT,301.9661,True
2,8,JoinHeavy,4,Q7,SELECT,413.8086,True
2,8,JoinHeavy,5,Q3,SELECT,773.284,True
2,8,JoinHeavy,6,Q3,SELECT,758.3685,True
2,8,JoinHeavy,7,Q18,SELECT,6181.0319,True
2,8,JoinHeavy,8,Q3,SELECT,992.6543,True
2,8,JoinHeavy,9,Q7,SELECT,455.8163,True
2,8,JoinHeavy,10,Q5,SELECT,315.5219,True
2,8,JoinHeavy,11,Q3,SELECT,715.2345,True
2,8,JoinHeavy,12,Q3,SELECT,711.1351,True
2,8,JoinHeavy,13,Q5,SELECT,314.1285,True
2,8,JoinHeavy,14,Q3,SELECT,714.0975,True
2,8,JoinHeavy,15,Q18,SELECT,6196.7175,True
2,8,JoinHeavy,16,Q10,SELECT,455.3629,True
2,8,JoinHeavy,17,Q7,SELECT,476.7803,True
2,8,JoinHeavy,18,Q18,SELECT,6135.1963,True
2,8,JoinHeavy,19,Q7,SELECT,544.8412,True
2,8,JoinHeavy,20,Q5,SELECT,329.8498,True
2,8,JoinHeavy,21,Q7,SELECT,407.5833,True
2,8,JoinHeavy,22,I_customer,INSERT,0.7795,True
2,8,JoinHeavy,23,I_customer,INSERT,0.1592,True
2,8,JoinHeavy,24,I_customer,INSERT,0.148,True
2,8,JoinHeavy,25,I_customer,INSERT,0.1402,True
2,8,JoinHeavy,26,I_customer,INSERT,0.1402,True
2,8,JoinHeavy,27,I_customer,INSERT,0.1468,True
2,8,JoinHeavy,28,I_customer,INSERT,0.1374,True
2,8,JoinHeavy,29,I_customer,INSERT,0.1413,True
2,8,JoinHeavy,30,I_customer,INSERT,0.1596,True
2,8,JoinHeavy,31,I_customer,INSERT,0.1587,True
2,8,JoinHeavy,32,I_customer,INSERT,0.1213,True
2,8,JoinHeavy,33,I_customer,INSERT,0.1298,True
2,8,JoinHeavy,34,I_customer,INSERT,0.1295,True
2,8,JoinHeavy,35,I_customer,INSERT,0.1232,True
2,8,JoinHeavy,36,I_customer,INSERT,0.1162,True
2,8,JoinHeavy,37,I_customer,INSERT,0.1269,True
2,8,JoinHeavy,38,I_customer,INSERT,0.165,True
2,8,JoinHeavy,39,I_customer,INSERT,0.1521,True
2,9,JoinHeavy,0,Q10,SELECT,483.2291,True
2,9,JoinHeavy,1,Q10,SELECT,443.318,True
2,9,JoinHeavy,2,Q3,SELECT,793.416,True
2,9,JoinHeavy,3,Q7,SELECT,428.6786,True
2,9,JoinHeavy,4,Q7,SELECT,433.0321,True
2,9,JoinHeavy,5,Q18,SELECT,5963.8884,True
2,9,JoinHeavy,6,Q18,SELECT,5699.5895,True
2,9,JoinHeavy,7,Q18,SELECT,5898.9369,True
2,9,JoinHeavy,8,Q3,SELECT,779.7252,True
2,9,JoinHeavy,9,Q5,SELECT,297.4732,True
2,9,JoinHeavy,10,Q3,SELECT,696.6387,True
2,9,JoinHeavy,11,Q18,SELECT,5622.9883,True
2,9,JoinHeavy,12,Q3,SELECT,792.7086,True
2,9,JoinHeavy,13,Q10,SELECT,413.475,True
2,9,JoinHeavy,14,Q5,SELECT,318.6495,True
2,9,JoinHeavy,15,Q10,SELECT,392.2687,True
2,9,JoinHeavy,16,Q3,SELECT,722.6684,True
2,9,JoinHeavy,17,Q3,SELECT,716.8477,True
2,9,JoinHeavy,18,Q5,SELECT,284.0708,True
2,9,JoinHeavy,19,Q7,SELECT,385.6511,True
2,9,JoinHeavy,20,Q5,SELECT,277.3723,True
2,9,JoinHeavy,21,Q5,SELECT,293.5857,True
2,9,JoinHeavy,22,I_customer,INSERT,1.3721,True
2,9,JoinHeavy,23,I_customer,INSERT,0.3693,True
2,9,JoinHeavy,24,I_customer,INSERT,0.2945,True
2,9,JoinHeavy,25,I_customer,INSERT,0.2453,True
2,9,JoinHeavy,26,I_customer,INSERT,0.226,True
2,9,JoinHeavy,27,I_customer,INSERT,0.182,True
2,9,JoinHeavy,28,I_customer,INSERT,0.165,True
2,9,JoinHeavy,29,I_customer,INSERT,0.1481,True
2,9,JoinHeavy,30,I_customer,INSERT,0.1353,True
2,9,JoinHeavy,31,I_customer,INSERT,0.1382,True
2,9,JoinHeavy,32,I_customer,INSERT,0.1464,True
2,9,JoinHeavy,33,I_customer,INSERT,0.1947,True
2,9,JoinHeavy,34,I_customer,INSERT,0.2404,True
2,9,JoinHeavy,35,I_customer,INSERT,0.2135,True
2,9,JoinHeavy,36,I_customer,INSERT,0.176,True
2,9,JoinHeavy,37,I_customer,INSERT,0.147,True
2,9,JoinHeavy,38,I_customer,INSERT,0.1333,True
2,9,JoinHeavy,39,I_customer,INSERT,0.15,True
2,10,JoinHeavy,0,Q18,SELECT,6043.114,True
2,10,JoinHeavy,1,Q5,SELECT,358.5733,True
2,10,JoinHeavy,2,Q3,SELECT,757.3429,True
2,10,JoinHeavy,3,Q7,SELECT,422.4408,True
2,10,JoinHeavy,4,Q10,SELECT,391.5336,True
2,10,JoinHeavy,5,Q5,SELECT,283.9913,True
2,10,JoinHeavy,6,Q3,SELECT,681.19,True
2,10,JoinHeavy,7,Q18,SELECT,5469.4309,True
2,10,JoinHeavy,8,Q3,SELECT,737.824,True
2,10,JoinHeavy,9,Q7,SELECT,397.433,True
2,10,JoinHeavy,10,Q5,SELECT,277.6382,True
2,10,JoinHeavy,11,Q5,SELECT,281.5776,True
2,10,JoinHeavy,12,Q7,SELECT,378.6586,True
2,10,JoinHeavy,13,Q5,SELECT,282.7968,True
2,10,JoinHeavy,14,Q3,SELECT,686.209,True
2,10,JoinHeavy,15,Q3,SELECT,726.9,True
2,10,JoinHeavy,16,Q10,SELECT,375.3116,True
2,10,JoinHeavy,17,Q3,SELECT,679.3852,True
2,10,JoinHeavy,18,Q3,SELECT,676.2772,True
2,10,JoinHeavy,19,Q18,SELECT,5815.6138,True
2,10,JoinHeavy,20,Q5,SELECT,352.0922,True
2,10,JoinHeavy,21,Q18,SELECT,5899.4499,True
2,10,JoinHeavy,22,I_customer,INSERT,2.1739,True
2,10,JoinHeavy,23,I_customer,INSERT,2.7777,True
2,10,JoinHeavy,24,I_customer,INSERT,0.1922,True
2,10,JoinHeavy,25,I_customer,INSERT,0.1533,True
2,10,JoinHeavy,26,I_customer,INSERT,0.1537,True
2,10,JoinHeavy,27,I_customer,INSERT,0.137,True
2,10,JoinHeavy,28,I_customer,INSERT,0.1275,True
2,10,JoinHeavy,29,I_customer,INSERT,0.4358,True
2,10,JoinHeavy,30,I_customer,INSERT,0.1505,True
2,10,JoinHeavy,31,I_customer,INSERT,0.132,True
2,10,JoinHeavy,32,I_customer,INSERT,0.1288,True
2,10,JoinHeavy,33,I_customer,INSERT,0.1378,True
2,10,JoinHeavy,34,I_customer,INSERT,0.1255,True
2,10,JoinHeavy,35,I_customer,INSERT,0.1364,True
2,10,JoinHeavy,36,I_customer,INSERT,0.1367,True
2,10,JoinHeavy,37,I_customer,INSERT,0.157,True
2,10,JoinHeavy,38,I_customer,INSERT,0.1574,True
2,10,JoinHeavy,39,I_customer,INSERT,0.1283,True
2,11,JoinHeavy,0,Q5,SELECT,317.9083,True
2,11,JoinHeavy,1,Q5,SELECT,285.6541,True
2,11,JoinHeavy,2,Q10,SELECT,400.9184,True
2,11,JoinHeavy,3,Q3,SELECT,741.3077,True
2,11,JoinHeavy,4,Q5,SELECT,305.5879,True
2,11,JoinHeavy,5,Q10,SELECT,390.1808,True
2,11,JoinHeavy,6,Q7,SELECT,427.1266,True
2,11,JoinHeavy,7,Q18,SELECT,5896.685,True
2,11,JoinHeavy,8,Q3,SELECT,798.4928,True
2,11,JoinHeavy,9,Q3,SELECT,737.4367,True
2,11,JoinHeavy,10,Q7,SELECT,413.3596,True
2,11,JoinHeavy,11,Q10,SELECT,399.2101,True
2,11,JoinHeavy,12,Q3,SELECT,770.6171,True
2,11,JoinHeavy,13,Q5,SELECT,287.7058,True
2,11,JoinHeavy,14,Q18,SELECT,6142.061,True
2,11,JoinHeavy,15,Q3,SELECT,797.0734,True
2,11,JoinHeavy,16,Q10,SELECT,404.2934,True
2,11,JoinHeavy,17,Q5,SELECT,305.784,True
2,11,JoinHeavy,18,Q7,SELECT,406.5077,True
2,11,JoinHeavy,19,Q10,SELECT,388.3895,True
2,11,JoinHeavy,20,Q5,SELECT,327.4014,True
2,11,JoinHeavy,21,Q5,SELECT,316.6507,True
2,11,JoinHeavy,22,I_customer,INSERT,1.5634,True
2,11,JoinHeavy,23,I_customer,INSERT,0.3855,True
2,11,JoinHeavy,24,I_customer,INSERT,0.3633,True
2,11,JoinHeavy,25,I_customer,INSERT,0.2593,True
2,11,JoinHeavy,26,I_customer,INSERT,0.1846,True
2,11,JoinHeavy,27,I_customer,INSERT,0.2086,True
2,11,JoinHeavy,28,I_customer,INSERT,0.1928,True
2,11,JoinHeavy,29,I_customer,INSERT,0.1849,True
2,11,JoinHeavy,30,I_customer,INSERT,0.1883,True
2,11,JoinHeavy,31,I_customer,INSERT,0.1937,True
2,11,JoinHeavy,32,I_customer,INSERT,0.2549,True
2,11,JoinHeavy,33,I_customer,INSERT,0.2185,True
2,11,JoinHeavy,34,I_customer,INSERT,0.1962,True
2,11,JoinHeavy,35,I_customer,INSERT,0.2087,True
2,11,JoinHeavy,36,I_customer,INSERT,0.2384,True
2,11,JoinHeavy,37,I_customer,INSERT,0.219,True
2,11,JoinHeavy,38,I_customer,INSERT,0.2344,True
2,11,JoinHeavy,39,I_customer,INSERT,0.2158,True
2,12,JoinHeavy,0,Q5,SELECT,322.0444,True
2,12,JoinHeavy,1,Q18,SELECT,6337.9816,True
2,12,JoinHeavy,2,Q5,SELECT,367.799,True
2,12,JoinHeavy,3,Q3,SELECT,787.9493,True
2,12,JoinHeavy,4,Q7,SELECT,469.0377,True
2,12,JoinHeavy,5,Q10,SELECT,410.0471,True
2,12,JoinHeavy,6,Q10,SELECT,425.6618,True
2,12,JoinHeavy,7,Q7,SELECT,432.0266,True
2,12,JoinHeavy,8,Q3,SELECT,776.0013,True
2,12,JoinHeavy,9,Q3,SELECT,784.011,True
2,12,JoinHeavy,10,Q5,SELECT,328.7954,True
2,12,JoinHeavy,11,Q5,SELECT,320.2634,True
2,12,JoinHeavy,12,Q5,SELECT,343.55,True
2,12,JoinHeavy,13,Q10,SELECT,423.707,True
2,12,JoinHeavy,14,Q18,SELECT,6431.0878,True
2,12,JoinHeavy,15,Q10,SELECT,555.7283,True
2,12,JoinHeavy,16,Q18,SELECT,6347.2183,True
2,12,JoinHeavy,17,Q5,SELECT,403.2305,True
2,12,JoinHeavy,18,Q5,SELECT,317.6444,True
2,12,JoinHeavy,19,Q18,SELECT,5670.59,True
2,12,JoinHeavy,20,Q18,SELECT,5457.7219,True
2,12,JoinHeavy,21,Q18,SELECT,5291.7538,True
2,12,JoinHeavy,22,I_customer,INSERT,2.686,True
2,12,JoinHeavy,23,I_customer,INSERT,0.2117,True
2,12,JoinHeavy,24,I_customer,INSERT,0.1808,True
2,12,JoinHeavy,25,I_customer,INSERT,0.2303,True
2,12,JoinHeavy,26,I_customer,INSERT,0.186,True
2,12,JoinHeavy,27,I_customer,INSERT,1.9658,True
2,12,JoinHeavy,28,I_customer,INSERT,0.2222,True
2,12,JoinHeavy,29,I_customer,INSERT,0.1595,True
2,12,JoinHeavy,30,I_customer,INSERT,0.1503,True
2,12,JoinHeavy,31,I_customer,INSERT,0.1497,True
2,12,JoinHeavy,32,I_customer,INSERT,0.1562,True
2,12,JoinHeavy,33,I_customer,INSERT,0.1283,True
2,12,JoinHeavy,34,I_customer,INSERT,0.153,True
2,12,JoinHeavy,35,I_customer,INSERT,0.1427,True
2,12,JoinHeavy,36,I_customer,INSERT,0.1285,True
2,12,JoinHeavy,37,I_customer,INSERT,0.1593,True
2,12,JoinHeavy,38,I_customer,INSERT,0.133,True
2,12,JoinHeavy,39,I_customer,INSERT,0.1645,True
2,13,JoinHeavy,0,Q3,SELECT,686.533,True
2,13,JoinHeavy,1,Q7,SELECT,391.5787,True
2,13,JoinHeavy,2,Q3,SELECT,694.6964,True
2,13,JoinHeavy,3,Q10,SELECT,375.7392,True
2,13,JoinHeavy,4,Q3,SELECT,688.424,True
2,13,JoinHeavy,5,Q3,SELECT,686.9782,True
2,13,JoinHeavy,6,Q5,SELECT,288.8797,True
2,13,JoinHeavy,7,Q3,SELECT,757.5199,True
2,13,JoinHeavy,8,Q18,SELECT,6358.5032,True
2,13,JoinHeavy,9,Q3,SELECT,852.3068,True
2,13,JoinHeavy,10,Q5,SELECT,332.3417,True
2,13,JoinHeavy,11,Q7,SELECT,450.4761,True
2,13,JoinHeavy,12,Q10,SELECT,408.7501,True
2,13,JoinHeavy,13,Q5,SELECT,319.5539,True
2,13,JoinHeavy,14,Q10,SELECT,400.3582,True
2,13,JoinHeavy,15,Q18,SELECT,6349.8651,True
2,13,JoinHeavy,16,Q7,SELECT,535.511,True
2,13,JoinHeavy,17,Q18,SELECT,6275.3709,True
2,13,JoinHeavy,18,Q7,SELECT,554.6971,True
2,13,JoinHeavy,19,Q5,SELECT,374.8549,True
2,13,JoinHeavy,20,Q5,SELECT,349.2021,True
2,13,JoinHeavy,21,Q7,SELECT,469.0801,True
2,13,JoinHeavy,22,I_customer,INSERT,0.8198,True
2,13,JoinHeavy,23,I_customer,INSERT,0.2586,True
2,13,JoinHeavy,24,I_customer,INSERT,0.225,True
2,13,JoinHeavy,25,I_customer,INSERT,0.2,True
2,13,JoinHeavy,26,I_customer,INSERT,0.1628,True
2,13,JoinHeavy,27,I_customer,INSERT,0.18,True
2,13,JoinHeavy,28,I_customer,INSERT,0.1609,True
2,13,JoinHeavy,29,I_customer,INSERT,0.1418,True
2,13,JoinHeavy,30,I_customer,INSERT,0.2386,True
2,13,JoinHeavy,31,I_customer,INSERT,0.1942,True
2,13,JoinHeavy,32,I_customer,INSERT,0.1889,True
2,13,JoinHeavy,33,I_customer,INSERT,0.127,True
2,13,JoinHeavy,34,I_customer,INSERT,0.1289,True
2,13,JoinHeavy,35,I_customer,INSERT,0.1049,True
2,13,JoinHeavy,36,I_customer,INSERT,0.1068,True
2,13,JoinHeavy,37,I_customer,INSERT,0.1349,True
2,13,JoinHeavy,38,I_customer,INSERT,0.1286,True
2,13,JoinHeavy,39,I_customer,INSERT,0.1438,True
2,14,JoinHeavy,0,Q18,SELECT,5825.0782,True
2,14,JoinHeavy,1,Q5,SELECT,351.127,True
2,14,JoinHeavy,2,Q7,SELECT,404.6191,True
2,14,JoinHeavy,3,Q3,SELECT,693.8969,True
2,14,JoinHeavy,4,Q7,SELECT,391.1203,True
2,14,JoinHeavy,5,Q7,SELECT,422.3089,True
2,14,JoinHeavy,6,Q3,SELECT,719.6576,True
2,14,JoinHeavy,7,Q10,SELECT,375.5007,True
2,14,JoinHeavy,8,Q10,SELECT,374.5016,True
2,14,JoinHeavy,9,Q5,SELECT,276.9436,True
2,14,JoinHeavy,10,Q3,SELECT,686.5681,True
2,14,JoinHeavy,11,Q10,SELECT,373.7493,True
2,14,JoinHeavy,12,Q5,SELECT,278.6928,True
2,14,JoinHeavy,13,Q5,SELECT,283.7904,True
2,14,JoinHeavy,14,Q3,SELECT,682.9628,True
2,14,JoinHeavy,15,Q7,SELECT,373.707,True
2,14,JoinHeavy,16,Q10,SELECT,373.8383,True
2,14,JoinHeavy,17,Q5,SELECT,279.0033,True
2,14,JoinHeavy,18,Q5,SELECT,281.8896,True
2,14,JoinHeavy,19,Q7,SELECT,381.3968,True
2,14,JoinHeavy,20,Q3,SELECT,667.6317,True
2,14,JoinHeavy,21,Q3,SELECT,699.901,True
2,14,JoinHeavy,22,I_customer,INSERT,0.7075,True
2,14,JoinHeavy,23,I_customer,INSERT,0.2162,True
2,14,JoinHeavy,24,I_customer,INSERT,0.171,True
2,14,JoinHeavy,25,I_customer,INSERT,0.1473,True
2,14,JoinHeavy,26,I_customer,INSERT,0.1596,True
2,14,JoinHeavy,27,I_customer,INSERT,0.2055,True
2,14,JoinHeavy,28,I_customer,INSERT,0.2599,True
2,14,JoinHeavy,29,I_customer,INSERT,0.1808,True
2,14,JoinHeavy,30,I_customer,INSERT,0.153,True
2,14,JoinHeavy,31,I_customer,INSERT,0.164,True
2,14,JoinHeavy,32,I_customer,INSERT,0.1363,True
2,14,JoinHeavy,33,I_customer,INSERT,0.1339,True
2,14,JoinHeavy,34,I_customer,INSERT,0.1565,True
2,14,JoinHeavy,35,I_customer,INSERT,0.1308,True
2,14,JoinHeavy,36,I_customer,INSERT,0.1391,True
2,14,JoinHeavy,37,I_customer,INSERT,0.1383,True
2,14,JoinHeavy,38,I_customer,INSERT,0.1585,True
2,14,JoinHeavy,39,I_customer,INSERT,0.1634,True
2,15,JoinHeavy,0,Q3,SELECT,701.2205,True
2,15,JoinHeavy,1,Q5,SELECT,276.4091,True
2,15,JoinHeavy,2,Q5,SELECT,277.2228,True
2,15,JoinHeavy,3,Q5,SELECT,277.4681,True
2,15,JoinHeavy,4,Q7,SELECT,376.3573,True
2,15,JoinHeavy,5,Q3,SELECT,685.6399,True
2,15,JoinHeavy,6,Q7,SELECT,412.5736,True
2,15,JoinHeavy,7,Q5,SELECT,314.7127,True
2,15,JoinHeavy,8,Q3,SELECT,758.0838,True
2,15,JoinHeavy,9,Q10,SELECT,403.7191,True
2,15,JoinHeavy,10,Q3,SELECT,777.7484,True
2,15,JoinHeavy,11,Q7,SELECT,442.7998,True
2,15,JoinHeavy,12,Q10,SELECT,421.305,True
2,15,JoinHeavy,13,Q7,SELECT,439.3198,True
2,15,JoinHeavy,14,Q3,SELECT,755.2693,True
2,15,JoinHeavy,15,Q7,SELECT,423.4065,True
2,15,JoinHeavy,16,Q7,SELECT,433.2579,True
2,15,JoinHeavy,17,Q18,SELECT,6602.7111,True
2,15,JoinHeavy,18,Q10,SELECT,528.2995,True
2,15,JoinHeavy,19,Q3,SELECT,860.8887,True
2,15,JoinHeavy,20,Q5,SELECT,331.3324,True
2,15,JoinHeavy,21,Q10,SELECT,441.7987,True
2,15,JoinHeavy,22,I_customer,INSERT,1.9866,True
2,15,JoinHeavy,23,I_customer,INSERT,0.3094,True
2,15,JoinHeavy,24,I_customer,INSERT,0.2804,True
2,15,JoinHeavy,25,I_customer,INSERT,0.232,True
2,15,JoinHeavy,26,I_customer,INSERT,0.448,True
2,15,JoinHeavy,27,I_customer,INSERT,0.2888,True
2,15,JoinHeavy,28,I_customer,INSERT,0.2373,True
2,15,JoinHeavy,29,I_customer,INSERT,0.2226,True
2,15,JoinHeavy,30,I_customer,INSERT,0.2199,True
2,15,JoinHeavy,31,I_customer,INSERT,0.2219,True
2,15,JoinHeavy,32,I_customer,INSERT,0.2239,True
2,15,JoinHeavy,33,I_customer,INSERT,0.3761,True
2,15,JoinHeavy,34,I_customer,INSERT,0.257,True
2,15,JoinHeavy,35,I_customer,INSERT,0.2198,True
2,15,JoinHeavy,36,I_customer,INSERT,0.2132,True
2,15,JoinHeavy,37,I_customer,INSERT,1.1292,True
2,15,JoinHeavy,38,I_customer,INSERT,0.3324,True
2,15,JoinHeavy,39,I_customer,INSERT,0.2363,True
2,16,Procurement,0,D_orders,DELETE,0.4206,True
2,16,Procurement,1,D_orders,DELETE,0.1882,True
2,16,Procurement,2,D_orders,DELETE,0.2127,True
2,16,Procurement,3,D_orders,DELETE,0.1919,True
2,16,Procurement,4,Q11,SELECT,158.169,True
2,16,Procurement,5,Q17,SELECT,4452.1682,True
2,16,Procurement,6,Q1,SELECT,1672.9382,True
2,16,Procurement,7,Q11,SELECT,145.7307,True
2,16,Procurement,8,Q17,SELECT,4515.025,True
2,16,Procurement,9,Q11,SELECT,155.4575,True
2,16,Procurement,10,Q17,SELECT,3963.0755,True
2,16,Procurement,11,Q11,SELECT,144.371,True
2,16,Procurement,12,Q17,SELECT,4026.0561,True
2,16,Procurement,13,Q6,SELECT,561.675,True
2,16,Procurement,14,Q17,SELECT,4005.5915,True
2,16,Procurement,15,Q1,SELECT,1588.3963,True
2,16,Procurement,16,Q17,SELECT,4176.8982,True
2,16,Procurement,17,Q11,SELECT,186.1368,True
2,16,Procurement,18,Q6,SELECT,575.9298,True
2,16,Procurement,19,Q11,SELECT,146.2067,True
2,16,Procurement,20,Q11,SELECT,144.0942,True
2,16,Procurement,21,Q11,SELECT,143.1459,True
2,16,Procurement,22,Q11,SELECT,145.2144,True
2,16,Procurement,23,Q17,SELECT,4134.6207,True
2,16,Procurement,24,Q14,SELECT,258.5674,True
2,17,Procurement,0,D_orders,DELETE,0.4599,True
2,17,Procurement,1,D_orders,DELETE,0.1653,True
2,17,Procurement,2,D_orders,DELETE,0.1832,True
2,17,Procurement,3,D_orders,DELETE,0.6183,True
2,17,Procurement,4,Q17,SELECT,4274.1357,True
2,17,Procurement,5,Q14,SELECT,261.1646,True
2,17,Procurement,6,Q1,SELECT,1697.6263,True
2,17,Procurement,7,Q17,SELECT,4113.9668,True
2,17,Procurement,8,Q1,SELECT,1578.1848,True
2,17,Procurement,9,Q14,SELECT,230.9207,True
2,17,Procurement,10,Q1,SELECT,1610.0385,True
2,17,Procurement,11,Q6,SELECT,533.0001,True
2,17,Procurement,12,Q11,SELECT,152.2886,True
2,17,Procurement,13,Q17,SELECT,3960.4926,True
2,17,Procurement,14,Q11,SELECT,141.0143,True
2,17,Procurement,15,Q14,SELECT,231.1769,True
2,17,Procurement,16,Q17,SELECT,3906.0772,True
2,17,Procurement,17,Q11,SELECT,141.4642,True
2,17,Procurement,18,Q6,SELECT,516.1003,True
2,17,Procurement,19,Q11,SELECT,136.8659,True
2,17,Procurement,20,Q14,SELECT,229.6855,True
2,17,Procurement,21,Q11,SELECT,137.865,True
2,17,Procurement,22,Q11,SELECT,138.0775,True
2,17,Procurement,23,Q14,SELECT,242.6295,True
2,17,Procurement,24,Q11,SELECT,139.0179,True
2,18,Procurement,0,D_orders,DELETE,1.923,True
2,18,Procurement,1,D_orders,DELETE,0.3763,True
2,18,Procurement,2,D_orders,DELETE,0.2022,True
2,18,Procurement,3,D_orders,DELETE,0.2717,True
2,18,Procurement,4,Q17,SELECT,4001.049,True
2,18,Procurement,5,Q6,SELECT,527.1265,True
2,18,Procurement,6,Q6,SELECT,523.8763,True
2,18,Procurement,7,Q1,SELECT,1541.2402,True
2,18,Procurement,8,Q6,SELECT,505.2683,True
2,18,Procurement,9,Q6,SELECT,521.5449,True
2,18,Procurement,10,Q17,SELECT,3814.8364,True
2,18,Procurement,11,Q14,SELECT,237.5883,True
2,18,Procurement,12,Q17,SELECT,3826.4659,True
2,18,Procurement,13,Q6,SELECT,522.8763,True
2,18,Procurement,14,Q17,SELECT,3864.5768,True
2,18,Procurement,15,Q1,SELECT,1530.482,True
2,18,Procurement,16,Q17,SELECT,3817.2127,True
2,18,Procurement,17,Q1,SELECT,1591.7473,True
2,18,Procurement,18,Q6,SELECT,536.2537,True
2,18,Procurement,19,Q17,SELECT,3728.5669,True
2,18,Procurement,20,Q6,SELECT,536.9985,True
2,18,Procurement,21,Q17,SELECT,3910.9408,True
2,18,Procurement,22,Q11,SELECT,157.617,True
2,18,Procurement,23,Q11,SELECT,141.2513,True
2,18,Procurement,24,Q14,SELECT,250.333,True
2,19,Procurement,0,D_orders,DELETE,1.2256,True
2,19,Procurement,1,D_orders,DELETE,0.4715,True
2,19,Procurement,2,D_orders,DELETE,0.242,True
2,19,Procurement,3,D_orders,DELETE,0.3676,True
2,19,Procurement,4,Q1,SELECT,1572.6226,True
2,19,Procurement,5,Q11,SELECT,147.4706,True
2,19,Procurement,6,Q11,SELECT,148.5807,True
2,19,Procurement,7,Q14,SELECT,249.8108,True
2,19,Procurement,8,Q17,SELECT,3963.8248,True
2,19,Procurement,9,Q17,SELECT,3964.1688,True
2,19,Procurement,10,Q1,SELECT,1567.8738,True
2,19,Procurement,11,Q6,SELECT,520.1068,True
2,19,Procurement,12,Q11,SELECT,142.16,True
2,19,Procurement,13,Q11,SELECT,139.4292,True
2,19,Procurement,14,Q6,SELECT,504.1951,True
2,19,Procurement,15,Q17,SELECT,3908.6082,True
2,19,Procurement,16,Q1,SELECT,1576.7775,True
2,19,Procurement,17,Q11,SELECT,149.227,True
2,19,Procurement,18,Q14,SELECT,243.8647,True
2,19,Procurement,19,Q6,SELECT,542.9741,True
2,19,Procurement,20,Q14,SELECT,244.5636,True
2,19,Procurement,21,Q17,SELECT,3807.4396,True
2,19,Procurement,22,Q11,SELECT,141.492,True
2,19,Procurement,23,Q6,SELECT,514.312,True
2,19,Procurement,24,Q14,SELECT,233.1015,True
2,20,Procurement,0,D_orders,DELETE,1.0384,True
2,20,Procurement,1,D_orders,DELETE,0.1867,True
2,20,Procurement,2,D_orders,DELETE,0.9827,True
2,20,Procurement,3,D_orders,DELETE,0.1681,True
2,20,Procurement,4,Q17,SELECT,3787.5405,True
2,20,Procurement,5,Q17,SELECT,3798.3537,True
2,20,Procurement,6,Q11,SELECT,147.2026,True
2,20,Procurement,7,Q6,SELECT,516.327,True
2,20,Procurement,8,Q11,SELECT,137.9639,True
2,20,Procurement,9,Q1,SELECT,1539.2631,True
2,20,Procurement,10,Q17,SELECT,3922.1875,True
2,20,Procurement,11,Q14,SELECT,241.2813,True
2,20,Procurement,12,Q14,SELECT,239.1336,True
2,20,Procurement,13,Q14,SELECT,244.2535,True
2,20,Procurement,14,Q6,SELECT,521.612,True
2,20,Procurement,15,Q14,SELECT,240.9607,True
2,20,Procurement,16,Q17,SELECT,3891.7434,True
2,20,Procurement,17,Q11,SELECT,153.5294,True
2,20,Procurement,18,Q14,SELECT,228.8129,True
2,20,Procurement,19,Q11,SELECT,138.8385,True
2,20,Procurement,20,Q11,SELECT,138.6873,True
2,20,Procurement,21,Q6,SELECT,514.1313,True
2,20,Procurement,22,Q6,SELECT,502.3294,True
2,20,Procurement,23,Q17,SELECT,3783.2038,True
2,20,Procurement,24,Q6,SELECT,514.662,True
2,21,Procurement,0,D_orders,DELETE,0.5499,True
2,21,Procurement,1,D_orders,DELETE,0.6358,True
2,21,Procurement,2,D_orders,DELETE,1.1996,True
2,21,Procurement,3,D_orders,DELETE,0.2264,True
2,21,Procurement,4,Q14,SELECT,227.4014,True
2,21,Procurement,5,Q17,SELECT,4125.6897,True
2,21,Procurement,6,Q1,SELECT,1568.5602,True
2,21,Procurement,7,Q11,SELECT,142.8471,True
2,21,Procurement,8,Q17,SELECT,4078.5318,True
2,21,Procurement,9,Q11,SELECT,141.8491,True
2,21,Procurement,10,Q11,SELECT,141.3743,True
2,21,Procurement,11,Q1,SELECT,1604.9528,True
2,21,Procurement,12,Q17,SELECT,4159.0719,True
2,21,Procurement,13,Q1,SELECT,1617.9782,True
2,21,Procurement,14,Q1,SELECT,1746.7467,True
2,21,Procurement,15,Q1,SELECT,1761.3867,True
2,21,Procurement,16,Q6,SELECT,563.3443,True
2,21,Procurement,17,Q17,SELECT,4154.7045,True
2,21,Procurement,18,Q14,SELECT,235.7475,True
2,21,Procurement,19,Q14,SELECT,231.4521,True
2,21,Procurement,20,Q1,SELECT,1605.0883,True
2,21,Procurement,21,Q11,SELECT,167.3839,True
2,21,Procurement,22,Q14,SELECT,238.7318,True
2,21,Procurement,23,Q1,SELECT,1699.1202,True
2,21,Procurement,24,Q17,SELECT,4100.2744,True
2,22,Procurement,0,D_orders,DELETE,0.7215,True
2,22,Procurement,1,D_orders,DELETE,0.135,True
2,22,Procurement,2,D_orders,DELETE,0.1221,True
2,22,Procurement,3,D_orders,DELETE,0.1022,True
2,22,Procurement,4,Q1,SELECT,1644.2999,True
2,22,Procurement,5,Q11,SELECT,153.2777,True
2,22,Procurement,6,Q14,SELECT,249.484,True
2,22,Procurement,7,Q11,SELECT,149.2228,True
2,22,Procurement,8,Q14,SELECT,238.3864,True
2,22,Procurement,9,Q17,SELECT,4110.0144,True
2,22,Procurement,10,Q6,SELECT,521.884,True
2,22,Procurement,11,Q17,SELECT,3983.2255,True
2,22,Procurement,12,Q6,SELECT,527.0422,True
2,22,Procurement,13,Q17,SELECT,3925.9307,True
2,22,Procurement,14,Q11,SELECT,159.7577,True
2,22,Procurement,15,Q11,SELECT,145.8266,True
2,22,Procurement,16,Q11,SELECT,140.139,True
2,22,Procurement,17,Q1,SELECT,1568.7967,True
2,22,Procurement,18,Q17,SELECT,3786.5462,True
2,22,Procurement,19,Q6,SELECT,530.8389,True
2,22,Procurement,20,Q17,SELECT,4048.5608,True
2,22,Procurement,21,Q1,SELECT,1565.5033,True
2,22,Procurement,22,Q6,SELECT,525.9365,True
2,22,Procurement,23,Q11,SELECT,144.3784,True
2,22,Procurement,24,Q11,SELECT,139.5807,True
2,23,Procurement,0,D_orders,DELETE,0.6119,True
2,23,Procurement,1,D_orders,DELETE,1.2016,True
2,23,Procurement,2,D_orders,DELETE,0.2455,True
2,23,Procurement,3,D_orders,DELETE,0.1552,True
2,23,Procurement,4,Q11,SELECT,139.0779,True
2,23,Procurement,5,Q11,SELECT,138.7561,True
2,23,Procurement,6,Q11,SELECT,137.9297,True
2,23,Procurement,7,Q6,SELECT,511.2636,True
2,23,Procurement,8,Q6,SELECT,509.3818,True
2,23,Procurement,9,Q11,SELECT,138.9239,True
2,23,Procurement,10,Q6,SELECT,511.804,True
2,23,Procurement,11,Q11,SELECT,139.4234,True
2,23,Procurement,12,Q11,SELECT,139.8813,True
2,23,Procurement,13,Q6,SELECT,518.3212,True
2,23,Procurement,14,Q11,SELECT,140.433,True
2,23,Procurement,15,Q14,SELECT,237.3551,True
2,23,Procurement,16,Q6,SELECT,515.6175,True
2,23,Procurement,17,Q17,SELECT,4082.1545,True
2,23,Procurement,18,Q11,SELECT,145.9565,True
2,23,Procurement,19,Q6,SELECT,527.8025,True
2,23,Procurement,20,Q17,SELECT,3902.6033,True
2,23,Procurement,21,Q11,SELECT,155.9022,True
2,23,Procurement,22,Q17,SELECT,3856.2438,True
2,23,Procurement,23,Q11,SELECT,140.7774,True
2,23,Procurement,24,Q1,SELECT,1556.7122,True
2,24,Customer,0,Q3,SELECT,767.8332,True
2,24,Customer,1,U_customer,UPDATE,2.0641,True
2,24,Customer,2,Q10,SELECT,392.0731,True
2,24,Customer,3,U_customer,UPDATE,1.6651,True
2,24,Customer,4,Q3,SELECT,694.5092,True
2,24,Customer,5,U_customer,UPDATE,1.5347,True
2,24,Customer,6,Q10,SELECT,382.2623,True
2,24,Customer,7,U_customer,UPDATE,1.5174,True
2,24,Customer,8,Q5,SELECT,285.4986,True
2,24,Customer,9,U_customer,UPDATE,0.8139,True
2,24,Customer,10,Q5,SELECT,292.1445,True
2,24,Customer,11,U_customer,UPDATE,0.719,True
2,24,Customer,12,Q18,SELECT,6473.8707,True
2,24,Customer,13,U_customer,UPDATE,0.914,True
2,24,Customer,14,Q3,SELECT,891.4948,True
2,24,Customer,15,U_customer,UPDATE,0.7153,True
2,24,Customer,16,Q7,SELECT,445.3952,True
2,24,Customer,17,U_customer,UPDATE,0.4846,True
2,24,Customer,18,Q10,SELECT,410.2863,True
2,24,Customer,19,U_customer,UPDATE,0.8668,True
2,25,Customer,0,Q7,SELECT,423.4895,True
2,25,Customer,1,U_customer,UPDATE,0.6779,True
2,25,Customer,2,Q3,SELECT,725.6225,True
2,25,Customer,3,U_customer,UPDATE,1.2946,True
2,25,Customer,4,Q18,SELECT,6353.6997,True
2,25,Customer,5,U_customer,UPDATE,1.542,True
2,25,Customer,6,Q5,SELECT,397.1699,True
2,25,Customer,7,U_customer,UPDATE,1.5225,True
2,25,Customer,8,Q18,SELECT,5751.7734,True
2,25,Customer,9,U_customer,UPDATE,0.9574,True
2,25,Customer,10,Q5,SELECT,338.7521,True
2,25,Customer,11,U_customer,UPDATE,0.8597,True
2,25,Customer,12,Q18,SELECT,5989.7221,True
2,25,Customer,13,U_customer,UPDATE,1.2257,True
2,25,Customer,14,Q18,SELECT,5931.3667,True
2,25,Customer,15,U_customer,UPDATE,1.0701,True
2,25,Customer,16,Q5,SELECT,390.0193,True
2,25,Customer,17,U_customer,UPDATE,1.5716,True
2,25,Customer,18,Q10,SELECT,418.6999,True
2,25,Customer,19,U_customer,UPDATE,1.1843,True
2,26,Customer,0,Q18,SELECT,5798.4326,True
2,26,Customer,1,U_customer,UPDATE,1.6832,True
2,26,Customer,2,Q3,SELECT,872.6135,True
2,26,Customer,3,U_customer,UPDATE,0.4959,True
2,26,Customer,4,Q10,SELECT,413.612,True
2,26,Customer,5,U_customer,UPDATE,1.2521,True
2,26,Customer,6,Q3,SELECT,727.1983,True
2,26,Customer,7,U_customer,UPDATE,0.5376,True
2,26,Customer,8,Q10,SELECT,402.8867,True
2,26,Customer,9,U_customer,UPDATE,0.5922,True
2,26,Customer,10,Q5,SELECT,324.8232,True
2,26,Customer,11,U_customer,UPDATE,1.283,True
2,26,Customer,12,Q18,SELECT,5961.6469,True
2,26,Customer,13,U_customer,UPDATE,0.9683,True
2,26,Customer,14,Q3,SELECT,807.5405,True
2,26,Customer,15,U_customer,UPDATE,1.4102,True
2,26,Customer,16,Q10,SELECT,414.5185,True
2,26,Customer,17,U_customer,UPDATE,1.4887,True
2,26,Customer,18,Q18,SELECT,5990.428,True
2,26,Customer,19,U_customer,UPDATE,1.0315,True
2,27,Customer,0,Q18,SELECT,5857.1389,True
2,27,Customer,1,U_customer,UPDATE,0.7527,True
2,27,Customer,2,Q3,SELECT,808.913,True
2,27,Customer,3,U_customer,UPDATE,0.6102,True
2,27,Customer,4,Q7,SELECT,407.3161,True
2,27,Customer,5,U_customer,UPDATE,0.5543,True
2,27,Customer,6,Q18,SELECT,5458.9024,True
2,27,Customer,7,U_customer,UPDATE,0.271,True
2,27,Customer,8,Q3,SELECT,728.9764,True
2,27,Customer,9,U_customer,UPDATE,0.511,True
2,27,Customer,10,Q10,SELECT,392.6589,True
2,27,Customer,11,U_customer,UPDATE,0.5852,True
2,27,Customer,12,Q3,SELECT,705.949,True
2,27,Customer,13,U_customer,UPDATE,0.5376,True
2,27,Customer,14,Q3,SELECT,708.5581,True
2,27,Customer,15,U_customer,UPDATE,0.5063,True
2,27,Customer,16,Q3,SELECT,702.3135,True
2,27,Customer,17,U_customer,UPDATE,0.5077,True
2,27,Customer,18,Q3,SELECT,711.3344,True
2,27,Customer,19,U_customer,UPDATE,0.6778,True
2,28,Customer,0,Q18,SELECT,5609.5607,True
2,28,Customer,1,U_customer,UPDATE,0.519,True
2,28,Customer,2,Q3,SELECT,726.6427,True
2,28,Customer,3,U_customer,UPDATE,0.7545,True
2,28,Customer,4,Q5,SELECT,300.3464,True
2,28,Customer,5,U_customer,UPDATE,0.6783,True
2,28,Customer,6,Q18,SELECT,6098.466,True
2,28,Customer,7,U_customer,UPDATE,0.829,True
2,28,Customer,8,Q18,SELECT,5872.4563,True
2,28,Customer,9,U_customer,UPDATE,1.5332,True
2,28,Customer,10,Q18,SELECT,5431.465,True
2,28,Customer,11,U_customer,UPDATE,1.0661,True
2,28,Customer,12,Q3,SELECT,720.2882,True
2,28,Customer,13,U_customer,UPDATE,1.3832,True
2,28,Customer,14,Q3,SELECT,706.3339,True
2,28,Customer,15,U_customer,UPDATE,1.528,True
2,28,Customer,16,Q18,SELECT,5501.1981,True
2,28,Customer,17,U_customer,UPDATE,1.0273,True
2,28,Customer,18,Q10,SELECT,386.7902,True
2,28,Customer,19,U_customer,UPDATE,1.382,True
2,29,Customer,0,Q18,SELECT,5728.5774,True
2,29,Customer,1,U_customer,UPDATE,3.8022,True
2,29,Customer,2,Q10,SELECT,484.6647,True
2,29,Customer,3,U_customer,UPDATE,1.2045,True
2,29,Customer,4,Q10,SELECT,393.8607,True
2,29,Customer,5,U_customer,UPDATE,1.2105,True
2,29,Customer,6,Q7,SELECT,464.5353,True
2,29,Customer,7,U_customer,UPDATE,0.6513,True
2,29,Customer,8,Q7,SELECT,408.6638,True
2,29,Customer,9,U_customer,UPDATE,0.8893,True
2,29,Customer,10,Q7,SELECT,410.9618,True
2,29,Customer,11,U_customer,UPDATE,0.3243,True
2,29,Customer,12,Q3,SELECT,749.3533,True
2,29,Customer,13,U_customer,UPDATE,1.5881,True
2,29,Customer,14,Q10,SELECT,383.9553,True
2,29,Customer,15,U_customer,UPDATE,1.344,True
2,29,Customer,16,Q3,SELECT,714.1881,True
2,29,Customer,17,U_customer,UPDATE,1.2397,True
2,29,Customer,18,Q10,SELECT,390.0324,True
2,29,Customer,19,U_customer,UPDATE,1.2386,True
2,30,Customer,0,Q10,SELECT,386.945,True
2,30,Customer,1,U_customer,UPDATE,1.3125,True
2,30,Customer,2,Q10,SELECT,370.2387,True
2,30,Customer,3,U_customer,UPDATE,1.542,True
2,30,Customer,4,Q18,SELECT,5815.4937,True
2,30,Customer,5,U_customer,UPDATE,0.9597,True
2,30,Customer,6,Q3,SELECT,814.6188,True
2,30,Customer,7,U_customer,UPDATE,1.2702,True
2,30,Customer,8,Q18,SELECT,5771.9034,True
2,30,Customer,9,U_customer,UPDATE,1.2824,True
2,30,Customer,10,Q10,SELECT,420.2807,True
2,30,Customer,11,U_customer,UPDATE,0.898,True
2,30,Customer,12,Q3,SELECT,755.9424,True
2,30,Customer,13,U_customer,UPDATE,0.3992,True
2,30,Customer,14,Q18,SELECT,5825.9584,True
2,30,Customer,15,U_customer,UPDATE,0.3035,True
2,30,Customer,16,Q10,SELECT,488.2692,True
2,30,Customer,17,U_customer,UPDATE,0.6263,True
2,30,Customer,18,Q3,SELECT,794.6481,True
2,30,Customer,19,U_customer,UPDATE,0.6269,True
2,31,Customer,0,Q10,SELECT,402.7193,True
2,31,Customer,1,U_customer,UPDATE,0.3891,True
2,31,Customer,2,Q10,SELECT,396.7338,True
2,31,Customer,3,U_customer,UPDATE,0.7022,True
2,31,Customer,4,Q3,SELECT,743.9917,True
2,31,Customer,5,U_customer,UPDATE,0.697,True
2,31,Customer,6,Q3,SELECT,731.351,True
2,31,Customer,7,U_customer,UPDATE,0.6397,True
2,31,Customer,8,Q10,SELECT,388.6038,True
2,31,Customer,9,U_customer,UPDATE,0.7936,True
2,31,Customer,10,Q3,SELECT,727.837,True
2,31,Customer,11,U_customer,UPDATE,0.6102,True
2,31,Customer,12,Q18,SELECT,6149.1846,True
2,31,Customer,13,U_customer,UPDATE,0.4809,True
2,31,Customer,14,Q3,SELECT,812.3525,True
2,31,Customer,15,U_customer,UPDATE,0.7459,True
2,31,Customer,16,Q3,SELECT,738.3871,True
2,31,Customer,17,U_customer,UPDATE,1.3977,True
2,31,Customer,18,Q7,SELECT,420.658,True
2,31,Customer,19,U_customer,UPDATE,1.4568,True
3,0,Reporting,0,Q1,SELECT,1609.8147,True
3,0,Reporting,1,U_orders,UPDATE,1.2845,True
3,0,Reporting,2,Q4,SELECT,352.4446,True
3,0,Reporting,3,Q1,SELECT,1617.9779,True
3,0,Reporting,4,Q14,SELECT,263.1015,True
3,0,Reporting,5,U_orders,UPDATE,0.423,True
3,0,Reporting,6,Q12,SELECT,1255.5274,True
3,0,Reporting,7,Q1,SELECT,1731.8156,True
3,0,Reporting,8,Q4,SELECT,287.5679,True
3,0,Reporting,9,Q14,SELECT,298.3004,True
3,0,Reporting,10,U_orders,UPDATE,0.9179,True
3,0,Reporting,11,Q4,SELECT,280.219,True
3,0,Reporting,12,Q1,SELECT,1712.925,True
3,0,Reporting,13,Q1,SELECT,1791.8121,True
3,0,Reporting,14,Q6,SELECT,575.1107,True
3,0,Reporting,15,Q12,SELECT,1122.6677,True
3,0,Reporting,16,Q6,SELECT,545.2477,True
3,0,Reporting,17,U_orders,UPDATE,1.5898,True
3,0,Reporting,18,Q12,SELECT,1227.4039,True
3,0,Reporting,19,U_orders,UPDATE,1.8136,True
3,0,Reporting,20,Q14,SELECT,285.2199,True
3,0,Reporting,21,Q6,SELECT,570.599,True
3,0,Reporting,22,Q1,SELECT,1635.8208,True
3,0,Reporting,23,Q4,SELECT,279.033,True
3,0,Reporting,24,Q6,SELECT,540.6965,True
3,0,Reporting,25,Q14,SELECT,227.8035,True
3,0,Reporting,26,Q4,SELECT,225.1961,True
3,0,Reporting,27,U_orders,UPDATE,0.9965,True
3,0,Reporting,28,Q14,SELECT,225.9963,True
3,0,Reporting,29,Q1,SELECT,1665.8845,True
3,1,Reporting,0,Q12,SELECT,1287.2998,True
3,1,Reporting,1,Q1,SELECT,1741.4767,True
3,1,Reporting,2,U_orders,UPDATE,1.3448,True
3,1,Reporting,3,Q1,SELECT,1769.1107,True
3,1,Reporting,4,U_orders,UPDATE,1.5601,True
3,1,Reporting,5,Q12,SELECT,1079.2341,True
3,1,Reporting,6,Q6,SELECT,529.049,True
3,1,Reporting,7,Q1,SELECT,1701.6393,True
3,1,Reporting,8,U_orders,UPDATE,1.6183,True
3,1,Reporting,9,Q6,SELECT,556.7172,True
3,1,Reporting,10,Q12,SELECT,991.1453,True
3,1,Reporting,11,Q1,SELECT,1694.399,True
3,1,Reporting,12,Q12,SELECT,1022.8172,True
3,1,Reporting,13,Q1,SELECT,1731.4309,True
3,1,Reporting,14,Q4,SELECT,260.7713,True
3,1,Reporting,15,Q1,SELECT,1757.6956,True
3,1,Reporting,16,Q14,SELECT,259.3545,True
3,1,Reporting,17,Q1,SELECT,1753.0921,True
3,1,Reporting,18,U_orders,UPDATE,1.6507,True
3,1,Reporting,19,Q1,SELECT,1802.9995,True
3,1,Reporting,20,Q14,SELECT,236.2092,True
3,1,Reporting,21,U_orders,UPDATE,1.4256,True
3,1,Reporting,22,Q14,SELECT,242.0508,True
3,1,Reporting,23,Q1,SELECT,1720.4937,True
3,1,Reporting,24,Q14,SELECT,240.2549,True
3,1,Reporting,25,Q1,SELECT,1730.9616,True
3,1,Reporting,26,Q1,SELECT,1844.7228,True
3,1,Reporting,27,Q1,SELECT,1862.8953,True
3,1,Reporting,28,Q4,SELECT,253.2254,True
3,1,Reporting,29,U_orders,UPDATE,2.3639,True
3,2,Reporting,0,Q4,SELECT,240.4137,True
3,2,Reporting,1,Q1,SELECT,1749.722,True
3,2,Reporting,2,Q14,SELECT,275.18,True
3,2,Reporting,3,Q6,SELECT,542.7248,True
3,2,Reporting,4,Q14,SELECT,237.3755,True
3,2,Reporting,5,Q12,SELECT,1074.4916,True
3,2,Reporting,6,Q1,SELECT,1707.9378,True
3,2,Reporting,7,Q1,SELECT,1741.9864,True
3,2,Reporting,8,Q6,SELECT,580.4258,True
3,2,Reporting,9,Q4,SELECT,243.4285,True
3,2,Reporting,10,U_orders,UPDATE,1.4349,True
3,2,Reporting,11,U_orders,UPDATE,0.5067,True
3,2,Reporting,12,Q14,SELECT,250.1076,True
3,2,Reporting,13,Q6,SELECT,534.9862,True
3,2,Reporting,14,Q1,SELECT,1676.4155,True
3,2,Reporting,15,U_orders,UPDATE,1.9614,True
3,2,Reporting,16,Q6,SELECT,536.5152,True
3,2,Reporting,17,Q1,SELECT,1695.7992,True
3,2,Reporting,18,Q14,SELECT,240.9128,True
3,2,Reporting,19,U_orders,UPDATE,2.1587,True
3,2,Reporting,20,Q6,SELECT,521.7303,True
3,2,Reporting,21,Q1,SELECT,1663.2484,True
3,2,Reporting,22,U_orders,UPDATE,1.7042,True
3,2,Reporting,23,Q1,SELECT,1783.5909,True
3,2,Reporting,24,U_orders,UPDATE,1.9161,True
3,2,Reporting,25,Q1,SELECT,1824.4214,True
3,2,Reporting,26,Q6,SELECT,593.7953,True
3,2,Reporting,27,Q14,SELECT,286.3155,True
3,2,Reporting,28,Q6,SELECT,542.378,True
3,2,Reporting,29,Q6,SELECT,527.1495,True
3,3,Reporting,0,Q4,SELECT,231.6106,True
3,3,Reporting,1,U_orders,UPDATE,1.8233,True
3,3,Reporting,2,U_orders,UPDATE,0.5944,True
3,3,Reporting,3,Q6,SELECT,507.6443,True
3,3,Reporting,4,Q1,SELECT,1599.0354,True
3,3,Reporting,5,Q6,SELECT,525.9009,True
3,3,Reporting,6,U_orders,UPDATE,2.0458,True
3,3,Reporting,7,Q12,SELECT,1100.387,True
3,3,Reporting,8,Q1,SELECT,1719.1882,True
3,3,Reporting,9,Q1,SELECT,1779.5546,True
3,3,Reporting,10,Q14,SELECT,259.8865,True
3,3,Reporting,11,Q4,SELECT,240.3397,True
3,3,Reporting,12,Q1,SELECT,1723.9979,True
3,3,Reporting,13,U_orders,UPDATE,1.4246,True
3,3,Reporting,14,Q12,SELECT,1006.985,True
3,3,Reporting,15,Q6,SELECT,526.3761,True
3,3,Reporting,16,Q1,SELECT,1719.1728,True
3,3,Reporting,17,Q6,SELECT,534.5338,True
3,3,Reporting,18,Q1,SELECT,1698.5557,True
3,3,Reporting,19,Q1,SELECT,1776.9883,True
3,3,Reporting,20,Q1,SELECT,1808.451,True
3,3,Reporting,21,Q1,SELECT,1819.6597,True
3,3,Reporting,22,U_orders,UPDATE,0.8634,True
3,3,Reporting,23,Q1,SELECT,1817.9161,True
3,3,Reporting,24,Q1,SELECT,1833.0421,True
3,3,Reporting,25,Q1,SELECT,1855.159,True
3,3,Reporting,26,U_orders,UPDATE,1.826,True
3,3,Reporting,27,Q6,SELECT,574.7244,True
3,3,Reporting,28,Q12,SELECT,1047.761,True
3,3,Reporting,29,Q1,SELECT,1737.5682,True
3,4,Reporting,0,U_orders,UPDATE,2.0665,True
3,4,Reporting,1,U_orders,UPDATE,1.0734,True
3,4,Reporting,2,Q6,SELECT,557.2411,True
3,4,Reporting,3,Q4,SELECT,251.2347,True
3,4,Reporting,4,Q1,SELECT,1725.0674,True
3,4,Reporting,5,Q6,SELECT,566.1742,True
3,4,Reporting,6,Q6,SELECT,548.1576,True
3,4,Reporting,7,Q6,SELECT,521.3742,True
3,4,Reporting,8,Q4,SELECT,235.3869,True
3,4,Reporting,9,Q6,SELECT,517.1024,True
3,4,Reporting,10,Q1,SELECT,1654.6525,True
3,4,Reporting,11,Q6,SELECT,566.0182,True
3,4,Reporting,12,U_orders,UPDATE,0.368,True
3,4,Reporting,13,Q4,SELECT,221.1928,True
3,4,Reporting,14,Q14,SELECT,237.8399,True
3,4,Reporting,15,Q1,SELECT,1747.7186,True
3,4,Reporting,16,Q4,SELECT,238.0723,True
3,4,Reporting,17,Q6,SELECT,529.7009,True
3,4,Reporting,18,U_orders,UPDATE,1.6788,True
3,4,Reporting,19,U_orders,UPDATE,0.6358,True
3,4,Reporting,20,Q6,SELECT,533.7933,True
3,4,Reporting,21,Q1,SELECT,1712.8002,True
3,4,Reporting,22,Q6,SELECT,530.9165,True
3,4,Reporting,23,Q1,SELECT,1740.3487,True
3,4,Reporting,24,Q1,SELECT,1743.6782,True
3,4,Reporting,25,Q1,SELECT,1784.7328,True
3,4,Reporting,26,Q1,SELECT,1835.9079,True
3,4,Reporting,27,Q6,SELECT,550.3449,True
3,4,Reporting,28,Q6,SELECT,522.6599,True
3,4,Reporting,29,U_orders,UPDATE,1.8632,True
3,5,Reporting,0,Q1,SELECT,1757.0514,True
3,5,Reporting,1,Q1,SELECT,1863.1642,True
3,5,Reporting,2,Q12,SELECT,1183.3755,True
3,5,Reporting,3,Q1,SELECT,1805.9434,True
3,5,Reporting,4,Q1,SELECT,1983.0332,True
3,5,Reporting,5,Q6,SELECT,593.7806,True
3,5,Reporting,6,Q4,SELECT,287.3712,True
3,5,Reporting,7,Q1,SELECT,1823.3484,True
3,5,Reporting,8,Q1,SELECT,1855.2694,True
3,5,Reporting,9,Q1,SELECT,1791.9585,True
3,5,Reporting,10,Q6,SELECT,559.4658,True
3,5,Reporting,11,Q4,SELECT,241.6985,True
3,5,Reporting,12,Q1,SELECT,1738.2183,True
3,5,Reporting,13,U_orders,UPDATE,2.6878,True
3,5,Reporting,14,Q6,SELECT,533.2942,True
3,5,Reporting,15,Q6,SELECT,508.9698,True
3,5,Reporting,16,Q1,SELECT,1661.7033,True
3,5,Reporting,17,Q6,SELECT,540.7025,True
3,5,Reporting,18,U_orders,UPDATE,1.6079,True
3,5,Reporting,19,Q1,SELECT,1695.5513,True
3,5,Reporting,20,U_orders,UPDATE,1.486,True
3,5,Reporting,21,U_orders,UPDATE,0.5158,True
3,5,Reporting,22,Q1,SELECT,1794.2969,True
3,5,Reporting,23,Q1,SELECT,1827.0654,True
3,5,Reporting,24,U_orders,UPDATE,1.3839,True
3,5,Reporting,25,Q1,SELECT,1820.0812,True
3,5,Reporting,26,Q1,SELECT,1819.81,True
3,5,Reporting,27,U_orders,UPDATE,3.2517,True
3,5,Reporting,28,Q4,SELECT,248.9305,True
3,5,Reporting,29,Q12,SELECT,1017.405,True
3,6,Reporting,0,Q6,SELECT,537.83,True
3,6,Reporting,1,U_orders,UPDATE,1.6435,True
3,6,Reporting,2,Q1,SELECT,1721.3853,True
3,6,Reporting,3,Q14,SELECT,291.0283,True
3,6,Reporting,4,Q4,SELECT,255.621,True
3,6,Reporting,5,Q6,SELECT,524.3961,True
3,6,Reporting,6,U_orders,UPDATE,0.6957,True
3,6,Reporting,7,Q14,SELECT,226.9227,True
3,6,Reporting,8,Q14,SELECT,230.2959,True
3,6,Reporting,9,Q6,SELECT,494.0012,True
3,6,Reporting,10,Q1,SELECT,1683.6245,True
3,6,Reporting,11,Q1,SELECT,1753.2035,True
3,6,Reporting,12,U_orders,UPDATE,1.426,True
3,6,Reporting,13,Q12,SELECT,1113.9306,True
3,6,Reporting,14,Q1,SELECT,1726.5747,True
3,6,Reporting,15,Q14,SELECT,254.6083,True
3,6,Reporting,16,Q6,SELECT,539.8756,True
3,6,Reporting,17,Q6,SELECT,514.9344,True
3,6,Reporting,18,Q6,SELECT,505.432,True
3,6,Reporting,19,Q14,SELECT,226.9803,True
3,6,Reporting,20,Q14,SELECT,228.9636,True
3,6,Reporting,21,Q1,SELECT,1595.1268,True
3,6,Reporting,22,U_orders,UPDATE,1.6521,True
3,6,Reporting,23,Q1,SELECT,1726.402,True
3,6,Reporting,24,Q1,SELECT,1801.7511,True
3,6,Reporting,25,U_orders,UPDATE,1.6519,True
3,6,Reporting,26,Q6,SELECT,539.3312,True
3,6,Reporting,27,Q1,SELECT,1729.7393,True
3,6,Reporting,28,U_orders,UPDATE,2.656,True
3,6,Reporting,29,Q12,SELECT,1048.1356,True
3,7,Reporting,0,Q4,SELECT,264.7514,True
3,7,Reporting,1,Q6,SELECT,517.3657,True
3,7,Reporting,2,Q12,SELECT,947.31,True
3,7,Reporting,3,Q6,SELECT,519.0566,True
3,7,Reporting,4,Q6,SELECT,504.4933,True
3,7,Reporting,5,Q6,SELECT,506.8409,True
3,7,Reporting,6,Q4,SELECT,224.7893,True
3,7,Reporting,7,Q1,SELECT,1591.6685,True
3,7,Reporting,8,Q12,SELECT,993.4258,True
3,7,Reporting,9,Q4,SELECT,230.0264,True
3,7,Reporting,10,U_orders,UPDATE,1.7091,True
3,7,Reporting,11,Q4,SELECT,224.9358,True
3,7,Reporting,12,U_orders,UPDATE,0.9699,True
3,7,Reporting,13,U_orders,UPDATE,0.5603,True
3,7,Reporting,14,U_orders,UPDATE,0.3974,True
3,7,Reporting,15,Q1,SELECT,1695.1974,True
3,7,Reporting,16,Q1,SELECT,1759.0222,True
3,7,Reporting,17,Q6,SELECT,556.9187,True
3,7,Reporting,18,Q6,SELECT,508.1544,True
3,7,Reporting,19,Q1,SELECT,1669.038,True
3,7,Reporting,20,U_orders,UPDATE,0.9909,True
3,7,Reporting,21,Q4,SELECT,238.9265,True
3,7,Reporting,22,Q1,SELECT,1706.5217,True
3,7,Reporting,23,Q6,SELECT,565.6669,True
3,7,Reporting,24,U_orders,UPDATE,0.5821,True
3,7,Reporting,25,Q1,SELECT,1758.6373,True
3,7,Reporting,26,Q14,SELECT,286.2818,True
3,7,Reporting,27,Q6,SELECT,646.1074,True
3,7,Reporting,28,Q4,SELECT,335.3369,True
3,7,Reporting,29,Q6,SELECT,591.9637,True
3,8,JoinHeavy,0,Q10,SELECT,478.8728,True
3,8,JoinHeavy,1,Q18,SELECT,6055.7393,True
3,8,JoinHeavy,2,Q7,SELECT,588.7562,True
3,8,JoinHeavy,3,Q3,SELECT,796.6287,True
3,8,JoinHeavy,4,Q5,SELECT,349.0829,True
3,8,JoinHeavy,5,Q3,SELECT,758.4667,True
3,8,JoinHeavy,6,Q10,SELECT,394.6638,True
3,8,JoinHeavy,7,Q3,SELECT,690.6809,True
3,8,JoinHeavy,8,Q5,SELECT,288.4766,True
3,8,JoinHeavy,9,Q3,SELECT,707.3233,True
3,8,JoinHeavy,10,Q18,SELECT,5668.7794,True
3,8,JoinHeavy,11,Q3,SELECT,828.8562,True
3,8,JoinHeavy,12,Q5,SELECT,331.1423,True
3,8,JoinHeavy,13,Q3,SELECT,742.9672,True
3,8,JoinHeavy,14,Q5,SELECT,281.5515,True
3,8,JoinHeavy,15,Q3,SELECT,705.7922,True
3,8,JoinHeavy,16,Q3,SELECT,710.2244,True
3,8,JoinHeavy,17,Q3,SELECT,716.1512,True
3,8,JoinHeavy,18,Q3,SELECT,755.412,True
3,8,JoinHeavy,19,Q18,SELECT,6033.8056,True
3,8,JoinHeavy,20,Q7,SELECT,462.5787,True
3,8,JoinHeavy,21,Q3,SELECT,740.1853,True
3,8,JoinHeavy,22,I_customer,INSERT,1.7556,True
3,8,JoinHeavy,23,I_customer,INSERT,0.2593,True
3,8,JoinHeavy,24,I_customer,INSERT,0.232,True
3,8,JoinHeavy,25,I_customer,INSERT,0.2095,True
3,8,JoinHeavy,26,I_customer,INSERT,0.1558,True
3,8,JoinHeavy,27,I_customer,INSERT,0.1931,True
3,8,JoinHeavy,28,I_customer,INSERT,0.144,True
3,8,JoinHeavy,29,I_customer,INSERT,0.2349,True
3,8,JoinHeavy,30,I_customer,INSERT,0.1338,True
3,8,JoinHeavy,31,I_customer,INSERT,0.1373,True
3,8,JoinHeavy,32,I_customer,INSERT,0.1365,True
3,8,JoinHeavy,33,I_customer,INSERT,0.1509,True
3,8,JoinHeavy,34,I_customer,INSERT,0.1578,True
3,8,JoinHeavy,35,I_customer,INSERT,0.1532,True
3,8,JoinHeavy,36,I_customer,INSERT,0.1614,True
3,8,JoinHeavy,37,I_customer,INSERT,0.1574,True
3,8,JoinHeavy,38,I_customer,INSERT,0.1422,True
3,8,JoinHeavy,39,I_customer,INSERT,0.1404,True
3,9,JoinHeavy,0,Q5,SELECT,338.6249,True
3,9,JoinHeavy,1,Q18,SELECT,6141.1148,True
3,9,JoinHeavy,2,Q5,SELECT,384.1473,True
3,9,JoinHeavy,3,Q7,SELECT,459.4385,True
3,9,JoinHeavy,4,Q5,SELECT,310.414,True
3,9,JoinHeavy,5,Q5,SELECT,309.3077,True
3,9,JoinHeavy,6,Q3,SELECT,767.6338,True
3,9,JoinHeavy,7,Q3,SELECT,713.76,True
3,9,JoinHeavy,8,Q5,SELECT,293.8236,True
3,9,JoinHeavy,9,Q3,SELECT,710.7573,True
3,9,JoinHeavy,10,Q5,SELECT,291.981,True
3,9,JoinHeavy,11,Q10,SELECT,382.7732,True
3,9,JoinHeavy,12,Q5,SELECT,285.4841,True
3,9,JoinHeavy,13,Q5,SELECT,284.2036,True
3,9,JoinHeavy,14,Q18,SELECT,5874.7011,True
3,9,JoinHeavy,15,Q10,SELECT,396.3045,True
3,9,JoinHeavy,16,Q5,SELECT,294.3272,True
3,9,JoinHeavy,17,Q10,SELECT,382.8418,True
3,9,JoinHeavy,18,Q3,SELECT,709.136,True
3,9,JoinHeavy,19,Q3,SELECT,690.5996,True
3,9,JoinHeavy,20,Q18,SELECT,5650.6303,True
3,9,JoinHeavy,21,Q3,SELECT,760.9705,True
3,9,JoinHeavy,22,I_customer,INSERT,2.5725,True
3,9,JoinHeavy,23,I_customer,INSERT,0.279,True
3,9,JoinHeavy,24,I_customer,INSERT,0.2983,True
3,9,JoinHeavy,25,I_customer,INSERT,0.4346,True
3,9,JoinHeavy,26,I_customer,INSERT,0.2699,True
3,9,JoinHeavy,27,I_customer,INSERT,0.7188,True
3,9,JoinHeavy,28,I_customer,INSERT,0.1687,True
3,9,JoinHeavy,29,I_customer,INSERT,0.1596,True
3,9,JoinHeavy,30,I_customer,INSERT,0.1687,True
3,9,JoinHeavy,31,I_customer,INSERT,0.152,True
3,9,JoinHeavy,32,I_customer,INSERT,0.1777,True
3,9,JoinHeavy,33,I_customer,INSERT,0.153,True
3,9,JoinHeavy,34,I_customer,INSERT,0.1548,True
3,9,JoinHeavy,35,I_customer,INSERT,0.14,True
3,9,JoinHeavy,36,I_customer,INSERT,0.1363,True
3,9,JoinHeavy,37,I_customer,INSERT,0.1339,True
3,9,JoinHeavy,38,I_customer,INSERT,0.1402,True
3,9,JoinHeavy,39,I_customer,INSERT,0.1363,True
3,10,JoinHeavy,0,Q10,SELECT,405.9589,True
3,10,JoinHeavy,1,Q7,SELECT,406.9192,True
3,10,JoinHeavy,2,Q3,SELECT,706.9815,True
3,10,JoinHeavy,3,Q18,SELECT,5746.3648,True
3,10,JoinHeavy,4,Q3,SELECT,766.6389,True
3,10,JoinHeavy,5,Q3,SELECT,710.3485,True
3,10,JoinHeavy,6,Q3,SELECT,707.5702,True
3,10,JoinHeavy,7,Q3,SELECT,694.7501,True
3,10,JoinHeavy,8,Q5,SELECT,292.2349,True
3,10,JoinHeavy,9,Q7,SELECT,409.1023,True
3,10,JoinHeavy,10,Q3,SELECT,706.6653,True
3,10,JoinHeavy,11,Q5,SELECT,284.9647,True
3,10,JoinHeavy,12,Q7,SELECT,388.3847,True
3,10,JoinHeavy,13,Q10,SELECT,383.3493,True
3,10,JoinHeavy,14,Q5,SELECT,285.6818,True
3,10,JoinHeavy,15,Q5,SELECT,284.8553,True
3,10,JoinHeavy,16,Q7,SELECT,389.7487,True
3,10,JoinHeavy,17,Q10,SELECT,376.9755,True
3,10,JoinHeavy,18,Q7,SELECT,383.4107,True
3,10,JoinHeavy,19,Q5,SELECT,283.686,True
3,10,JoinHeavy,20,Q3,SELECT,703.634,True
3,10,JoinHeavy,21,Q7,SELECT,388.7785,True
3,10,JoinHeavy,22,I_customer,INSERT,0.639,True
3,10,JoinHeavy,23,I_customer,INSERT,0.3231,True
3,10,JoinHeavy,24,I_customer,INSERT,0.2181,True
3,10,JoinHeavy,25,I_customer,INSERT,0.2397,True
3,10,JoinHeavy,26,I_customer,INSERT,0.1987,True
3,10,JoinHeavy,27,I_customer,INSERT,0.1833,True
3,10,JoinHeavy,28,I_customer,INSERT,0.2026,True
3,10,JoinHeavy,29,I_customer,INSERT,0.1734,True
3,10,JoinHeavy,30,I_customer,INSERT,0.2052,True
3,10,JoinHeavy,31,I_customer,INSERT,0.2259,True
3,10,JoinHeavy,32,I_customer,INSERT,0.3145,True
3,10,JoinHeavy,33,I_customer,INSERT,0.2529,True
3,10,JoinHeavy,34,I_customer,INSERT,0.2264,True
3,10,JoinHeavy,35,I_customer,INSERT,0.2152,True
3,10,JoinHeavy,36,I_customer,INSERT,0.2055,True
3,10,JoinHeavy,37,I_customer,INSERT,0.2184,True
3,10,JoinHeavy,38,I_customer,INSERT,0.23,True
3,10,JoinHeavy,39,I_customer,INSERT,0.2118,True
3,11,JoinHeavy,0,Q7,SELECT,386.3481,True
3,11,JoinHeavy,1,Q3,SELECT,697.3569,True
3,11,JoinHeavy,2,Q10,SELECT,381.0095,True
3,11,JoinHeavy,3,Q3,SELECT,689.2841,True
3,11,JoinHeavy,4,Q10,SELECT,377.0042,True
3,11,JoinHeavy,5,Q7,SELECT,386.0351,True
3,11,JoinHeavy,6,Q7,SELECT,386.7636,True
3,11,JoinHeavy,7,Q7,SELECT,385.6937,True
3,11,JoinHeavy,8,Q3,SELECT,699.3133,True
3,11,JoinHeavy,9,Q3,SELECT,694.0199,True
3,11,JoinHeavy,10,Q7,SELECT,385.6765,True
3,11,JoinHeavy,11,Q3,SELECT,704.4748,True
3,11,JoinHeavy,12,Q18,SELECT,5805.975,True
3,11,JoinHeavy,13,Q5,SELECT,358.0462,True
3,11,JoinHeavy,14,Q18,SELECT,5486.2823,True
3,11,JoinHeavy,15,Q10,SELECT,412.8766,True
3,11,JoinHeavy,16,Q5,SELECT,302.1285,True
3,11,JoinHeavy,17,Q10,SELECT,383.284,True
3,11,JoinHeavy,18,Q5,SELECT,284.3055,True
3,11,JoinHeavy,19,Q5,SELECT,288.5806,True
3,11,JoinHeavy,20,Q10,SELECT,383.9691,True
3,11,JoinHeavy,21,Q5,SELECT,285.6597,True
3,11,JoinHeavy,22,I_customer,INSERT,1.5345,True
3,11,JoinHeavy,23,I_customer,INSERT,0.2935,True
3,11,JoinHeavy,24,I_customer,INSERT,0.2497,True
3,11,JoinHeavy,25,I_customer,INSERT,0.255,True
3,11,JoinHeavy,26,I_customer,INSERT,0.2551,True
3,11,JoinHeavy,27,I_customer,INSERT,0.2201,True
3,11,JoinHeavy,28,I_customer,INSERT,0.2204,True
3,11,JoinHeavy,29,I_customer,INSERT,0.2675,True
3,11,JoinHeavy,30,I_customer,INSERT,0.2186,True
3,11,JoinHeavy,31,I_customer,INSERT,0.2133,True
3,11,JoinHeavy,32,I_customer,INSERT,0.225,True
3,11,JoinHeavy,33,I_customer,INSERT,0.209,True
3,11,JoinHeavy,34,I_customer,INSERT,0.2091,True
3,11,JoinHeavy,35,I_customer,INSERT,0.2301,True
3,11,JoinHeavy,36,I_customer,INSERT,0.221,True
3,11,JoinHeavy,37,I_customer,INSERT,0.2074,True
3,11,JoinHeavy,38,I_customer,INSERT,0.1671,True
3,11,JoinHeavy,39,I_customer,INSERT,0.1867,True
3,12,JoinHeavy,0,Q7,SELECT,401.7428,True
3,12,JoinHeavy,1,Q5,SELECT,286.5965,True
3,12,JoinHeavy,2,Q18,SELECT,5654.5156,True
3,12,JoinHeavy,3,Q3,SELECT,776.0393,True
3,12,JoinHeavy,4,Q7,SELECT,411.4422,True
3,12,JoinHeavy,5,Q5,SELECT,288.2935,True
3,12,JoinHeavy,6,Q7,SELECT,397.0554,True
3,12,JoinHeavy,7,Q7,SELECT,386.9267,True
3,12,JoinHeavy,8,Q3,SELECT,700.5732,True
3,12,JoinHeavy,9,Q10,SELECT,377.6184,True
3,12,JoinHeavy,10,Q3,SELECT,687.861,True
3,12,JoinHeavy,11,Q10,SELECT,380.3283,True
3,12,JoinHeavy,12,Q5,SELECT,301.8099,True
3,12,JoinHeavy,13,Q5,SELECT,280.3267,True
3,12,JoinHeavy,14,Q10,SELECT,374.2735,True
3,12,JoinHeavy,15,Q7,SELECT,385.9983,True
3,12,JoinHeavy,16,Q10,SELECT,378.2902,True
3,12,JoinHeavy,17,Q7,SELECT,382.8128,True
3,12,JoinHeavy,18,Q3,SELECT,693.4983,True
3,12,JoinHeavy,19,Q7,SELECT,384.7665,True
3,12,JoinHeavy,20,Q18,SELECT,5628.7248,True
3,12,JoinHeavy,21,Q7,SELECT,408.7132,True
3,12,JoinHeavy,22,I_customer,INSERT,1.6178,True
3,12,JoinHeavy,23,I_customer,INSERT,0.4014,True
3,12,JoinHeavy,24,I_customer,INSERT,0.2939,True
3,12,JoinHeavy,25,I_customer,INSERT,0.2706,True
3,12,JoinHeavy,26,I_customer,INSERT,0.2236,True
3,12,JoinHeavy,27,I_customer,INSERT,0.2434,True
3,12,JoinHeavy,28,I_customer,INSERT,0.245,True
3,12,JoinHeavy,29,I_customer,INSERT,0.2114,True
3,12,JoinHeavy,30,I_customer,INSERT,0.2197,True
3,12,JoinHeavy,31,I_customer,INSERT,0.23,True
3,12,JoinHeavy,32,I_customer,INSERT,0.2331,True
3,12,JoinHeavy,33,I_customer,INSERT,0.2642,True
3,12,JoinHeavy,34,I_customer,INSERT,0.213,True
3,12,JoinHeavy,35,I_customer,INSERT,0.2163,True
3,12,JoinHeavy,36,I_customer,INSERT,0.2083,True
3,12,JoinHeavy,37,I_customer,INSERT,0.215,True
3,12,JoinHeavy,38,I_customer,INSERT,0.2078,True
3,12,JoinHeavy,39,I_customer,INSERT,0.2448,True
3,13,JoinHeavy,0,Q3,SELECT,707.5787,True
3,13,JoinHeavy,1,Q7,SELECT,394.3692,True
3,13,JoinHeavy,2,Q5,SELECT,288.1809,True
3,13,JoinHeavy,3,Q3,SELECT,703.7265,True
3,13,JoinHeavy,4,Q3,SELECT,690.2899,True
3,13,JoinHeavy,5,Q10,SELECT,379.801,True
3,13,JoinHeavy,6,Q7,SELECT,388.8584,True
3,13,JoinHeavy,7,Q18,SELECT,5563.3199,True
3,13,JoinHeavy,8,Q7,SELECT,446.7433,True
3,13,JoinHeavy,9,Q3,SELECT,732.8922,True
3,13,JoinHeavy,10,Q5,SELECT,294.4402,True
3,13,JoinHeavy,11,Q7,SELECT,399.2563,True
3,13,JoinHeavy,12,Q10,SELECT,385.765,True
3,13,JoinHeavy,13,Q5,SELECT,283.3333,True
3,13,JoinHeavy,14,Q18,SELECT,5861.5866,True
3,13,JoinHeavy,15,Q7,SELECT,482.654,True
3,13,JoinHeavy,16,Q3,SELECT,726.9853,True
3,13,JoinHeavy,17,Q3,SELECT,706.5582,True
3,13,JoinHeavy,18,Q7,SELECT,390.7012,True
3,13,JoinHeavy,19,Q7,SELECT,388.668,True
3,13,JoinHeavy,20,Q7,SELECT,388.267,True
3,13,JoinHeavy,21,Q18,SELECT,5470.489,True
3,13,JoinHeavy,22,I_customer,INSERT,2.4875,True
3,13,JoinHeavy,23,I_customer,INSERT,0.4496,True
3,13,JoinHeavy,24,I_customer,INSERT,0.7215,True
3,13,JoinHeavy,25,I_customer,INSERT,0.2162,True
3,13,JoinHeavy,26,I_customer,INSERT,0.1651,True
3,13,JoinHeavy,27,I_customer,INSERT,0.1898,True
3,13,JoinHeavy,28,I_customer,INSERT,0.1453,True
3,13,JoinHeavy,29,I_customer,INSERT,0.1709,True
3,13,JoinHeavy,30,I_customer,INSERT,0.1508,True
3,13,JoinHeavy,31,I_customer,INSERT,0.1599,True
3,13,JoinHeavy,32,I_customer,INSERT,0.1535,True
3,13,JoinHeavy,33,I_customer,INSERT,0.1455,True
3,13,JoinHeavy,34,I_customer,INSERT,0.1377,True
3,13,JoinHeavy,35,I_customer,INSERT,0.1617,True
3,13,JoinHeavy,36,I_customer,INSERT,0.149,True
3,13,JoinHeavy,37,I_customer,INSERT,0.151,True
3,13,JoinHeavy,38,I_customer,INSERT,0.138,True
3,13,JoinHeavy,39,I_customer,INSERT,0.1363,True
3,14,JoinHeavy,0,Q7,SELECT,417.9718,True
3,14,JoinHeavy,1,Q7,SELECT,391.935,True
3,14,JoinHeavy,2,Q3,SELECT,691.3063,True
3,14,JoinHeavy,3,Q5,SELECT,278.4428,True
3,14,JoinHeavy,4,Q18,SELECT,5386.4507,True
3,14,JoinHeavy,5,Q7,SELECT,464.345,True
3,14,JoinHeavy,6,Q3,SELECT,709.3684,True
3,14,JoinHeavy,7,Q10,SELECT,383.2331,True
3,14,JoinHeavy,8,Q5,SELECT,291.2438,True
3,14,JoinHeavy,9,Q7,SELECT,386.5757,True
3,14,JoinHeavy,10,Q10,SELECT,376.8709,True
3,14,JoinHeavy,11,Q18,SELECT,5719.9042,True
3,14,JoinHeavy,12,Q7,SELECT,450.2495,True
3,14,JoinHeavy,13,Q3,SELECT,722.9933,True
3,14,JoinHeavy,14,Q3,SELECT,697.7722,True
3,14,JoinHeavy,15,Q5,SELECT,290.8061,True
3,14,JoinHeavy,16,Q5,SELECT,286.6209,True
3,14,JoinHeavy,17,Q5,SELECT,282.6339,True
3,14,JoinHeavy,18,Q3,SELECT,689.5303,True
3,14,JoinHeavy,19,Q10,SELECT,384.194,True
3,14,JoinHeavy,20,Q5,SELECT,281.8127,True
3,14,JoinHeavy,21,Q7,SELECT,382.5481,True
3,14,JoinHeavy,22,I_customer,INSERT,1.1696,True
3,14,JoinHeavy,23,I_customer,INSERT,0.3141,True
3,14,JoinHeavy,24,I_customer,INSERT,0.2559,True
3,14,JoinHeavy,25,I_customer,INSERT,0.2376,True
3,14,JoinHeavy,26,I_customer,INSERT,0.2333,True
3,14,JoinHeavy,27,I_customer,INSERT,0.2396,True
3,14,JoinHeavy,28,I_customer,INSERT,0.2769,True
3,14,JoinHeavy,29,I_customer,INSERT,0.2847,True
3,14,JoinHeavy,30,I_customer,INSERT,0.2459,True
3,14,JoinHeavy,31,I_customer,INSERT,0.2137,True
3,14,JoinHeavy,32,I_customer,INSERT,0.2242,True
3,14,JoinHeavy,33,I_customer,INSERT,0.2177,True
3,14,JoinHeavy,34,I_customer,INSERT,0.2251,True
3,14,JoinHeavy,35,I_customer,INSERT,0.225,True
3,14,JoinHeavy,36,I_customer,INSERT,0.256,True
3,14,JoinHeavy,37,I_customer,INSERT,0.1612,True
3,14,JoinHeavy,38,I_customer,INSERT,0.1502,True
3,14,JoinHeavy,39,I_customer,INSERT,0.1562,True
3,15,JoinHeavy,0,Q5,SELECT,284.6124,True
3,15,JoinHeavy,1,Q7,SELECT,382.1104,True
3,15,JoinHeavy,2,Q3,SELECT,687.8905,True
3,15,JoinHeavy,3,Q5,SELECT,283.3609,True
3,15,JoinHeavy,4,Q18,SELECT,5833.5327,True
3,15,JoinHeavy,5,Q5,SELECT,364.069,True
3,15,JoinHeavy,6,Q3,SELECT,736.1829,True
3,15,JoinHeavy,7,Q3,SELECT,684.3738,True
3,15,JoinHeavy,8,Q7,SELECT,387.9885,True
3,15,JoinHeavy,9,Q5,SELECT,283.9363,True
3,15,JoinHeavy,10,Q3,SELECT,685.8124,True
3,15,JoinHeavy,11,Q5,SELECT,285.1701,True
3,15,JoinHeavy,12,Q5,SELECT,282.0313,True
3,15,JoinHeavy,13,Q7,SELECT,390.795,True
3,15,JoinHeavy,14,Q3,SELECT,703.2136,True
3,15,JoinHeavy,15,Q3,SELECT,686.68,True
3,15,JoinHeavy,16,Q7,SELECT,385.0501,True
3,15,JoinHeavy,17,Q5,SELECT,278.7193,True
3,15,JoinHeavy,18,Q3,SELECT,682.3193,True
3,15,JoinHeavy,19,Q10,SELECT,375.1433,True
3,15,JoinHeavy,20,Q18,SELECT,5518.6344,True
3,15,JoinHeavy,21,Q5,SELECT,292.9355,True
3,15,JoinHeavy,22,I_customer,INSERT,1.095,True
3,15,JoinHeavy,23,I_customer,INSERT,1.7397,True
3,15,JoinHeavy,24,I_customer,INSERT,0.2493,True
3,15,JoinHeavy,25,I_customer,INSERT,0.226,True
3,15,JoinHeavy,26,I_customer,INSERT,0.2236,True
3,15,JoinHeavy,27,I_customer,INSERT,0.2266,True
3,15,JoinHeavy,28,I_customer,INSERT,0.2151,True
3,15,JoinHeavy,29,I_customer,INSERT,0.2421,True
3,15,JoinHeavy,30,I_customer,INSERT,0.2597,True
3,15,JoinHeavy,31,I_customer,INSERT,0.335,True
3,15,JoinHeavy,32,I_customer,INSERT,0.3944,True
3,15,JoinHeavy,33,I_customer,INSERT,0.2925,True
3,15,JoinHeavy,34,I_customer,INSERT,0.3177,True
3,15,JoinHeavy,35,I_customer,INSERT,0.256,True
3,15,JoinHeavy,36,I_customer,INSERT,0.3442,True
3,15,JoinHeavy,37,I_customer,INSERT,0.1813,True
3,15,JoinHeavy,38,I_customer,INSERT,0.1948,True
3,15,JoinHeavy,39,I_customer,INSERT,0.1614,True
3,16,Procurement,0,D_orders,DELETE,0.4056,True
3,16,Procurement,1,D_orders,DELETE,0.3523,True
3,16,Procurement,2,D_orders,DELETE,0.1561,True
3,16,Procurement,3,D_orders,DELETE,0.2868,True
3,16,Procurement,4,Q1,SELECT,1586.087,True
3,16,Procurement,5,Q11,SELECT,149.5628,True
3,16,Procurement,6,Q11,SELECT,139.8902,True
3,16,Procurement,7,Q11,SELECT,137.6115,True
3,16,Procurement,8,Q11,SELECT,138.7516,True
3,16,Procurement,9,Q6,SELECT,512.0371,True
3,16,Procurement,10,Q11,SELECT,137.8403,True
3,16,Procurement,11,Q6,SELECT,500.6606,True
3,16,Procurement,12,Q11,SELECT,137.2783,True
3,16,Procurement,13,Q11,SELECT,137.7113,True
3,16,Procurement,14,Q17,SELECT,3886.2455,True
3,16,Procurement,15,Q11,SELECT,140.3398,True
3,16,Procurement,16,Q6,SELECT,515.8589,True
3,16,Procurement,17,Q14,SELECT,227.7421,True
3,16,Procurement,18,Q14,SELECT,230.5448,True
3,16,Procurement,19,Q11,SELECT,137.5808,True
3,16,Procurement,20,Q1,SELECT,1524.9936,True
3,16,Procurement,21,Q17,SELECT,3824.5865,True
3,16,Procurement,22,Q11,SELECT,144.4599,True
3,16,Procurement,23,Q14,SELECT,233.6463,True
3,16,Procurement,24,Q17,SELECT,3811.463,True
3,17,Procurement,0,D_orders,DELETE,0.6747,True
3,17,Procurement,1,D_orders,DELETE,0.1947,True
3,17,Procurement,2,D_orders,DELETE,0.1465,True
3,17,Procurement,3,D_orders,DELETE,0.5085,True
3,17,Procurement,4,Q1,SELECT,1548.467,True
3,17,Procurement,5,Q17,SELECT,3800.7523,True
3,17,Procurement,6,Q17,SELECT,3798.0572,True
3,17,Procurement,7,Q1,SELECT,1574.6499,True
3,17,Procurement,8,Q11,SELECT,148.653,True
3,17,Procurement,9,Q11,SELECT,146.495,True
3,17,Procurement,10,Q17,SELECT,3836.9586,True
3,17,Procurement,11,Q11,SELECT,141.3961,True
3,17,Procurement,12,Q11,SELECT,139.4756,True
3,17,Procurement,13,Q17,SELECT,3789.8194,True
3,17,Procurement,14,Q11,SELECT,140.2866,True
3,17,Procurement,15,Q17,SELECT,3737.4677,True
3,17,Procurement,16,Q17,SELECT,3714.8632,True
3,17,Procurement,17,Q17,SELECT,3747.0626,True
3,17,Procurement,18,Q11,SELECT,139.5847,True
3,17,Procurement,19,Q17,SELECT,3673.6433,True
3,17,Procurement,20,Q11,SELECT,139.7791,True
3,17,Procurement,21,Q6,SELECT,509.3703,True
3,17,Procurement,22,Q11,SELECT,137.7435,True
3,17,Procurement,23,Q11,SELECT,137.8912,True
3,17,Procurement,24,Q17,SELECT,3748.275,True
3,18,Procurement,0,D_orders,DELETE,0.719,True
3,18,Procurement,1,D_orders,DELETE,0.3405,True
3,18,Procurement,2,D_orders,DELETE,0.1668,True
3,18,Procurement,3,D_orders,DELETE,0.2153,True
3,18,Procurement,4,Q1,SELECT,1548.2143,True
3,18,Procurement,5,Q14,SELECT,230.0859,True
3,18,Procurement,6,Q14,SELECT,229.664,True
3,18,Procurement,7,Q6,SELECT,501.1994,True
3,18,Procurement,8,Q1,SELECT,1592.6657,True
3,18,Procurement,9,Q1,SELECT,1724.2098,True
3,18,Procurement,10,Q6,SELECT,523.1753,True
3,18,Procurement,11,Q17,SELECT,3994.9259,True
3,18,Procurement,12,Q6,SELECT,515.7934,True
3,18,Procurement,13,Q6,SELECT,507.6835,True
3,18,Procurement,14,Q17,SELECT,3784.2874,True
3,18,Procurement,15,Q6,SELECT,552.348,True
3,18,Procurement,16,Q14,SELECT,225.2608,True
3,18,Procurement,17,Q6,SELECT,504.8229,True
3,18,Procurement,18,Q17,SELECT,3776.9384,True
3,18,Procurement,19,Q11,SELECT,156.4654,True
3,18,Procurement,20,Q17,SELECT,3780.3593,True
3,18,Procurement,21,Q11,SELECT,140.449,True
3,18,Procurement,22,Q11,SELECT,137.8239,True
3,18,Procurement,23,Q14,SELECT,237.1286,True
3,18,Procurement,24,Q1,SELECT,1543.9025,True
3,19,Procurement,0,D_orders,DELETE,0.6539,True
3,19,Procurement,1,D_orders,DELETE,1.6107,True
3,19,Procurement,2,D_orders,DELETE,0.2392,True
3,19,Procurement,3,D_orders,DELETE,0.1543,True
3,19,Procurement,4,Q1,SELECT,1645.4585,True
3,19,Procurement,5,Q17,SELECT,3904.3805,True
3,19,Procurement,6,Q17,SELECT,3812.4655,True
3,19,Procurement,7,Q17,SELECT,4021.2159,True
3,19,Procurement,8,Q6,SELECT,525.7054,True
3,19,Procurement,9,Q1,SELECT,1552.9808,True
3,19,Procurement,10,Q6,SELECT,507.3535,True
3,19,Procurement,11,Q14,SELECT,232.3698,True
3,19,Procurement,12,Q17,SELECT,4100.5424,True
3,19,Procurement,13,Q17,SELECT,3782.8758,True
3,19,Procurement,14,Q14,SELECT,237.8206,True
3,19,Procurement,15,Q6,SELECT,513.1273,True
3,19,Procurement,16,Q11,SELECT,153.9228,True
3,19,Procurement,17,Q11,SELECT,139.2026,True
3,19,Procurement,18,Q1,SELECT,1526.2103,True
3,19,Procurement,19,Q6,SELECT,500.6239,True
3,19,Procurement,20,Q6,SELECT,494.6051,True
3,19,Procurement,21,Q11,SELECT,138.0275,True
3,19,Procurement,22,Q17,SELECT,3850.1058,True
3,19,Procurement,23,Q6,SELECT,519.109,True
3,19,Procurement,24,Q11,SELECT,139.0779,True
3,20,Procurement,0,D_orders,DELETE,0.5469,True
3,20,Procurement,1,D_orders,DELETE,0.1409,True
3,20,Procurement,2,D_orders,DELETE,0.1142,True
3,20,Procurement,3,D_orders,DELETE,0.1127,True
3,20,Procurement,4,Q6,SELECT,507.4802,True
3,20,Procurement,5,Q6,SELECT,501.2947,True
3,20,Procurement,6,Q11,SELECT,137.5536,True
3,20,Procurement,7,Q6,SELECT,497.1516,True
3,20,Procurement,8,Q11,SELECT,136.2308,True
3,20,Procurement,9,Q17,SELECT,3821.7258,True
3,20,Procurement,10,Q17,SELECT,3908.8337,True
3,20,Procurement,11,Q17,SELECT,3767.0853,True
3,20,Procurement,12,Q17,SELECT,3738.8846,True
3,20,Procurement,13,Q11,SELECT,156.4408,True
3,20,Procurement,14,Q6,SELECT,520.1843,True
3,20,Procurement,15,Q11,SELECT,137.6539,True
3,20,Procurement,16,Q1,SELECT,1523.3795,True
3,20,Procurement,17,Q1,SELECT,1639.5635,True
3,20,Procurement,18,Q11,SELECT,149.9415,True
3,20,Procurement,19,Q17,SELECT,3794.3166,True
3,20,Procurement,20,Q11,SELECT,139.1273,True
3,20,Procurement,21,Q11,SELECT,138.7322,True
3,20,Procurement,22,Q1,SELECT,1636.409,True
3,20,Procurement,23,Q11,SELECT,153.0883,True
3,20,Procurement,24,Q14,SELECT,242.5179,True
3,21,Procurement,0,D_orders,DELETE,2.5009,True
3,21,Procurement,1,D_orders,DELETE,0.2124,True
3,21,Procurement,2,D_orders,DELETE,0.2806,True
3,21,Procurement,3,D_orders,DELETE,0.1124,True
3,21,Procurement,4,Q6,SELECT,526.7561,True
3,21,Procurement,5,Q11,SELECT,139.2825,True
3,21,Procurement,6,Q14,SELECT,227.073,True
3,21,Procurement,7,Q17,SELECT,3821.5307,True
3,21,Procurement,8,Q11,SELECT,150.1696,True
3,21,Procurement,9,Q11,SELECT,139.6979,True
3,21,Procurement,10,Q14,SELECT,235.1653,True
3,21,Procurement,11,Q17,SELECT,3776.3592,True
3,21,Procurement,12,Q11,SELECT,142.474,True
3,21,Procurement,13,Q11,SELECT,137.8746,True
3,21,Procurement,14,Q11,SELECT,138.0959,True
3,21,Procurement,15,Q11,SELECT,139.7032,True
3,21,Procurement,16,Q17,SELECT,4007.0998,True
3,21,Procurement,17,Q11,SELECT,139.478,True
3,21,Procurement,18,Q11,SELECT,138.2445,True
3,21,Procurement,19,Q11,SELECT,137.6394,True
3,21,Procurement,20,Q17,SELECT,3916.2431,True
3,21,Procurement,21,Q17,SELECT,4256.8778,True
3,21,Procurement,22,Q14,SELECT,250.7753,True
3,21,Procurement,23,Q11,SELECT,157.5175,True
3,21,Procurement,24,Q17,SELECT,4172.754,True
3,22,Procurement,0,D_orders,DELETE,0.4983,True
3,22,Procurement,1,D_orders,DELETE,0.4681,True
3,22,Procurement,2,D_orders,DELETE,0.1305,True
3,22,Procurement,3,D_orders,DELETE,0.1838,True
3,22,Procurement,4,Q11,SELECT,146.0465,True
3,22,Procurement,5,Q1,SELECT,1563.5025,True
3,22,Procurement,6,Q17,SELECT,3826.4153,True
3,22,Procurement,7,Q1,SELECT,1620.2538,True
3,22,Procurement,8,Q14,SELECT,242.944,True
3,22,Procurement,9,Q11,SELECT,142.5811,True
3,22,Procurement,10,Q6,SELECT,521.4275,True
3,22,Procurement,11,Q6,SELECT,516.9336,True
3,22,Procurement,12,Q14,SELECT,226.2025,True
3,22,Procurement,13,Q6,SELECT,504.0241,True
3,22,Procurement,14,Q11,SELECT,137.7883,True
3,22,Procurement,15,Q11,SELECT,137.5954,True
3,22,Procurement,16,Q17,SELECT,4238.432,True
3,22,Procurement,17,Q6,SELECT,524.0832,True
3,22,Procurement,18,Q17,SELECT,3978.7071,True
3,22,Procurement,19,Q6,SELECT,517.8522,True
3,22,Procurement,20,Q11,SELECT,155.1433,True
3,22,Procurement,21,Q6,SELECT,509.143,True
3,22,Procurement,22,Q11,SELECT,138.8562,True
3,22,Procurement,23,Q17,SELECT,3883.4054,True
3,22,Procurement,24,Q14,SELECT,244.2261,True
3,23,Procurement,0,D_orders,DELETE,2.1085,True
3,23,Procurement,1,D_orders,DELETE,0.2211,True
3,23,Procurement,2,D_orders,DELETE,0.3002,True
3,23,Procurement,3,D_orders,DELETE,0.1888,True
3,23,Procurement,4,Q17,SELECT,3937.3945,True
3,23,Procurement,5,Q17,SELECT,3821.2208,True
3,23,Procurement,6,Q11,SELECT,156.7428,True
3,23,Procurement,7,Q1,SELECT,1544.3285,True
3,23,Procurement,8,Q6,SELECT,513.7171,True
3,23,Procurement,9,Q6,SELECT,504.7722,True
3,23,Procurement,10,Q17,SELECT,3798.2086,True
3,23,Procurement,11,Q11,SELECT,150.3425,True
3,23,Procurement,12,Q6,SELECT,503.1338,True
3,23,Procurement,13,Q11,SELECT,135.8249,True
3,23,Procurement,14,Q14,SELECT,221.1542,True
3,23,Procurement,15,Q17,SELECT,3928.5122,True
3,23,Procurement,16,Q6,SELECT,508.3336,True
3,23,Procurement,17,Q14,SELECT,224.6583,True
3,23,Procurement,18,Q11,SELECT,141.3099,True
3,23,Procurement,19,Q11,SELECT,138.2127,True
3,23,Procurement,20,Q1,SELECT,1521.8847,True
3,23,Procurement,21,Q6,SELECT,505.5598,True
3,23,Procurement,22,Q11,SELECT,137.4979,True
3,23,Procurement,23,Q11,SELECT,137.8262,True
3,23,Procurement,24,Q11,SELECT,138.9029,True
3,24,Customer,0,Q3,SELECT,764.373,True
3,24,Customer,1,U_customer,UPDATE,1.0654,True
3,24,Customer,2,Q3,SELECT,706.3757,True
3,24,Customer,3,U_customer,UPDATE,0.5762,True
3,24,Customer,4,Q3,SELECT,721.0121,True
3,24,Customer,5,U_customer,UPDATE,0.4151,True
3,24,Customer,6,Q18,SELECT,6257.0831,True
3,24,Customer,7,U_customer,UPDATE,0.9675,True
3,24,Customer,8,Q18,SELECT,6401.9105,True
3,24,Customer,9,U_customer,UPDATE,0.6492,True
3,24,Customer,10,Q10,SELECT,423.094,True
3,24,Customer,11,U_customer,UPDATE,0.5529,True
3,24,Customer,12,Q3,SELECT,727.2216,True
3,24,Customer,13,U_customer,UPDATE,0.5767,True
3,24,Customer,14,Q3,SELECT,684.1792,True
3,24,Customer,15,U_customer,UPDATE,0.6638,True
3,24,Customer,16,Q3,SELECT,683.6979,True
3,24,Customer,17,U_customer,UPDATE,0.5182,True
3,24,Customer,18,Q5,SELECT,283.7268,True
3,24,Customer,19,U_customer,UPDATE,0.6848,True
3,25,Customer,0,Q10,SELECT,377.1664,True
3,25,Customer,1,U_customer,UPDATE,0.7453,True
3,25,Customer,2,Q10,SELECT,373.7912,True
3,25,Customer,3,U_customer,UPDATE,0.9704,True
3,25,Customer,4,Q10,SELECT,377.5733,True
3,25,Customer,5,U_customer,UPDATE,0.8641,True
3,25,Customer,6,Q18,SELECT,5944.2067,True
3,25,Customer,7,U_customer,UPDATE,0.9892,True
3,25,Customer,8,Q10,SELECT,474.2737,True
3,25,Customer,9,U_customer,UPDATE,0.8252,True
3,25,Customer,10,Q5,SELECT,343.8086,True
3,25,Customer,11,U_customer,UPDATE,0.7359,True
3,25,Customer,12,Q10,SELECT,396.8518,True
3,25,Customer,13,U_customer,UPDATE,0.8604,True
3,25,Customer,14,Q7,SELECT,420.6278,True
3,25,Customer,15,U_customer,UPDATE,2.0965,True
3,25,Customer,16,Q10,SELECT,386.2932,True
3,25,Customer,17,U_customer,UPDATE,0.6774,True
3,25,Customer,18,Q7,SELECT,400.974,True
3,25,Customer,19,U_customer,UPDATE,1.393,True
3,26,Customer,0,Q18,SELECT,5935.7103,True
3,26,Customer,1,U_customer,UPDATE,0.9219,True
3,26,Customer,2,Q18,SELECT,6081.9587,True
3,26,Customer,3,U_customer,UPDATE,1.4456,True
3,26,Customer,4,Q10,SELECT,453.6045,True
3,26,Customer,5,U_customer,UPDATE,0.7229,True
3,26,Customer,6,Q3,SELECT,739.1785,True
3,26,Customer,7,U_customer,UPDATE,0.8667,True
3,26,Customer,8,Q18,SELECT,5791.9193,True
3,26,Customer,9,U_customer,UPDATE,0.7855,True
3,26,Customer,10,Q10,SELECT,441.5828,True
3,26,Customer,11,U_customer,UPDATE,1.5591,True
3,26,Customer,12,Q5,SELECT,296.864,True
3,26,Customer,13,U_customer,UPDATE,1.4505,True
3,26,Customer,14,Q7,SELECT,403.1561,True
3,26,Customer,15,U_customer,UPDATE,1.449,True
3,26,Customer,16,Q18,SELECT,5786.0419,True
3,26,Customer,17,U_customer,UPDATE,0.7952,True
3,26,Customer,18,Q5,SELECT,328.2275,True
3,26,Customer,19,U_customer,UPDATE,1.4094,True
3,27,Customer,0,Q3,SELECT,719.3565,True
3,27,Customer,1,U_customer,UPDATE,1.4876,True
3,27,Customer,2,Q10,SELECT,389.9365,True
3,27,Customer,3,U_customer,UPDATE,1.473,True
3,27,Customer,4,Q3,SELECT,702.8288,True
3,27,Customer,5,U_customer,UPDATE,1.3304,True
3,27,Customer,6,Q18,SELECT,5923.6435,True
3,27,Customer,7,U_customer,UPDATE,0.467,True
3,27,Customer,8,Q10,SELECT,488.864,True
3,27,Customer,9,U_customer,UPDATE,0.8,True
3,27,Customer,10,Q3,SELECT,767.3733,True
3,27,Customer,11,U_customer,UPDATE,0.5188,True
3,27,Customer,12,Q18,SELECT,5831.9821,True
3,27,Customer,13,U_customer,UPDATE,0.4415,True
3,27,Customer,14,Q3,SELECT,798.4053,True
3,27,Customer,15,U_customer,UPDATE,1.0244,True
3,27,Customer,16,Q7,SELECT,417.2314,True
3,27,Customer,17,U_customer,UPDATE,0.5454,True
3,27,Customer,18,Q18,SELECT,5831.1231,True
3,27,Customer,19,U_customer,UPDATE,0.9437,True
3,28,Customer,0,Q5,SELECT,333.9027,True
3,28,Customer,1,U_customer,UPDATE,1.4076,True
3,28,Customer,2,Q18,SELECT,5837.5254,True
3,28,Customer,3,U_customer,UPDATE,0.9327,True
3,28,Customer,4,Q10,SELECT,461.9855,True
3,28,Customer,5,U_customer,UPDATE,1.5455,True
3,28,Customer,6,Q18,SELECT,5714.718,True
3,28,Customer,7,U_customer,UPDATE,0.7775,True
3,28,Customer,8,Q18,SELECT,5736.224,True
3,28,Customer,9,U_customer,UPDATE,0.3296,True
3,28,Customer,10,Q18,SELECT,5700.0397,True
3,28,Customer,11,U_customer,UPDATE,0.6078,True
3,28,Customer,12,Q10,SELECT,442.393,True
3,28,Customer,13,U_customer,UPDATE,0.772,True
3,28,Customer,14,Q10,SELECT,386.7903,True
3,28,Customer,15,U_customer,UPDATE,0.9168,True
3,28,Customer,16,Q3,SELECT,737.9635,True
3,28,Customer,17,U_customer,UPDATE,0.4842,True
3,28,Customer,18,Q3,SELECT,703.9495,True
3,28,Customer,19,U_customer,UPDATE,0.9245,True
3,29,Customer,0,Q7,SELECT,404.4209,True
3,29,Customer,1,U_customer,UPDATE,0.3777,True
3,29,Customer,2,Q3,SELECT,689.7856,True
3,29,Customer,3,U_customer,UPDATE,0.6177,True
3,29,Customer,4,Q7,SELECT,393.2077,True
3,29,Customer,5,U_customer,UPDATE,0.751,True
3,29,Customer,6,Q18,SELECT,5802.7945,True
3,29,Customer,7,U_customer,UPDATE,1.0014,True
3,29,Customer,8,Q5,SELECT,318.5909,True
3,29,Customer,9,U_customer,UPDATE,0.6717,True
3,29,Customer,10,Q18,SELECT,5597.0322,True
3,29,Customer,11,U_customer,UPDATE,1.091,True
3,29,Customer,12,Q18,SELECT,5645.2316,True
3,29,Customer,13,U_customer,UPDATE,1.0386,True
3,29,Customer,14,Q18,SELECT,5728.6376,True
3,29,Customer,15,U_customer,UPDATE,0.5623,True
3,29,Customer,16,Q10,SELECT,468.1153,True
3,29,Customer,17,U_customer,UPDATE,0.97,True
3,29,Customer,18,Q3,SELECT,748.9702,True
3,29,Customer,19,U_customer,UPDATE,0.725,True
3,30,Customer,0,Q5,SELECT,297.7377,True
3,30,Customer,1,U_customer,UPDATE,0.7874,True
3,30,Customer,2,Q10,SELECT,383.0357,True
3,30,Customer,3,U_customer,UPDATE,0.9331,True
3,30,Customer,4,Q18,SELECT,5603.6245,True
3,30,Customer,5,U_customer,UPDATE,1.3526,True
3,30,Customer,6,Q10,SELECT,435.9871,True
3,30,Customer,7,U_customer,UPDATE,1.5001,True
3,30,Customer,8,Q3,SELECT,729.8728,True
3,30,Customer,9,U_customer,UPDATE,0.9187,True
3,30,Customer,10,Q7,SELECT,405.6445,True
3,30,Customer,11,U_customer,UPDATE,0.6909,True
3,30,Customer,12,Q18,SELECT,5545.135,True
3,30,Customer,13,U_customer,UPDATE,0.5928,True
3,30,Customer,14,Q18,SELECT,5788.173,True
3,30,Customer,15,U_customer,UPDATE,0.7394,True
3,30,Customer,16,Q10,SELECT,444.917,True
3,30,Customer,17,U_customer,UPDATE,0.8704,True
3,30,Customer,18,Q5,SELECT,299.1501,True
3,30,Customer,19,U_customer,UPDATE,0.9754,True
3,31,Customer,0,Q18,SELECT,5908.9262,True
3,31,Customer,1,U_customer,UPDATE,0.5227,True
3,31,Customer,2,Q10,SELECT,465.2193,True
3,31,Customer,3,U_customer,UPDATE,0.8721,True
3,31,Customer,4,Q18,SELECT,5653.5085,True
3,31,Customer,5,U_customer,UPDATE,0.384,True
3,31,Customer,6,Q3,SELECT,762.3621,True
3,31,Customer,7,U_customer,UPDATE,0.683,True
3,31,Customer,8,Q7,SELECT,423.1297,True
3,31,Customer,9,U_customer,UPDATE,0.7284,True
3,31,Customer,10,Q3,SELECT,689.1384,True
3,31,Customer,11,U_customer,UPDATE,1.6279,True
3,31,Customer,12,Q3,SELECT,690.411,True
3,31,Customer,13,U_customer,UPDATE,1.5291,True
3,31,Customer,14,Q10,SELECT,380.7333,True
3,31,Customer,15,U_customer,UPDATE,1.2512,True
3,31,Customer,16,Q7,SELECT,389.9595,True
3,31,Customer,17,U_customer,UPDATE,1.3996,True
3,31,Customer,18,Q18,SELECT,5618.0403,True
3,31,Customer,19,U_customer,UPDATE,1.0777,True
4,0,Reporting,0,Q14,SELECT,238.8464,True
4,0,Reporting,1,Q1,SELECT,1561.8235,True
4,0,Reporting,2,Q1,SELECT,1623.6602,True
4,0,Reporting,3,Q4,SELECT,332.0863,True
4,0,Reporting,4,Q14,SELECT,226.8322,True
4,0,Reporting,5,Q4,SELECT,222.2021,True
4,0,Reporting,6,Q1,SELECT,1663.9899,True
4,0,Reporting,7,Q14,SELECT,239.032,True
4,0,Reporting,8,Q1,SELECT,1696.6032,True
4,0,Reporting,9,Q14,SELECT,241.3903,True
4,0,Reporting,10,Q6,SELECT,533.1065,True
4,0,Reporting,11,Q1,SELECT,1701.9293,True
4,0,Reporting,12,Q6,SELECT,528.2728,True
4,0,Reporting,13,U_orders,UPDATE,1.0407,True
4,0,Reporting,14,U_orders,UPDATE,0.5082,True
4,0,Reporting,15,Q6,SELECT,503.0328,True
4,0,Reporting,16,Q14,SELECT,225.9628,True
4,0,Reporting,17,U_orders,UPDATE,1.436,True
4,0,Reporting,18,Q6,SELECT,500.8338,True
4,0,Reporting,19,Q14,SELECT,225.5801,True
4,0,Reporting,20,Q14,SELECT,222.9188,True
4,0,Reporting,21,U_orders,UPDATE,1.6835,True
4,0,Reporting,22,Q1,SELECT,1596.3915,True
4,0,Reporting,23,U_orders,UPDATE,1.3217,True
4,0,Reporting,24,Q1,SELECT,1710.7519,True
4,0,Reporting,25,Q1,SELECT,1759.0067,True
4,0,Reporting,26,Q4,SELECT,236.19,True
4,0,Reporting,27,Q6,SELECT,528.7422,True
4,0,Reporting,28,U_orders,UPDATE,0.5265,True
4,0,Reporting,29,Q4,SELECT,221.958,True
4,1,Reporting,0,Q1,SELECT,1682.0873,True
4,1,Reporting,1,Q6,SELECT,529.0324,True
4,1,Reporting,2,Q6,SELECT,495.6296,True
4,1,Reporting,3,Q1,SELECT,1666.5062,True
4,1,Reporting,4,U_orders,UPDATE,1.5745,True
4,1,Reporting,5,Q1,SELECT,1738.9924,True
4,1,Reporting,6,Q6,SELECT,523.8563,True
4,1,Reporting,7,Q14,SELECT,230.2095,True
4,1,Reporting,8,U_orders,UPDATE,0.8292,True
4,1,Reporting,9,Q1,SELECT,1684.281,True
4,1,Reporting,10,Q4,SELECT,229.432,True
4,1,Reporting,11,U_orders,UPDATE,0.756,True
4,1,Reporting,12,Q1,SELECT,1706.2495,True
4,1,Reporting,13,Q14,SELECT,237.9289,True
4,1,Reporting,14,U_orders,UPDATE,0.7789,True
4,1,Reporting,15,Q14,SELECT,238.7663,True
4,1,Reporting,16,Q6,SELECT,511.9465,True
4,1,Reporting,17,Q6,SELECT,494.3935,True
4,1,Reporting,18,U_orders,UPDATE,0.6185,True
4,1,Reporting,19,Q6,SELECT,493.6579,True
4,1,Reporting,20,Q4,SELECT,219.4827,True
4,1,Reporting,21,Q6,SELECT,503.5226,True
4,1,Reporting,22,Q6,SELECT,499.0789,True
4,1,Reporting,23,Q14,SELECT,222.3612,True
4,1,Reporting,24,Q6,SELECT,497.3819,True
4,1,Reporting,25,Q4,SELECT,217.6876,True
4,1,Reporting,26,Q6,SELECT,501.0009,True
4,1,Reporting,27,U_orders,UPDATE,0.7613,True
4,1,Reporting,28,Q6,SELECT,498.1451,True
4,1,Reporting,29,Q6,SELECT,510.31,True
4,2,Reporting,0,Q1,SELECT,1537.1553,True
4,2,Reporting,1,Q1,SELECT,1626.0027,True
4,2,Reporting,2,Q14,SELECT,234.9666,True
4,2,Reporting,3,Q1,SELECT,1697.4825,True
4,2,Reporting,4,U_orders,UPDATE,1.578,True
4,2,Reporting,5,Q1,SELECT,1704.2425,True
4,2,Reporting,6,U_orders,UPDATE,1.5545,True
4,2,Reporting,7,Q14,SELECT,236.8213,True
4,2,Reporting,8,Q12,SELECT,1015.1796,True
4,2,Reporting,9,Q1,SELECT,1693.4044,True
4,2,Reporting,10,U_orders,UPDATE,2.1112,True
4,2,Reporting,11,Q1,SELECT,1784.8795,True
4,2,Reporting,12,Q12,SELECT,1042.0052,True
4,2,Reporting,13,Q6,SELECT,521.1274,True
4,2,Reporting,14,Q14,SELECT,225.6501,True
4,2,Reporting,15,Q1,SELECT,1701.6247,True
4,2,Reporting,16,Q1,SELECT,1772.1392,True
4,2,Reporting,17,U_orders,UPDATE,1.0003,True
4,2,Reporting,18,Q6,SELECT,583.9954,True
4,2,Reporting,19,U_orders,UPDATE,1.6105,True
4,2,Reporting,20,Q6,SELECT,506.8378,True
4,2,Reporting,21,Q1,SELECT,1692.2385,True
4,2,Reporting,22,Q1,SELECT,1787.2775,True
4,2,Reporting,23,U_orders,UPDATE,2.116,True
4,2,Reporting,24,Q12,SELECT,1107.719,True
4,2,Reporting,25,Q6,SELECT,528.2917,True
4,2,Reporting,26,Q6,SELECT,499.5695,True
4,2,Reporting,27,Q1,SELECT,1649.7398,True
4,2,Reporting,28,Q1,SELECT,1719.9232,True
4,2,Reporting,29,Q12,SELECT,995.5205,True
4,3,Reporting,0,Q14,SELECT,240.9335,True
4,3,Reporting,1,Q1,SELECT,1686.2679,True
4,3,Reporting,2,Q14,SELECT,238.7316,True
4,3,Reporting,3,Q14,SELECT,238.1908,True
4,3,Reporting,4,Q12,SELECT,972.8986,True
4,3,Reporting,5,Q14,SELECT,229.3009,True
4,3,Reporting,6,Q1,SELECT,1636.2873,True
4,3,Reporting,7,Q6,SELECT,524.9943,True
4,3,Reporting,8,Q4,SELECT,233.4896,True
4,3,Reporting,9,Q4,SELECT,217.8792,True
4,3,Reporting,10,U_orders,UPDATE,2.2667,True
4,3,Reporting,11,Q1,SELECT,1682.0566,True
4,3,Reporting,12,Q1,SELECT,1739.0707,True
4,3,Reporting,13,U_orders,UPDATE,1.408,True
4,3,Reporting,14,U_orders,UPDATE,0.6409,True
4,3,Reporting,15,Q12,SELECT,1006.8789,True
4,3,Reporting,16,Q14,SELECT,240.726,True
4,3,Reporting,17,Q6,SELECT,507.9988,True
4,3,Reporting,18,Q1,SELECT,1666.6022,True
4,3,Reporting,19,Q1,SELECT,1789.5186,True
4,3,Reporting,20,Q6,SELECT,527.207,True
4,3,Reporting,21,Q6,SELECT,507.5554,True
4,3,Reporting,22,Q1,SELECT,1700.1371,True
4,3,Reporting,23,U_orders,UPDATE,1.2618,True
4,3,Reporting,24,Q1,SELECT,1757.8802,True
4,3,Reporting,25,Q1,SELECT,1803.5,True
4,3,Reporting,26,Q14,SELECT,235.0762,True
4,3,Reporting,27,U_orders,UPDATE,1.6135,True
4,3,Reporting,28,U_orders,UPDATE,0.6648,True
4,3,Reporting,29,Q4,SELECT,228.8884,True
4,4,Reporting,0,Q1,SELECT,1712.4812,True
4,4,Reporting,1,Q6,SELECT,532.9641,True
4,4,Reporting,2,Q14,SELECT,227.4936,True
4,4,Reporting,3,Q14,SELECT,225.9445,True
4,4,Reporting,4,Q1,SELECT,1670.1632,True
4,4,Reporting,5,Q1,SELECT,1791.6896,True
4,4,Reporting,6,U_orders,UPDATE,1.692,True
4,4,Reporting,7,Q14,SELECT,245.3747,True
4,4,Reporting,8,Q1,SELECT,1748.0031,True
4,4,Reporting,9,Q1,SELECT,1827.3135,True
4,4,Reporting,10,Q6,SELECT,538.2963,True
4,4,Reporting,11,Q1,SELECT,1709.9389,True
4,4,Reporting,12,U_orders,UPDATE,2.1854,True
4,4,Reporting,13,Q1,SELECT,1789.2567,True
4,4,Reporting,14,Q1,SELECT,1805.9363,True
4,4,Reporting,15,U_orders,UPDATE,0.3886,True
4,4,Reporting,16,Q6,SELECT,525.8401,True
4,4,Reporting,17,Q6,SELECT,506.1952,True
4,4,Reporting,18,Q14,SELECT,220.8321,True
4,4,Reporting,19,Q14,SELECT,219.8766,True
4,4,Reporting,20,Q6,SELECT,490.0495,True
4,4,Reporting,21,U_orders,UPDATE,1.6176,True
4,4,Reporting,22,Q6,SELECT,487.3659,True
4,4,Reporting,23,U_orders,UPDATE,1.5735,True
4,4,Reporting,24,Q6,SELECT,492.538,True
4,4,Reporting,25,Q6,SELECT,498.511,True
4,4,Reporting,26,Q1,SELECT,1558.1225,True
4,4,Reporting,27,Q6,SELECT,513.3039,True
4,4,Reporting,28,Q1,SELECT,1671.73,True
4,4,Reporting,29,U_orders,UPDATE,0.6835,True
4,5,Reporting,0,Q1,SELECT,1735.5174,True
4,5,Reporting,1,Q6,SELECT,534.542,True
4,5,Reporting,2,Q1,SELECT,1726.9202,True
4,5,Reporting,3,Q6,SELECT,535.0612,True
4,5,Reporting,4,U_orders,UPDATE,1.6059,True
4,5,Reporting,5,Q6,SELECT,502.3354,True
4,5,Reporting,6,Q14,SELECT,243.6297,True
4,5,Reporting,7,Q1,SELECT,1842.764,True
4,5,Reporting,8,Q14,SELECT,402.5682,True
4,5,Reporting,9,Q1,SELECT,1795.6543,True
4,5,Reporting,10,Q1,SELECT,1753.5825,True
4,5,Reporting,11,Q1,SELECT,1796.0622,True
4,5,Reporting,12,Q1,SELECT,1815.8212,True
4,5,Reporting,13,Q6,SELECT,605.0786,True
4,5,Reporting,14,U_orders,UPDATE,2.3096,True
4,5,Reporting,15,Q6,SELECT,536.347,True
4,5,Reporting,16,Q1,SELECT,1699.3014,True
4,5,Reporting,17,Q1,SELECT,1803.3105,True
4,5,Reporting,18,Q1,SELECT,1811.09,True
4,5,Reporting,19,Q1,SELECT,1835.5689,True
4,5,Reporting,20,Q14,SELECT,291.877,True
4,5,Reporting,21,U_orders,UPDATE,1.8146,True
4,5,Reporting,22,U_orders,UPDATE,0.5134,True
4,5,Reporting,23,U_orders,UPDATE,0.5592,True
4,5,Reporting,24,Q6,SELECT,595.564,True
4,5,Reporting,25,Q4,SELECT,328.5974,True
4,5,Reporting,26,Q14,SELECT,257.9297,True
4,5,Reporting,27,Q4,SELECT,265.5321,True
4,5,Reporting,28,U_orders,UPDATE,1.5932,True
4,5,Reporting,29,Q4,SELECT,236.6225,True
4,6,Reporting,0,Q6,SELECT,557.4425,True
4,6,Reporting,1,U_orders,UPDATE,0.9868,True
4,6,Reporting,2,Q1,SELECT,1627.1137,True
4,6,Reporting,3,Q1,SELECT,1715.8282,True
4,6,Reporting,4,Q6,SELECT,543.7846,True
4,6,Reporting,5,Q12,SELECT,1000.8204,True
4,6,Reporting,6,Q14,SELECT,234.9573,True
4,6,Reporting,7,Q4,SELECT,225.6067,True
4,6,Reporting,8,Q6,SELECT,502.0684,True
4,6,Reporting,9,Q1,SELECT,1650.7058,True
4,6,Reporting,10,U_orders,UPDATE,0.6594,True
4,6,Reporting,11,Q12,SELECT,982.2481,True
4,6,Reporting,12,Q6,SELECT,520.7828,True
4,6,Reporting,13,U_orders,UPDATE,1.0257,True
4,6,Reporting,14,Q12,SELECT,964.5688,True
4,6,Reporting,15,Q1,SELECT,1716.7155,True
4,6,Reporting,16,Q14,SELECT,238.644,True
4,6,Reporting,17,Q6,SELECT,514.6033,True
4,6,Reporting,18,Q1,SELECT,1680.3067,True
4,6,Reporting,19,Q6,SELECT,530.4339,True
4,6,Reporting,20,Q14,SELECT,225.7202,True
4,6,Reporting,21,Q12,SELECT,946.1849,True
4,6,Reporting,22,U_orders,UPDATE,1.3544,True
4,6,Reporting,23,Q6,SELECT,505.6715,True
4,6,Reporting,24,Q1,SELECT,1676.9375,True
4,6,Reporting,25,Q6,SELECT,518.016,True
4,6,Reporting,26,Q1,SELECT,1703.1314,True
4,6,Reporting,27,Q1,SELECT,1774.6676,True
4,6,Reporting,28,U_orders,UPDATE,1.4125,True
4,6,Reporting,29,U_orders,UPDATE,0.4692,True
4,7,Reporting,0,Q6,SELECT,529.3104,True
4,7,Reporting,1,Q1,SELECT,1694.6591,True
4,7,Reporting,2,Q12,SELECT,972.3243,True
4,7,Reporting,3,Q12,SELECT,964.515,True
4,7,Reporting,4,Q1,SELECT,1697.3025,True
4,7,Reporting,5,Q12,SELECT,979.7724,True
4,7,Reporting,6,U_orders,UPDATE,1.9301,True
4,7,Reporting,7,U_orders,UPDATE,0.5045,True
4,7,Reporting,8,Q14,SELECT,236.9342,True
4,7,Reporting,9,Q6,SELECT,499.3047,True
4,7,Reporting,10,Q14,SELECT,225.0277,True
4,7,Reporting,11,Q6,SELECT,501.3093,True
4,7,Reporting,12,U_orders,UPDATE,1.3721,True
4,7,Reporting,13,U_orders,UPDATE,0.6449,True
4,7,Reporting,14,Q6,SELECT,494.5583,True
4,7,Reporting,15,Q1,SELECT,1611.6847,True
4,7,Reporting,16,Q6,SELECT,520.4409,True
4,7,Reporting,17,Q1,SELECT,1708.0582,True
4,7,Reporting,18,U_orders,UPDATE,1.479,True
4,7,Reporting,19,Q12,SELECT,998.7468,True
4,7,Reporting,20,Q6,SELECT,518.2601,True
4,7,Reporting,21,Q4,SELECT,225.7265,True
4,7,Reporting,22,Q6,SELECT,494.2171,True
4,7,Reporting,23,Q6,SELECT,499.6337,True
4,7,Reporting,24,Q1,SELECT,1609.8086,True
4,7,Reporting,25,U_orders,UPDATE,1.594,True
4,7,Reporting,26,Q1,SELECT,1713.5371,True
4,7,Reporting,27,Q6,SELECT,537.9169,True
4,7,Reporting,28,Q12,SELECT,969.7516,True
4,7,Reporting,29,Q1,SELECT,1739.116,True
4,8,JoinHeavy,0,Q3,SELECT,781.1793,True
4,8,JoinHeavy,1,Q7,SELECT,410.9949,True
4,8,JoinHeavy,2,Q3,SELECT,728.7585,True
4,8,JoinHeavy,3,Q7,SELECT,400.5491,True
4,8,JoinHeavy,4,Q5,SELECT,295.6933,True
4,8,JoinHeavy,5,Q10,SELECT,393.185,True
4,8,JoinHeavy,6,Q7,SELECT,400.9357,True
4,8,JoinHeavy,7,Q7,SELECT,394.5955,True
4,8,JoinHeavy,8,Q3,SELECT,720.1356,True
4,8,JoinHeavy,9,Q10,SELECT,400.8505,True
4,8,JoinHeavy,10,Q3,SELECT,698.5794,True
4,8,JoinHeavy,11,Q10,SELECT,379.7347,True
4,8,JoinHeavy,12,Q5,SELECT,284.639,True
4,8,JoinHeavy,13,Q3,SELECT,694.719,True
4,8,JoinHeavy,14,Q18,SELECT,5719.3202,True
4,8,JoinHeavy,15,Q7,SELECT,436.8942,True
4,8,JoinHeavy,16,Q3,SELECT,722.4778,True
4,8,JoinHeavy,17,Q7,SELECT,393.4185,True
4,8,JoinHeavy,18,Q5,SELECT,289.0389,True
4,8,JoinHeavy,19,Q5,SELECT,287.1153,True
4,8,JoinHeavy,20,Q10,SELECT,379.7093,True
4,8,JoinHeavy,21,Q10,SELECT,374.2549,True
4,8,JoinHeavy,22,I_customer,INSERT,3.127,True
4,8,JoinHeavy,23,I_customer,INSERT,0.418,True
4,8,JoinHeavy,24,I_customer,INSERT,0.2354,True
4,8,JoinHeavy,25,I_customer,INSERT,0.2164,True
4,8,JoinHeavy,26,I_customer,INSERT,0.1887,True
4,8,JoinHeavy,27,I_customer,INSERT,0.1887,True
4,8,JoinHeavy,28,I_customer,INSERT,0.203,True
4,8,JoinHeavy,29,I_customer,INSERT,0.1775,True
4,8,JoinHeavy,30,I_customer,INSERT,0.1752,True
4,8,JoinHeavy,31,I_customer,INSERT,0.1987,True
4,8,JoinHeavy,32,I_customer,INSERT,0.1794,True
4,8,JoinHeavy,33,I_customer,INSERT,0.1881,True
4,8,JoinHeavy,34,I_customer,INSERT,0.8767,True
4,8,JoinHeavy,35,I_customer,INSERT,0.1602,True
4,8,JoinHeavy,36,I_customer,INSERT,0.171,True
4,8,JoinHeavy,37,I_customer,INSERT,0.1607,True
4,8,JoinHeavy,38,I_customer,INSERT,0.1812,True
4,8,JoinHeavy,39,I_customer,INSERT,0.1557,True
4,9,JoinHeavy,0,Q10,SELECT,376.3888,True
4,9,JoinHeavy,1,Q5,SELECT,280.4847,True
4,9,JoinHeavy,2,Q7,SELECT,401.0385,True
4,9,JoinHeavy,3,Q5,SELECT,283.5068,True
4,9,JoinHeavy,4,Q7,SELECT,385.7703,True
4,9,JoinHeavy,5,Q10,SELECT,372.5387,True
4,9,JoinHeavy,6,Q3,SELECT,689.215,True
4,9,JoinHeavy,7,Q5,SELECT,284.5712,True
4,9,JoinHeavy,8,Q18,SELECT,5730.0894,True
4,9,JoinHeavy,9,Q7,SELECT,476.2926,True
4,9,JoinHeavy,10,Q5,SELECT,313.2218,True
4,9,JoinHeavy,11,Q3,SELECT,721.9867,True
4,9,JoinHeavy,12,Q5,SELECT,286.3974,True
4,9,JoinHeavy,13,Q3,SELECT,702.154,True
4,9,JoinHeavy,14,Q10,SELECT,384.7881,True
4,9,JoinHeavy,15,Q18,SELECT,5896.031,True
4,9,JoinHeavy,16,Q7,SELECT,458.2303,True
4,9,JoinHeavy,17,Q3,SELECT,729.4545,True
4,9,JoinHeavy,18,Q3,SELECT,698.4062,True
4,9,JoinHeavy,19,Q10,SELECT,381.3538,True
4,9,JoinHeavy,20,Q10,SELECT,378.1591,True
4,9,JoinHeavy,21,Q5,SELECT,286.0526,True
4,9,JoinHeavy,22,I_customer,INSERT,2.4165,True
4,9,JoinHeavy,23,I_customer,INSERT,0.3326,True
4,9,JoinHeavy,24,I_customer,INSERT,0.3019,True
4,9,JoinHeavy,25,I_customer,INSERT,0.2709,True
4,9,JoinHeavy,26,I_customer,INSERT,0.235,True
4,9,JoinHeavy,27,I_customer,INSERT,0.2345,True
4,9,JoinHeavy,28,I_customer,INSERT,0.2174,True
4,9,JoinHeavy,29,I_customer,INSERT,0.226,True
4,9,JoinHeavy,30,I_customer,INSERT,0.2335,True
4,9,JoinHeavy,31,I_customer,INSERT,0.3871,True
4,9,JoinHeavy,32,I_customer,INSERT,0.2237,True
4,9,JoinHeavy,33,I_customer,INSERT,0.2169,True
4,9,JoinHeavy,34,I_customer,INSERT,0.2206,True
4,9,JoinHeavy,35,I_customer,INSERT,0.2286,True
4,9,JoinHeavy,36,I_customer,INSERT,0.2504,True
4,9,JoinHeavy,37,I_customer,INSERT,0.218,True
4,9,JoinHeavy,38,I_customer,INSERT,0.2187,True
4,9,JoinHeavy,39,I_customer,INSERT,0.2595,True
4,10,JoinHeavy,0,Q7,SELECT,387.2515,True
4,10,JoinHeavy,1,Q5,SELECT,283.4185,True
4,10,JoinHeavy,2,Q7,SELECT,403.4605,True
4,10,JoinHeavy,3,Q3,SELECT,688.7095,True
4,10,JoinHeavy,4,Q5,SELECT,283.8969,True
4,10,JoinHeavy,5,Q3,SELECT,699.6617,True
4,10,JoinHeavy,6,Q10,SELECT,377.7203,True
4,10,JoinHeavy,7,Q3,SELECT,683.8011,True
4,10,JoinHeavy,8,Q3,SELECT,687.1021,True
4,10,JoinHeavy,9,Q7,SELECT,386.8005,True
4,10,JoinHeavy,10,Q3,SELECT,712.8418,True
4,10,JoinHeavy,11,Q3,SELECT,686.868,True
4,10,JoinHeavy,12,Q5,SELECT,280.5478,True
4,10,JoinHeavy,13,Q5,SELECT,282.7688,True
4,10,JoinHeavy,14,Q3,SELECT,698.8779,True
4,10,JoinHeavy,15,Q3,SELECT,681.1658,True
4,10,JoinHeavy,16,Q7,SELECT,378.5718,True
4,10,JoinHeavy,17,Q5,SELECT,282.0807,True
4,10,JoinHeavy,18,Q5,SELECT,283.998,True
4,10,JoinHeavy,19,Q18,SELECT,5714.71,True
4,10,JoinHeavy,20,Q7,SELECT,480.5435,True
4,10,JoinHeavy,21,Q7,SELECT,396.792,True
4,10,JoinHeavy,22,I_customer,INSERT,1.866,True
4,10,JoinHeavy,23,I_customer,INSERT,0.3571,True
4,10,JoinHeavy,24,I_customer,INSERT,0.2827,True
4,10,JoinHeavy,25,I_customer,INSERT,0.2545,True
4,10,JoinHeavy,26,I_customer,INSERT,0.2454,True
4,10,JoinHeavy,27,I_customer,INSERT,0.2209,True
4,10,JoinHeavy,28,I_customer,INSERT,0.2242,True
4,10,JoinHeavy,29,I_customer,INSERT,0.2284,True
4,10,JoinHeavy,30,I_customer,INSERT,0.2421,True
4,10,JoinHeavy,31,I_customer,INSERT,0.2342,True
4,10,JoinHeavy,32,I_customer,INSERT,0.2129,True
4,10,JoinHeavy,33,I_customer,INSERT,0.2155,True
4,10,JoinHeavy,34,I_customer,INSERT,0.234,True
4,10,JoinHeavy,35,I_customer,INSERT,0.2183,True
4,10,JoinHeavy,36,I_customer,INSERT,0.246,True
4,10,JoinHeavy,37,I_customer,INSERT,0.2033,True
4,10,JoinHeavy,38,I_customer,INSERT,0.1988,True
4,10,JoinHeavy,39,I_customer,INSERT,0.2325,True
4,11,JoinHeavy,0,Q7,SELECT,392.0288,True
4,11,JoinHeavy,1,Q10,SELECT,401.5035,True
4,11,JoinHeavy,2,Q5,SELECT,296.2161,True
4,11,JoinHeavy,3,Q5,SELECT,284.4547,True
4,11,JoinHeavy,4,Q7,SELECT,391.1372,True
4,11,JoinHeavy,5,Q7,SELECT,383.324,True
4,11,JoinHeavy,6,Q7,SELECT,383.4382,True
4,11,JoinHeavy,7,Q5,SELECT,286.8739,True
4,11,JoinHeavy,8,Q10,SELECT,395.5008,True
4,11,JoinHeavy,9,Q10,SELECT,384.8912,True
4,11,JoinHeavy,10,Q3,SELECT,709.7454,True
4,11,JoinHeavy,11,Q3,SELECT,697.6468,True
4,11,JoinHeavy,12,Q7,SELECT,383.2385,True
4,11,JoinHeavy,13,Q5,SELECT,280.5276,True
4,11,JoinHeavy,14,Q10,SELECT,380.545,True
4,11,JoinHeavy,15,Q3,SELECT,697.7863,True
4,11,JoinHeavy,16,Q5,SELECT,291.9589,True
4,11,JoinHeavy,17,Q10,SELECT,379.485,True
4,11,JoinHeavy,18,Q7,SELECT,397.1418,True
4,11,JoinHeavy,19,Q7,SELECT,393.6748,True
4,11,JoinHeavy,20,Q5,SELECT,279.994,True
4,11,JoinHeavy,21,Q3,SELECT,701.5167,True
4,11,JoinHeavy,22,I_customer,INSERT,0.9452,True
4,11,JoinHeavy,23,I_customer,INSERT,0.3143,True
4,11,JoinHeavy,24,I_customer,INSERT,0.2367,True
4,11,JoinHeavy,25,I_customer,INSERT,0.252,True
4,11,JoinHeavy,26,I_customer,INSERT,0.2498,True
4,11,JoinHeavy,27,I_customer,INSERT,0.2987,True
4,11,JoinHeavy,28,I_customer,INSERT,0.2864,True
4,11,JoinHeavy,29,I_customer,INSERT,0.222,True
4,11,JoinHeavy,30,I_customer,INSERT,0.2702,True
4,11,JoinHeavy,31,I_customer,INSERT,0.2304,True
4,11,JoinHeavy,32,I_customer,INSERT,0.3,True
4,11,JoinHeavy,33,I_customer,INSERT,0.2438,True
4,11,JoinHeavy,34,I_customer,INSERT,0.2265,True
4,11,JoinHeavy,35,I_customer,INSERT,0.2135,True
4,11,JoinHeavy,36,I_customer,INSERT,0.2478,True
4,11,JoinHeavy,37,I_customer,INSERT,0.2129,True
4,11,JoinHeavy,38,I_customer,INSERT,0.2284,True
4,11,JoinHeavy,39,I_customer,INSERT,0.2106,True
4,12,JoinHeavy,0,Q5,SELECT,281.0397,True
4,12,JoinHeavy,1,Q7,SELECT,389.0545,True
4,12,JoinHeavy,2,Q5,SELECT,279.7101,True
4,12,JoinHeavy,3,Q3,SELECT,695.7043,True
4,12,JoinHeavy,4,Q5,SELECT,282.042,True
4,12,JoinHeavy,5,Q18,SELECT,6009.4017,True
4,12,JoinHeavy,6,Q10,SELECT,485.465,True
4,12,JoinHeavy,7,Q7,SELECT,443.4091,True
4,12,JoinHeavy,8,Q7,SELECT,402.5933,True
4,12,JoinHeavy,9,Q10,SELECT,378.6933,True
4,12,JoinHeavy,10,Q5,SELECT,292.1237,True
4,12,JoinHeavy,11,Q5,SELECT,284.0627,True
4,12,JoinHeavy,12,Q18,SELECT,5613.3805,True
4,12,JoinHeavy,13,Q3,SELECT,753.1219,True
4,12,JoinHeavy,14,Q7,SELECT,415.261,True
4,12,JoinHeavy,15,Q5,SELECT,294.8103,True
4,12,JoinHeavy,16,Q7,SELECT,391.7276,True
4,12,JoinHeavy,17,Q5,SELECT,282.4071,True
4,12,JoinHeavy,18,Q7,SELECT,388.4265,True
4,12,JoinHeavy,19,Q18,SELECT,5584.5998,True
4,12,JoinHeavy,20,Q7,SELECT,463.8221,True
4,12,JoinHeavy,21,Q3,SELECT,722.8241,True
4,12,JoinHeavy,22,I_customer,INSERT,1.6935,True
4,12,JoinHeavy,23,I_customer,INSERT,0.3418,True
4,12,JoinHeavy,24,I_customer,INSERT,0.2696,True
4,12,JoinHeavy,25,I_customer,INSERT,0.258,True
4,12,JoinHeavy,26,I_customer,INSERT,0.221,True
4,12,JoinHeavy,27,I_customer,INSERT,0.2194,True
4,12,JoinHeavy,28,I_customer,INSERT,0.2198,True
4,12,JoinHeavy,29,I_customer,INSERT,0.2467,True
4,12,JoinHeavy,30,I_customer,INSERT,0.2419,True
4,12,JoinHeavy,31,I_customer,INSERT,0.2486,True
4,12,JoinHeavy,32,I_customer,INSERT,0.2225,True
4,12,JoinHeavy,33,I_customer,INSERT,0.4035,True
4,12,JoinHeavy,34,I_customer,INSERT,0.2158,True
4,12,JoinHeavy,35,I_customer,INSERT,0.2622,True
4,12,JoinHeavy,36,I_customer,INSERT,0.2386,True
4,12,JoinHeavy,37,I_customer,INSERT,0.2307,True
4,12,JoinHeavy,38,I_customer,INSERT,0.2407,True
4,12,JoinHeavy,39,I_customer,INSERT,0.2461,True
4,13,JoinHeavy,0,Q5,SELECT,300.838,True
4,13,JoinHeavy,1,Q7,SELECT,394.7922,True
4,13,JoinHeavy,2,Q10,SELECT,377.3485,True
4,13,JoinHeavy,3,Q3,SELECT,701.2829,True
4,13,JoinHeavy,4,Q5,SELECT,282.7507,True
4,13,JoinHeavy,5,Q18,SELECT,5747.5896,True
4,13,JoinHeavy,6,Q18,SELECT,5650.9944,True
4,13,JoinHeavy,7,Q7,SELECT,495.9205,True
4,13,JoinHeavy,8,Q7,SELECT,401.5657,True
4,13,JoinHeavy,9,Q7,SELECT,409.8623,True
4,13,JoinHeavy,10,Q7,SELECT,386.594,True
4,13,JoinHeavy,11,Q3,SELECT,708.6052,True
4,13,JoinHeavy,12,Q3,SELECT,706.4519,True
4,13,JoinHeavy,13,Q10,SELECT,382.5915,True
4,13,JoinHeavy,14,Q7,SELECT,385.3894,True
4,13,JoinHeavy,15,Q7,SELECT,384.1926,True
4,13,JoinHeavy,16,Q7,SELECT,384.6773,True
4,13,JoinHeavy,17,Q3,SELECT,702.3564,True
4,13,JoinHeavy,18,Q3,SELECT,684.9369,True
4,13,JoinHeavy,19,Q10,SELECT,379.4732,True
4,13,JoinHeavy,20,Q10,SELECT,376.6235,True
4,13,JoinHeavy,21,Q10,SELECT,381.8343,True
4,13,JoinHeavy,22,I_customer,INSERT,1.0843,True
4,13,JoinHeavy,23,I_customer,INSERT,0.2442,True
4,13,JoinHeavy,24,I_customer,INSERT,0.3024,True
4,13,JoinHeavy,25,I_customer,INSERT,0.2367,True
4,13,JoinHeavy,26,I_customer,INSERT,0.2235,True
4,13,JoinHeavy,27,I_customer,INSERT,0.2185,True
4,13,JoinHeavy,28,I_customer,INSERT,0.2166,True
4,13,JoinHeavy,29,I_customer,INSERT,0.2341,True
4,13,JoinHeavy,30,I_customer,INSERT,0.2215,True
4,13,JoinHeavy,31,I_customer,INSERT,0.2109,True
4,13,JoinHeavy,32,I_customer,INSERT,0.2417,True
4,13,JoinHeavy,33,I_customer,INSERT,0.2274,True
4,13,JoinHeavy,34,I_customer,INSERT,0.2214,True
4,13,JoinHeavy,35,I_customer,INSERT,0.2137,True
4,13,JoinHeavy,36,I_customer,INSERT,0.246,True
4,13,JoinHeavy,37,I_customer,INSERT,0.2494,True
4,13,JoinHeavy,38,I_customer,INSERT,0.2295,True
4,13,JoinHeavy,39,I_customer,INSERT,0.2618,True
4,14,JoinHeavy,0,Q7,SELECT,391.049,True
4,14,JoinHeavy,1,Q7,SELECT,385.3713,True
4,14,JoinHeavy,2,Q10,SELECT,380.3194,True
4,14,JoinHeavy,3,Q18,SELECT,5726.5108,True
4,14,JoinHeavy,4,Q7,SELECT,438.8989,True
4,14,JoinHeavy,5,Q5,SELECT,306.5908,True
4,14,JoinHeavy,6,Q3,SELECT,710.7531,True
4,14,JoinHeavy,7,Q7,SELECT,392.2946,True
4,14,JoinHeavy,8,Q10,SELECT,382.3784,True
4,14,JoinHeavy,9,Q10,SELECT,378.9924,True
4,14,JoinHeavy,10,Q5,SELECT,281.6703,True
4,14,JoinHeavy,11,Q18,SELECT,5689.1372,True
4,14,JoinHeavy,12,Q7,SELECT,489.438,True
4,14,JoinHeavy,13,Q5,SELECT,315.3287,True
4,14,JoinHeavy,14,Q7,SELECT,399.2749,True
4,14,JoinHeavy,15,Q18,SELECT,5595.0208,True
4,14,JoinHeavy,16,Q10,SELECT,461.7452,True
4,14,JoinHeavy,17,Q5,SELECT,314.7736,True
4,14,JoinHeavy,18,Q10,SELECT,396.4532,True
4,14,JoinHeavy,19,Q3,SELECT,725.2605,True
4,14,JoinHeavy,20,Q18,SELECT,6008.8577,True
4,14,JoinHeavy,21,Q5,SELECT,338.5875,True
4,14,JoinHeavy,22,I_customer,INSERT,1.7106,True
4,14,JoinHeavy,23,I_customer,INSERT,0.2815,True
4,14,JoinHeavy,24,I_customer,INSERT,0.2655,True
4,14,JoinHeavy,25,I_customer,INSERT,0.2617,True
4,14,JoinHeavy,26,I_customer,INSERT,0.2806,True
4,14,JoinHeavy,27,I_customer,INSERT,0.2797,True
4,14,JoinHeavy,28,I_customer,INSERT,0.3438,True
4,14,JoinHeavy,29,I_customer,INSERT,0.263,True
4,14,JoinHeavy,30,I_customer,INSERT,0.4761,True
4,14,JoinHeavy,31,I_customer,INSERT,0.2236,True
4,14,JoinHeavy,32,I_customer,INSERT,0.2137,True
4,14,JoinHeavy,33,I_customer,INSERT,0.2275,True
4,14,JoinHeavy,34,I_customer,INSERT,0.2254,True
4,14,JoinHeavy,35,I_customer,INSERT,0.2091,True
4,14,JoinHeavy,36,I_customer,INSERT,0.2345,True
4,14,JoinHeavy,37,I_customer,INSERT,0.2427,True
4,14,JoinHeavy,38,I_customer,INSERT,0.2123,True
4,14,JoinHeavy,39,I_customer,INSERT,0.2286,True
4,15,JoinHeavy,0,Q18,SELECT,5565.4065,True
4,15,JoinHeavy,1,Q18,SELECT,5659.9447,True
4,15,JoinHeavy,2,Q10,SELECT,436.5851,True
4,15,JoinHeavy,3,Q3,SELECT,720.7253,True
4,15,JoinHeavy,4,Q5,SELECT,300.8145,True
4,15,JoinHeavy,5,Q10,SELECT,384.6995,True
4,15,JoinHeavy,6,Q7,SELECT,393.9704,True
4,15,JoinHeavy,7,Q3,SELECT,695.0047,True
4,15,JoinHeavy,8,Q5,SELECT,282.2886,True
4,15,JoinHeavy,9,Q10,SELECT,381.0587,True
4,15,JoinHeavy,10,Q18,SELECT,5850.9073,True
4,15,JoinHeavy,11,Q3,SELECT,792.951,True
4,15,JoinHeavy,12,Q7,SELECT,419.5633,True
4,15,JoinHeavy,13,Q5,SELECT,290.2081,True
4,15,JoinHeavy,14,Q10,SELECT,384.8708,True
4,15,JoinHeavy,15,Q3,SELECT,704.2031,True
4,15,JoinHeavy,16,Q3,SELECT,690.6484,True
4,15,JoinHeavy,17,Q7,SELECT,386.5828,True
4,15,JoinHeavy,18,Q7,SELECT,384.7857,True
4,15,JoinHeavy,19,Q10,SELECT,377.3174,True
4,15,JoinHeavy,20,Q18,SELECT,5735.5847,True
4,15,JoinHeavy,21,Q18,SELECT,5405.845,True
4,15,JoinHeavy,22,I_customer,INSERT,1.6302,True
4,15,JoinHeavy,23,I_customer,INSERT,0.1661,True
4,15,JoinHeavy,24,I_customer,INSERT,0.1487,True
4,15,JoinHeavy,25,I_customer,INSERT,0.1668,True
4,15,JoinHeavy,26,I_customer,INSERT,0.1784,True
4,15,JoinHeavy,27,I_customer,INSERT,0.1518,True
4,15,JoinHeavy,28,I_customer,INSERT,0.1389,True
4,15,JoinHeavy,29,I_customer,INSERT,0.1416,True
4,15,JoinHeavy,30,I_customer,INSERT,0.1389,True
4,15,JoinHeavy,31,I_customer,INSERT,0.1465,True
4,15,JoinHeavy,32,I_customer,INSERT,0.1544,True
4,15,JoinHeavy,33,I_customer,INSERT,0.1311,True
4,15,JoinHeavy,34,I_customer,INSERT,0.1305,True
4,15,JoinHeavy,35,I_customer,INSERT,0.1309,True
4,15,JoinHeavy,36,I_customer,INSERT,0.1326,True
4,15,JoinHeavy,37,I_customer,INSERT,0.1267,True
4,15,JoinHeavy,38,I_customer,INSERT,0.1335,True
4,15,JoinHeavy,39,I_customer,INSERT,0.1188,True
4,16,Procurement,0,D_orders,DELETE,0.7209,True
4,16,Procurement,1,D_orders,DELETE,0.1568,True
4,16,Procurement,2,D_orders,DELETE,0.2701,True
4,16,Procurement,3,D_orders,DELETE,0.0743,True
4,16,Procurement,4,Q1,SELECT,1563.9958,True
4,16,Procurement,5,Q11,SELECT,150.8758,True
4,16,Procurement,6,Q6,SELECT,521.1594,True
4,16,Procurement,7,Q17,SELECT,4333.7408,True
4,16,Procurement,8,Q1,SELECT,1550.7995,True
4,16,Procurement,9,Q11,SELECT,146.2976,True
4,16,Procurement,10,Q17,SELECT,3914.936,True
4,16,Procurement,11,Q11,SELECT,142.8954,True
4,16,Procurement,12,Q6,SELECT,518.3446,True
4,16,Procurement,13,Q1,SELECT,1554.2746,True
4,16,Procurement,14,Q14,SELECT,231.117,True
4,16,Procurement,15,Q14,SELECT,227.3404,True
4,16,Procurement,16,Q6,SELECT,498.9736,True
4,16,Procurement,17,Q11,SELECT,137.9571,True
4,16,Procurement,18,Q6,SELECT,500.5301,True
4,16,Procurement,19,Q6,SELECT,503.8887,True
4,16,Procurement,20,Q11,SELECT,138.4101,True
4,16,Procurement,21,Q11,SELECT,137.6638,True
4,16,Procurement,22,Q17,SELECT,3859.7362,True
4,16,Procurement,23,Q11,SELECT,140.3466,True
4,16,Procurement,24,Q17,SELECT,3929.8655,True
4,17,Procurement,0,D_orders,DELETE,0.6992,True
4,17,Procurement,1,D_orders,DELETE,0.3371,True
4,17,Procurement,2,D_orders,DELETE,0.4859,True
4,17,Procurement,3,D_orders,DELETE,0.1792,True
4,17,Procurement,4,Q11,SELECT,142.6555,True
4,17,Procurement,5,Q11,SELECT,139.5236,True
4,17,Procurement,6,Q17,SELECT,3819.2428,True
4,17,Procurement,7,Q14,SELECT,234.5486,True
4,17,Procurement,8,Q17,SELECT,3798.7054,True
4,17,Procurement,9,Q14,SELECT,238.6303,True
4,17,Procurement,10,Q11,SELECT,140.1605,True
4,17,Procurement,11,Q14,SELECT,231.6882,True
4,17,Procurement,12,Q1,SELECT,1532.7112,True
4,17,Procurement,13,Q17,SELECT,3824.3694,True
4,17,Procurement,14,Q11,SELECT,142.588,True
4,17,Procurement,15,Q17,SELECT,4106.7646,True
4,17,Procurement,16,Q14,SELECT,239.0218,True
4,17,Procurement,17,Q14,SELECT,234.9499,True
4,17,Procurement,18,Q11,SELECT,140.7362,True
4,17,Procurement,19,Q6,SELECT,510.1157,True
4,17,Procurement,20,Q17,SELECT,3845.5106,True
4,17,Procurement,21,Q1,SELECT,1540.3018,True
4,17,Procurement,22,Q11,SELECT,140.3519,True
4,17,Procurement,23,Q17,SELECT,3787.5475,True
4,17,Procurement,24,Q1,SELECT,1589.7928,True
4,18,Procurement,0,D_orders,DELETE,0.7255,True
4,18,Procurement,1,D_orders,DELETE,0.2148,True
4,18,Procurement,2,D_orders,DELETE,0.2265,True
4,18,Procurement,3,D_orders,DELETE,0.4295,True
4,18,Procurement,4,Q17,SELECT,3740.4409,True
4,18,Procurement,5,Q11,SELECT,140.0539,True
4,18,Procurement,6,Q17,SELECT,3943.8659,True
4,18,Procurement,7,Q11,SELECT,141.4715,True
4,18,Procurement,8,Q11,SELECT,139.1185,True
4,18,Procurement,9,Q17,SELECT,3970.7198,True
4,18,Procurement,10,Q1,SELECT,1560.5203,True
4,18,Procurement,11,Q6,SELECT,516.2385,True
4,18,Procurement,12,Q11,SELECT,149.6665,True
4,18,Procurement,13,Q1,SELECT,1659.418,True
4,18,Procurement,14,Q11,SELECT,149.3864,True
4,18,Procurement,15,Q1,SELECT,1745.1729,True
4,18,Procurement,16,Q11,SELECT,160.9843,True
4,18,Procurement,17,Q6,SELECT,529.1034,True
4,18,Procurement,18,Q17,SELECT,3937.4059,True
4,18,Procurement,19,Q14,SELECT,234.014,True
4,18,Procurement,20,Q6,SELECT,502.5541,True
4,18,Procurement,21,Q11,SELECT,137.7631,True
4,18,Procurement,22,Q17,SELECT,3834.2302,True
4,18,Procurement,23,Q14,SELECT,233.2753,True
4,18,Procurement,24,Q11,SELECT,141.1133,True
4,19,Procurement,0,D_orders,DELETE,0.6883,True
4,19,Procurement,1,D_orders,DELETE,0.2221,True
4,19,Procurement,2,D_orders,DELETE,0.1757,True
4,19,Procurement,3,D_orders,DELETE,0.5889,True
4,19,Procurement,4,Q17,SELECT,3819.8373,True
4,19,Procurement,5,Q1,SELECT,1551.1957,True
4,19,Procurement,6,Q6,SELECT,509.2486,True
4,19,Procurement,7,Q11,SELECT,139.8465,True
4,19,Procurement,8,Q14,SELECT,239.5211,True
4,19,Procurement,9,Q14,SELECT,230.0167,True
4,19,Procurement,10,Q1,SELECT,1574.8153,True
4,19,Procurement,11,Q6,SELECT,520.7873,True
4,19,Procurement,12,Q11,SELECT,146.9882,True
4,19,Procurement,13,Q6,SELECT,502.9922,True
4,19,Procurement,14,Q17,SELECT,3914.2229,True
4,19,Procurement,15,Q11,SELECT,139.865,True
4,19,Procurement,16,Q6,SELECT,523.5028,True
4,19,Procurement,17,Q11,SELECT,141.8077,True
4,19,Procurement,18,Q17,SELECT,3887.1329,True
4,19,Procurement,19,Q11,SELECT,157.0402,True
4,19,Procurement,20,Q6,SELECT,523.8964,True
4,19,Procurement,21,Q17,SELECT,3957.9362,True
4,19,Procurement,22,Q17,SELECT,3793.2396,True
4,19,Procurement,23,Q14,SELECT,236.97,True
4,19,Procurement,24,Q14,SELECT,233.2789,True
4,20,Procurement,0,D_orders,DELETE,0.6965,True
4,20,Procurement,1,D_orders,DELETE,0.6023,True
4,20,Procurement,2,D_orders,DELETE,0.283,True
4,20,Procurement,3,D_orders,DELETE,0.2025,True
4,20,Procurement,4,Q11,SELECT,145.6355,True
4,20,Procurement,5,Q17,SELECT,3823.1873,True
4,20,Procurement,6,Q11,SELECT,141.7409,True
4,20,Procurement,7,Q1,SELECT,1558.9467,True
4,20,Procurement,8,Q17,SELECT,3698.8797,True
4,20,Procurement,9,Q6,SELECT,511.356,True
4,20,Procurement,10,Q6,SELECT,489.9691,True
4,20,Procurement,11,Q6,SELECT,495.3988,True
4,20,Procurement,12,Q1,SELECT,1543.4353,True
4,20,Procurement,13,Q11,SELECT,144.8327,True
4,20,Procurement,14,Q11,SELECT,145.0426,True
4,20,Procurement,15,Q6,SELECT,498.7436,True
4,20,Procurement,16,Q6,SELECT,487.5771,True
4,20,Procurement,17,Q6,SELECT,497.5966,True
4,20,Procurement,18,Q11,SELECT,136.2353,True
4,20,Procurement,19,Q17,SELECT,3925.578,True
4,20,Procurement,20,Q17,SELECT,3854.9951,True
4,20,Procurement,21,Q11,SELECT,157.4668,True
4,20,Procurement,22,Q14,SELECT,233.5627,True
4,20,Procurement,23,Q1,SELECT,1520.03,True
4,20,Procurement,24,Q11,SELECT,139.003,True
4,21,Procurement,0,D_orders,DELETE,2.3012,True
4,21,Procurement,1,D_orders,DELETE,0.1862,True
4,21,Procurement,2,D_orders,DELETE,0.2137,True
4,21,Procurement,3,D_orders,DELETE,0.3465,True
4,21,Procurement,4,Q17,SELECT,3826.183,True
4,21,Procurement,5,Q14,SELECT,235.7393,True
4,21,Procurement,6,Q11,SELECT,139.6506,True
4,21,Procurement,7,Q6,SELECT,515.9362,True
4,21,Procurement,8,Q6,SELECT,495.5607,True
4,21,Procurement,9,Q6,SELECT,496.8181,True
4,21,Procurement,10,Q6,SELECT,502.3052,True
4,21,Procurement,11,Q11,SELECT,136.5719,True
4,21,Procurement,12,Q11,SELECT,137.8919,True
4,21,Procurement,13,Q14,SELECT,222.7686,True
4,21,Procurement,14,Q11,SELECT,138.0327,True
4,21,Procurement,15,Q11,SELECT,137.5003,True
4,21,Procurement,16,Q17,SELECT,3752.2014,True
4,21,Procurement,17,Q11,SELECT,140.836,True
4,21,Procurement,18,Q17,SELECT,3763.3921,True
4,21,Procurement,19,Q11,SELECT,144.2209,True
4,21,Procurement,20,Q17,SELECT,3819.1132,True
4,21,Procurement,21,Q11,SELECT,149.8592,True
4,21,Procurement,22,Q11,SELECT,139.0796,True
4,21,Procurement,23,Q11,SELECT,139.237,True
4,21,Procurement,24,Q11,SELECT,137.1881,True
4,22,Procurement,0,D_orders,DELETE,1.0947,True
4,22,Procurement,1,D_orders,DELETE,0.1983,True
4,22,Procurement,2,D_orders,DELETE,0.1805,True
4,22,Procurement,3,D_orders,DELETE,0.6513,True
4,22,Procurement,4,Q17,SELECT,3803.2389,True
4,22,Procurement,5,Q11,SELECT,140.0654,True
4,22,Procurement,6,Q17,SELECT,3775.7882,True
4,22,Procurement,7,Q11,SELECT,142.0294,True
4,22,Procurement,8,Q1,SELECT,1566.1488,True
4,22,Procurement,9,Q17,SELECT,3778.9489,True
4,22,Procurement,10,Q6,SELECT,517.5775,True
4,22,Procurement,11,Q6,SELECT,513.493,True
4,22,Procurement,12,Q17,SELECT,3842.8103,True
4,22,Procurement,13,Q17,SELECT,3749.3734,True
4,22,Procurement,14,Q17,SELECT,3753.0171,True
4,22,Procurement,15,Q6,SELECT,515.8732,True
4,22,Procurement,16,Q11,SELECT,153.5807,True
4,22,Procurement,17,Q11,SELECT,140.1899,True
4,22,Procurement,18,Q1,SELECT,1540.7421,True
4,22,Procurement,19,Q17,SELECT,3997.0785,True
4,22,Procurement,20,Q17,SELECT,4142.6467,True
4,22,Procurement,21,Q17,SELECT,3756.2569,True
4,22,Procurement,22,Q6,SELECT,517.838,True
4,22,Procurement,23,Q17,SELECT,3734.0744,True
4,22,Procurement,24,Q17,SELECT,3859.8618,True
4,23,Procurement,0,D_orders,DELETE,0.4625,True
4,23,Procurement,1,D_orders,DELETE,0.1351,True
4,23,Procurement,2,D_orders,DELETE,0.48,True
4,23,Procurement,3,D_orders,DELETE,0.1711,True
4,23,Procurement,4,Q11,SELECT,155.7549,True
4,23,Procurement,5,Q11,SELECT,139.4977,True
4,23,Procurement,6,Q1,SELECT,1543.7309,True
4,23,Procurement,7,Q17,SELECT,3788.894,True
4,23,Procurement,8,Q1,SELECT,1613.4017,True
4,23,Procurement,9,Q6,SELECT,531.9501,True
4,23,Procurement,10,Q17,SELECT,3872.2945,True
4,23,Procurement,11,Q11,SELECT,142.2187,True
4,23,Procurement,12,Q17,SELECT,3781.3519,True
4,23,Procurement,13,Q1,SELECT,1593.3367,True
4,23,Procurement,14,Q11,SELECT,152.1193,True
4,23,Procurement,15,Q14,SELECT,234.0392,True
4,23,Procurement,16,Q6,SELECT,512.9135,True
4,23,Procurement,17,Q11,SELECT,138.6771,True
4,23,Procurement,18,Q14,SELECT,228.8103,True
4,23,Procurement,19,Q11,SELECT,139.5394,True
4,23,Procurement,20,Q17,SELECT,3959.5478,True
4,23,Procurement,21,Q11,SELECT,140.5076,True
4,23,Procurement,22,Q6,SELECT,514.6858,True
4,23,Procurement,23,Q1,SELECT,1565.2757,True
4,23,Procurement,24,Q11,SELECT,149.0349,True
4,24,Customer,0,Q18,SELECT,5901.5668,True
4,24,Customer,1,U_customer,UPDATE,1.2263,True
4,24,Customer,2,Q3,SELECT,804.2152,True
4,24,Customer,3,U_customer,UPDATE,1.2627,True
4,24,Customer,4,Q3,SELECT,705.2915,True
4,24,Customer,5,U_customer,UPDATE,0.7988,True
4,24,Customer,6,Q10,SELECT,403.1265,True
4,24,Customer,7,U_customer,UPDATE,0.867,True
4,24,Customer,8,Q10,SELECT,381.2948,True
4,24,Customer,9,U_customer,UPDATE,0.5596,True
4,24,Customer,10,Q3,SELECT,707.8175,True
4,24,Customer,11,U_customer,UPDATE,0.7584,True
4,24,Customer,12,Q10,SELECT,377.5342,True
4,24,Customer,13,U_customer,UPDATE,0.7753,True
4,24,Customer,14,Q18,SELECT,5669.0061,True
4,24,Customer,15,U_customer,UPDATE,0.5117,True
4,24,Customer,16,Q18,SELECT,5833.5903,True
4,24,Customer,17,U_customer,UPDATE,0.65,True
4,24,Customer,18,Q5,SELECT,397.8623,True
4,24,Customer,19,U_customer,UPDATE,0.7388,True
4,25,Customer,0,Q10,SELECT,451.9761,True
4,25,Customer,1,U_customer,UPDATE,0.6651,True
4,25,Customer,2,Q3,SELECT,735.7948,True
4,25,Customer,3,U_customer,UPDATE,0.3304,True
4,25,Customer,4,Q3,SELECT,710.9476,True
4,25,Customer,5,U_customer,UPDATE,0.4076,True
4,25,Customer,6,Q3,SELECT,697.4578,True
4,25,Customer,7,U_customer,UPDATE,0.538,True
4,25,Customer,8,Q18,SELECT,5780.9815,True
4,25,Customer,9,U_customer,UPDATE,0.784,True
4,25,Customer,10,Q5,SELECT,338.5216,True
4,25,Customer,11,U_customer,UPDATE,0.732,True
4,25,Customer,12,Q3,SELECT,739.6425,True
4,25,Customer,13,U_customer,UPDATE,0.7681,True
4,25,Customer,14,Q5,SELECT,298.2765,True
4,25,Customer,15,U_customer,UPDATE,0.7596,True
4,25,Customer,16,Q3,SELECT,698.3303,True
4,25,Customer,17,U_customer,UPDATE,0.808,True
4,25,Customer,18,Q10,SELECT,383.2605,True
4,25,Customer,19,U_customer,UPDATE,0.9073,True
4,26,Customer,0,Q3,SELECT,700.4932,True
4,26,Customer,1,U_customer,UPDATE,0.7995,True
4,26,Customer,2,Q10,SELECT,378.0698,True
4,26,Customer,3,U_customer,UPDATE,1.3972,True
4,26,Customer,4,Q10,SELECT,383.7397,True
4,26,Customer,5,U_customer,UPDATE,1.4886,True
4,26,Customer,6,Q18,SELECT,5865.9561,True
4,26,Customer,7,U_customer,UPDATE,0.4977,True
4,26,Customer,8,Q18,SELECT,5690.2067,True
4,26,Customer,9,U_customer,UPDATE,0.7198,True
4,26,Customer,10,Q18,SELECT,5840.3482,True
4,26,Customer,11,U_customer,UPDATE,1.1133,True
4,26,Customer,12,Q10,SELECT,441.3062,True
4,26,Customer,13,U_customer,UPDATE,1.7062,True
4,26,Customer,14,Q5,SELECT,310.8464,True
4,26,Customer,15,U_customer,UPDATE,1.4962,True
4,26,Customer,16,Q10,SELECT,383.2746,True
4,26,Customer,17,U_customer,UPDATE,1.3796,True
4,26,Customer,18,Q10,SELECT,387.3271,True
4,26,Customer,19,U_customer,UPDATE,0.6196,True
4,27,Customer,0,Q18,SELECT,5780.2377,True
4,27,Customer,1,U_customer,UPDATE,1.2915,True
4,27,Customer,2,Q3,SELECT,828.0869,True
4,27,Customer,3,U_customer,UPDATE,1.4453,True
4,27,Customer,4,Q5,SELECT,311.4452,True
4,27,Customer,5,U_customer,UPDATE,0.5537,True
4,27,Customer,6,Q18,SELECT,5632.0025,True
4,27,Customer,7,U_customer,UPDATE,1.1511,True
4,27,Customer,8,Q10,SELECT,441.4179,True
4,27,Customer,9,U_customer,UPDATE,1.397,True
4,27,Customer,10,Q18,SELECT,5712.1434,True
4,27,Customer,11,U_customer,UPDATE,1.4175,True
4,27,Customer,12,Q18,SELECT,5784.1621,True
4,27,Customer,13,U_customer,UPDATE,1.1537,True
4,27,Customer,14,Q18,SELECT,5900.3656,True
4,27,Customer,15,U_customer,UPDATE,1.4985,True
4,27,Customer,16,Q10,SELECT,490.9565,True
4,27,Customer,17,U_customer,UPDATE,1.484,True
4,27,Customer,18,Q10,SELECT,390.1337,True
4,27,Customer,19,U_customer,UPDATE,1.3229,True
4,28,Customer,0,Q3,SELECT,764.8076,True
4,28,Customer,1,U_customer,UPDATE,0.7283,True
4,28,Customer,2,Q7,SELECT,410.6218,True
4,28,Customer,3,U_customer,UPDATE,1.4255,True
4,28,Customer,4,Q10,SELECT,386.5639,True
4,28,Customer,5,U_customer,UPDATE,1.4229,True
4,28,Customer,6,Q10,SELECT,380.4818,True
4,28,Customer,7,U_customer,UPDATE,1.0877,True
4,28,Customer,8,Q10,SELECT,379.4851,True
4,28,Customer,9,U_customer,UPDATE,1.5127,True
4,28,Customer,10,Q18,SELECT,5613.4241,True
4,28,Customer,11,U_customer,UPDATE,1.2459,True
4,28,Customer,12,Q7,SELECT,429.0859,True
4,28,Customer,13,U_customer,UPDATE,0.3444,True
4,28,Customer,14,Q18,SELECT,5440.7758,True
4,28,Customer,15,U_customer,UPDATE,0.7219,True
4,28,Customer,16,Q18,SELECT,5627.8398,True
4,28,Customer,17,U_customer,UPDATE,1.0815,True
4,28,Customer,18,Q10,SELECT,430.3495,True
4,28,Customer,19,U_customer,UPDATE,1.3988,True
4,29,Customer,0,Q3,SELECT,719.7507,True
4,29,Customer,1,U_customer,UPDATE,1.2328,True
4,29,Customer,2,Q18,SELECT,5804.7551,True
4,29,Customer,3,U_customer,UPDATE,1.1175,True
4,29,Customer,4,Q18,SELECT,6061.2871,True
4,29,Customer,5,U_customer,UPDATE,1.1803,True
4,29,Customer,6,Q18,SELECT,5758.9388,True
4,29,Customer,7,U_customer,UPDATE,0.7273,True
4,29,Customer,8,Q7,SELECT,484.9244,True
4,29,Customer,9,U_customer,UPDATE,0.9488,True
4,29,Customer,10,Q10,SELECT,408.2509,True
4,29,Customer,11,U_customer,UPDATE,0.7001,True
4,29,Customer,12,Q7,SELECT,398.6349,True
4,29,Customer,13,U_customer,UPDATE,0.2824,True
4,29,Customer,14,Q10,SELECT,387.2241,True
4,29,Customer,15,U_customer,UPDATE,0.385,True
4,29,Customer,16,Q7,SELECT,392.0018,True
4,29,Customer,17,U_customer,UPDATE,0.336,True
4,29,Customer,18,Q10,SELECT,374.3964,True
4,29,Customer,19,U_customer,UPDATE,0.3343,True
4,30,Customer,0,Q10,SELECT,381.7871,True
4,30,Customer,1,U_customer,UPDATE,0.5245,True
4,30,Customer,2,Q18,SELECT,5832.1434,True
4,30,Customer,3,U_customer,UPDATE,1.472,True
4,30,Customer,4,Q5,SELECT,360.7515,True
4,30,Customer,5,U_customer,UPDATE,0.7913,True
4,30,Customer,6,Q18,SELECT,6049.7528,True
4,30,Customer,7,U_customer,UPDATE,0.5275,True
4,30,Customer,8,Q7,SELECT,474.0813,True
4,30,Customer,9,U_customer,UPDATE,0.609,True
4,30,Customer,10,Q10,SELECT,408.5634,True
4,30,Customer,11,U_customer,UPDATE,0.6572,True
4,30,Customer,12,Q10,SELECT,387.995,True
4,30,Customer,13,U_customer,UPDATE,0.9338,True
4,30,Customer,14,Q7,SELECT,398.3038,True
4,30,Customer,15,U_customer,UPDATE,0.8178,True
4,30,Customer,16,Q3,SELECT,731.5627,True
4,30,Customer,17,U_customer,UPDATE,0.4349,True
4,30,Customer,18,Q18,SELECT,6141.5056,True
4,30,Customer,19,U_customer,UPDATE,0.4265,True
4,31,Customer,0,Q10,SELECT,460.1187,True
4,31,Customer,1,U_customer,UPDATE,0.8929,True
4,31,Customer,2,Q3,SELECT,755.8436,True
4,31,Customer,3,U_customer,UPDATE,0.8535,True
4,31,Customer,4,Q10,SELECT,383.5518,True
4,31,Customer,5,U_customer,UPDATE,0.9211,True
4,31,Customer,6,Q7,SELECT,402.6373,True
4,31,Customer,7,U_customer,UPDATE,0.7862,True
4,31,Customer,8,Q10,SELECT,383.4843,True
4,31,Customer,9,U_customer,UPDATE,0.8047,True
4,31,Customer,10,Q10,SELECT,375.9827,True
4,31,Customer,11,U_customer,UPDATE,0.8282,True
4,31,Customer,12,Q7,SELECT,395.7545,True
4,31,Customer,13,U_customer,UPDATE,0.73,True
4,31,Customer,14,Q10,SELECT,375.9555,True
4,31,Customer,15,U_customer,UPDATE,1.2832,True
4,31,Customer,16,Q10,SELECT,372.5771,True
4,31,Customer,17,U_customer,UPDATE,0.7275,True
4,31,Customer,18,Q10,SELECT,379.7741,True
4,31,Customer,19,U_customer,UPDATE,0.9116,True
5,0,Reporting,0,Q4,SELECT,330.1194,True
5,0,Reporting,1,Q14,SELECT,234.5939,True
5,0,Reporting,2,Q14,SELECT,224.6621,True
5,0,Reporting,3,U_orders,UPDATE,0.7043,True
5,0,Reporting,4,Q6,SELECT,519.4381,True
5,0,Reporting,5,Q14,SELECT,228.5935,True
5,0,Reporting,6,Q4,SELECT,219.0104,True
5,0,Reporting,7,Q12,SELECT,987.9208,True
5,0,Reporting,8,Q1,SELECT,1556.0874,True
5,0,Reporting,9,U_orders,UPDATE,1.0562,True
5,0,Reporting,10,Q1,SELECT,1683.5488,True
5,0,Reporting,11,Q1,SELECT,1726.7027,True
5,0,Reporting,12,U_orders,UPDATE,1.4344,True
5,0,Reporting,13,Q14,SELECT,242.3172,True
5,0,Reporting,14,Q1,SELECT,1721.3885,True
5,0,Reporting,15,Q14,SELECT,234.8361,True
5,0,Reporting,16,U_orders,UPDATE,1.4248,True
5,0,Reporting,17,Q6,SELECT,517.4385,True
5,0,Reporting,18,Q14,SELECT,229.4396,True
5,0,Reporting,19,Q6,SELECT,492.4215,True
5,0,Reporting,20,Q6,SELECT,498.2048,True
5,0,Reporting,21,Q4,SELECT,223.401,True
5,0,Reporting,22,Q6,SELECT,496.128,True
5,0,Reporting,23,Q1,SELECT,1578.4144,True
5,0,Reporting,24,Q4,SELECT,229.662,True
5,0,Reporting,25,U_orders,UPDATE,1.4217,True
5,0,Reporting,26,Q6,SELECT,500.431,True
5,0,Reporting,27,Q14,SELECT,218.0302,True
5,0,Reporting,28,Q14,SELECT,216.4432,True
5,0,Reporting,29,U_orders,UPDATE,1.3984,True
5,1,Reporting,0,Q1,SELECT,1638.4323,True
5,1,Reporting,1,Q6,SELECT,525.8702,True
5,1,Reporting,2,Q6,SELECT,498.5905,True
5,1,Reporting,3,Q14,SELECT,226.2,True
5,1,Reporting,4,Q6,SELECT,496.2483,True
5,1,Reporting,5,Q12,SELECT,935.162,True
5,1,Reporting,6,U_orders,UPDATE,2.1045,True
5,1,Reporting,7,Q1,SELECT,1651.5577,True
5,1,Reporting,8,U_orders,UPDATE,0.4973,True
5,1,Reporting,9,Q1,SELECT,1742.0283,True
5,1,Reporting,10,Q1,SELECT,1801.0023,True
5,1,Reporting,11,U_orders,UPDATE,1.4076,True
5,1,Reporting,12,U_orders,UPDATE,0.4568,True
5,1,Reporting,13,U_orders,UPDATE,0.4459,True
5,1,Reporting,14,Q4,SELECT,230.5094,True
5,1,Reporting,15,Q12,SELECT,1051.9113,True
5,1,Reporting,16,Q4,SELECT,244.413,True
5,1,Reporting,17,Q1,SELECT,1717.2704,True
5,1,Reporting,18,Q1,SELECT,1783.261,True
5,1,Reporting,19,U_orders,UPDATE,1.0108,True
5,1,Reporting,20,Q14,SELECT,240.9126,True
5,1,Reporting,21,Q1,SELECT,1759.9155,True
5,1,Reporting,22,Q6,SELECT,534.4222,True
5,1,Reporting,23,Q1,SELECT,1733.2314,True
5,1,Reporting,24,Q6,SELECT,538.6311,True
5,1,Reporting,25,Q4,SELECT,226.3234,True
5,1,Reporting,26,Q12,SELECT,955.7353,True
5,1,Reporting,27,Q1,SELECT,1663.7679,True
5,1,Reporting,28,Q1,SELECT,1791.5151,True
5,1,Reporting,29,Q1,SELECT,1814.9236,True
5,2,Reporting,0,Q6,SELECT,542.9902,True
5,2,Reporting,1,Q6,SELECT,510.6888,True
5,2,Reporting,2,Q1,SELECT,1686.8047,True
5,2,Reporting,3,U_orders,UPDATE,1.3417,True
5,2,Reporting,4,U_orders,UPDATE,0.3769,True
5,2,Reporting,5,Q4,SELECT,240.3064,True
5,2,Reporting,6,U_orders,UPDATE,0.7958,True
5,2,Reporting,7,Q1,SELECT,1706.8885,True
5,2,Reporting,8,Q4,SELECT,240.9152,True
5,2,Reporting,9,Q14,SELECT,231.626,True
5,2,Reporting,10,Q4,SELECT,224.2588,True
5,2,Reporting,11,U_orders,UPDATE,1.406,True
5,2,Reporting,12,Q6,SELECT,498.4987,True
5,2,Reporting,13,Q1,SELECT,1690.8128,True
5,2,Reporting,14,U_orders,UPDATE,1.5587,True
5,2,Reporting,15,Q1,SELECT,1756.1717,True
5,2,Reporting,16,U_orders,UPDATE,2.1408,True
5,2,Reporting,17,Q14,SELECT,233.1772,True
5,2,Reporting,18,Q1,SELECT,1738.6689,True
5,2,Reporting,19,Q1,SELECT,1760.5154,True
5,2,Reporting,20,Q4,SELECT,239.6709,True
5,2,Reporting,21,Q1,SELECT,1740.1779,True
5,2,Reporting,22,Q14,SELECT,244.5983,True
5,2,Reporting,23,Q1,SELECT,1745.1089,True
5,2,Reporting,24,Q6,SELECT,539.9684,True
5,2,Reporting,25,Q1,SELECT,1719.6992,True
5,2,Reporting,26,Q6,SELECT,535.4715,True
5,2,Reporting,27,Q6,SELECT,494.6227,True
5,2,Reporting,28,Q4,SELECT,223.6345,True
5,2,Reporting,29,Q14,SELECT,230.0023,True
5,3,Reporting,0,Q14,SELECT,230.7903,True
5,3,Reporting,1,Q1,SELECT,1640.2195,True
5,3,Reporting,2,Q6,SELECT,531.9615,True
5,3,Reporting,3,Q1,SELECT,1696.1843,True
5,3,Reporting,4,Q1,SELECT,1758.0096,True
5,3,Reporting,5,Q1,SELECT,1816.4862,True
5,3,Reporting,6,Q1,SELECT,1824.3299,True
5,3,Reporting,7,Q6,SELECT,542.0707,True
5,3,Reporting,8,Q14,SELECT,230.3814,True
5,3,Reporting,9,U_orders,UPDATE,2.2645,True
5,3,Reporting,10,Q14,SELECT,226.3216,True
5,3,Reporting,11,Q6,SELECT,524.051,True
5,3,Reporting,12,U_orders,UPDATE,1.7845,True
5,3,Reporting,13,Q1,SELECT,1649.8088,True
5,3,Reporting,14,Q1,SELECT,1742.5423,True
5,3,Reporting,15,Q1,SELECT,1801.3243,True
5,3,Reporting,16,Q14,SELECT,237.2895,True
5,3,Reporting,17,Q1,SELECT,1766.0594,True
5,3,Reporting,18,U_orders,UPDATE,2.1812,True
5,3,Reporting,19,Q1,SELECT,1813.8445,True
5,3,Reporting,20,Q1,SELECT,1811.2152,True
5,3,Reporting,21,Q4,SELECT,239.5012,True
5,3,Reporting,22,U_orders,UPDATE,0.9153,True
5,3,Reporting,23,Q6,SELECT,563.3536,True
5,3,Reporting,24,Q1,SELECT,1686.9109,True
5,3,Reporting,25,Q4,SELECT,238.5004,True
5,3,Reporting,26,U_orders,UPDATE,2.0137,True
5,3,Reporting,27,Q1,SELECT,1713.6377,True
5,3,Reporting,28,Q6,SELECT,531.7339,True
5,3,Reporting,29,U_orders,UPDATE,1.9864,True
5,4,Reporting,0,U_orders,UPDATE,0.5963,True
5,4,Reporting,1,Q4,SELECT,227.7375,True
5,4,Reporting,2,Q1,SELECT,1690.184,True
5,4,Reporting,3,Q12,SELECT,1195.5637,True
5,4,Reporting,4,Q1,SELECT,1681.1456,True
5,4,Reporting,5,Q1,SELECT,1750.325,True
5,4,Reporting,6,Q6,SELECT,553.9531,True
5,4,Reporting,7,Q1,SELECT,1702.3348,True
5,4,Reporting,8,Q1,SELECT,1758.0072,True
5,4,Reporting,9,U_orders,UPDATE,1.5468,True
5,4,Reporting,10,Q6,SELECT,548.9497,True
5,4,Reporting,11,Q1,SELECT,1700.7108,True
5,4,Reporting,12,Q1,SELECT,1761.1752,True
5,4,Reporting,13,Q6,SELECT,537.3451,True
5,4,Reporting,14,Q1,SELECT,1703.391,True
5,4,Reporting,15,Q14,SELECT,237.9215,True
5,4,Reporting,16,Q6,SELECT,520.6608,True
5,4,Reporting,17,Q14,SELECT,222.9552,True
5,4,Reporting,18,U_orders,UPDATE,2.0566,True
5,4,Reporting,19,U_orders,UPDATE,0.6205,True
5,4,Reporting,20,Q6,SELECT,499.4992,True
5,4,Reporting,21,Q14,SELECT,222.1677,True
5,4,Reporting,22,Q1,SELECT,1620.8927,True
5,4,Reporting,23,Q6,SELECT,517.2992,True
5,4,Reporting,24,U_orders,UPDATE,1.6809,True
5,4,Reporting,25,U_orders,UPDATE,0.5806,True
5,4,Reporting,26,Q4,SELECT,240.196,True
5,4,Reporting,27,Q14,SELECT,226.4924,True
5,4,Reporting,28,Q14,SELECT,224.6485,True
5,4,Reporting,29,Q1,SELECT,1637.6038,True
5,5,Reporting,0,Q12,SELECT,1053.0169,True
5,5,Reporting,1,Q1,SELECT,1716.4589,True
5,5,Reporting,2,Q14,SELECT,246.0982,True
5,5,Reporting,3,U_orders,UPDATE,0.9666,True
5,5,Reporting,4,Q14,SELECT,236.8341,True
5,5,Reporting,5,Q14,SELECT,229.4437,True
5,5,Reporting,6,U_orders,UPDATE,1.6986,True
5,5,Reporting,7,Q12,SELECT,949.349,True
5,5,Reporting,8,Q6,SELECT,511.6398,True
5,5,Reporting,9,Q6,SELECT,496.4415,True
5,5,Reporting,10,Q12,SELECT,932.1133,True
5,5,Reporting,11,Q1,SELECT,1680.3027,True
5,5,Reporting,12,U_orders,UPDATE,1.4593,True
5,5,Reporting,13,Q12,SELECT,975.9275,True
5,5,Reporting,14,Q6,SELECT,510.526,True
5,5,Reporting,15,Q6,SELECT,497.5669,True
5,5,Reporting,16,Q6,SELECT,504.2591,True
5,5,Reporting,17,U_orders,UPDATE,1.4739,True
5,5,Reporting,18,Q1,SELECT,1606.7511,True
5,5,Reporting,19,Q4,SELECT,232.9851,True
5,5,Reporting,20,Q12,SELECT,960.9758,True
5,5,Reporting,21,U_orders,UPDATE,0.8672,True
5,5,Reporting,22,Q1,SELECT,1709.0722,True
5,5,Reporting,23,Q6,SELECT,535.193,True
5,5,Reporting,24,Q14,SELECT,240.6138,True
5,5,Reporting,25,Q6,SELECT,502.9093,True
5,5,Reporting,26,Q6,SELECT,517.0706,True
5,5,Reporting,27,Q1,SELECT,1614.1935,True
5,5,Reporting,28,Q4,SELECT,236.4588,True
5,5,Reporting,29,U_orders,UPDATE,0.8491,True
5,6,Reporting,0,Q1,SELECT,1662.3991,True
5,6,Reporting,1,Q14,SELECT,241.378,True
5,6,Reporting,2,Q6,SELECT,511.7801,True
5,6,Reporting,3,Q6,SELECT,491.2387,True
5,6,Reporting,4,U_orders,UPDATE,1.6553,True
5,6,Reporting,5,Q1,SELECT,1652.8593,True
5,6,Reporting,6,Q14,SELECT,234.9608,True
5,6,Reporting,7,Q1,SELECT,1724.0016,True
5,6,Reporting,8,U_orders,UPDATE,1.3357,True
5,6,Reporting,9,U_orders,UPDATE,0.3502,True
5,6,Reporting,10,U_orders,UPDATE,0.5058,True
5,6,Reporting,11,Q6,SELECT,531.2407,True
5,6,Reporting,12,Q14,SELECT,230.8321,True
5,6,Reporting,13,Q12,SELECT,936.2138,True
5,6,Reporting,14,Q1,SELECT,1703.8705,True
5,6,Reporting,15,Q4,SELECT,235.6028,True
5,6,Reporting,16,Q1,SELECT,1736.1195,True
5,6,Reporting,17,Q1,SELECT,1813.8341,True
5,6,Reporting,18,U_orders,UPDATE,0.3693,True
5,6,Reporting,19,Q1,SELECT,1817.3813,True
5,6,Reporting,20,Q14,SELECT,233.177,True
5,6,Reporting,21,Q1,SELECT,1788.8582,True
5,6,Reporting,22,Q1,SELECT,1785.6474,True
5,6,Reporting,23,Q14,SELECT,244.8908,True
5,6,Reporting,24,Q1,SELECT,1756.6955,True
5,6,Reporting,25,Q1,SELECT,1817.2903,True
5,6,Reporting,26,Q12,SELECT,1060.0413,True
5,6,Reporting,27,Q14,SELECT,246.8884,True
5,6,Reporting,28,Q1,SELECT,1708.5707,True
5,6,Reporting,29,U_orders,UPDATE,0.5288,True
5,7,Reporting,0,U_orders,UPDATE,0.6935,True
5,7,Reporting,1,Q1,SELECT,1791.9032,True
5,7,Reporting,2,Q14,SELECT,243.3979,True
5,7,Reporting,3,Q1,SELECT,1796.5022,True
5,7,Reporting,4,Q1,SELECT,1788.5811,True
5,7,Reporting,5,Q1,SELECT,1778.7888,True
5,7,Reporting,6,Q6,SELECT,541.5702,True
5,7,Reporting,7,U_orders,UPDATE,1.3009,True
5,7,Reporting,8,Q4,SELECT,240.5118,True
5,7,Reporting,9,Q12,SELECT,1039.275,True
5,7,Reporting,10,Q14,SELECT,244.603,True
5,7,Reporting,11,Q14,SELECT,231.537,True
5,7,Reporting,12,U_orders,UPDATE,1.363,True
5,7,Reporting,13,Q1,SELECT,1677.6376,True
5,7,Reporting,14,Q1,SELECT,1754.9555,True
5,7,Reporting,15,Q14,SELECT,244.4127,True
5,7,Reporting,16,Q14,SELECT,237.4938,True
5,7,Reporting,17,Q4,SELECT,229.9102,True
5,7,Reporting,18,Q6,SELECT,505.0005,True
5,7,Reporting,19,Q6,SELECT,502.5052,True
5,7,Reporting,20,U_orders,UPDATE,1.436,True
5,7,Reporting,21,Q14,SELECT,224.5781,True
5,7,Reporting,22,Q6,SELECT,496.4193,True
5,7,Reporting,23,Q14,SELECT,224.9933,True
5,7,Reporting,24,Q14,SELECT,221.6461,True
5,7,Reporting,25,Q4,SELECT,221.6183,True
5,7,Reporting,26,U_orders,UPDATE,1.4295,True
5,7,Reporting,27,Q12,SELECT,928.7725,True
5,7,Reporting,28,Q1,SELECT,1604.1,True
5,7,Reporting,29,U_orders,UPDATE,1.4875,True
5,8,JoinHeavy,0,Q7,SELECT,419.595,True
5,8,JoinHeavy,1,Q5,SELECT,297.2062,True
5,8,JoinHeavy,2,Q5,SELECT,284.8546,True
5,8,JoinHeavy,3,Q7,SELECT,392.3405,True
5,8,JoinHeavy,4,Q10,SELECT,389.9736,True
5,8,JoinHeavy,5,Q10,SELECT,380.3601,True
5,8,JoinHeavy,6,Q10,SELECT,373.5148,True
5,8,JoinHeavy,7,Q3,SELECT,703.8707,True
5,8,JoinHeavy,8,Q5,SELECT,282.5798,True
5,8,JoinHeavy,9,Q5,SELECT,279.6196,True
5,8,JoinHeavy,10,Q7,SELECT,392.7933,True
5,8,JoinHeavy,11,Q5,SELECT,281.5098,True
5,8,JoinHeavy,12,Q5,SELECT,281.4979,True
5,8,JoinHeavy,13,Q7,SELECT,386.0269,True
5,8,JoinHeavy,14,Q10,SELECT,378.034,True
5,8,JoinHeavy,15,Q5,SELECT,280.9785,True
5,8,JoinHeavy,16,Q5,SELECT,295.5319,True
5,8,JoinHeavy,17,Q7,SELECT,387.134,True
5,8,JoinHeavy,18,Q3,SELECT,696.7647,True
5,8,JoinHeavy,19,Q5,SELECT,281.0137,True
5,8,JoinHeavy,20,Q7,SELECT,385.423,True
5,8,JoinHeavy,21,Q7,SELECT,391.6194,True
5,8,JoinHeavy,22,I_customer,INSERT,1.7499,True
5,8,JoinHeavy,23,I_customer,INSERT,0.2689,True
5,8,JoinHeavy,24,I_customer,INSERT,0.2339,True
5,8,JoinHeavy,25,I_customer,INSERT,0.2315,True
5,8,JoinHeavy,26,I_customer,INSERT,0.2419,True
5,8,JoinHeavy,27,I_customer,INSERT,0.2339,True
5,8,JoinHeavy,28,I_customer,INSERT,0.4636,True
5,8,JoinHeavy,29,I_customer,INSERT,0.183,True
5,8,JoinHeavy,30,I_customer,INSERT,0.1789,True
5,8,JoinHeavy,31,I_customer,INSERT,0.177,True
5,8,JoinHeavy,32,I_customer,INSERT,0.1859,True
5,8,JoinHeavy,33,I_customer,INSERT,0.578,True
5,8,JoinHeavy,34,I_customer,INSERT,0.1796,True
5,8,JoinHeavy,35,I_customer,INSERT,0.1803,True
5,8,JoinHeavy,36,I_customer,INSERT,0.1884,True
5,8,JoinHeavy,37,I_customer,INSERT,0.3509,True
5,8,JoinHeavy,38,I_customer,INSERT,0.1827,True
5,8,JoinHeavy,39,I_customer,INSERT,0.2248,True
5,9,JoinHeavy,0,Q7,SELECT,389.6019,True
5,9,JoinHeavy,1,Q3,SELECT,693.4881,True
5,9,JoinHeavy,2,Q3,SELECT,691.8976,True
5,9,JoinHeavy,3,Q5,SELECT,289.8389,True
5,9,JoinHeavy,4,Q5,SELECT,279.5959,True
5,9,JoinHeavy,5,Q7,SELECT,387.8357,True
5,9,JoinHeavy,6,Q5,SELECT,282.9165,True
5,9,JoinHeavy,7,Q3,SELECT,698.9213,True
5,9,JoinHeavy,8,Q7,SELECT,396.6219,True
5,9,JoinHeavy,9,Q3,SELECT,696.1222,True
5,9,JoinHeavy,10,Q5,SELECT,281.8751,True
5,9,JoinHeavy,11,Q5,SELECT,281.4421,True
5,9,JoinHeavy,12,Q5,SELECT,280.921,True
5,9,JoinHeavy,13,Q10,SELECT,383.0265,True
5,9,JoinHeavy,14,Q5,SELECT,283.4048,True
5,9,JoinHeavy,15,Q5,SELECT,281.3457,True
5,9,JoinHeavy,16,Q7,SELECT,388.927,True
5,9,JoinHeavy,17,Q3,SELECT,698.2349,True
5,9,JoinHeavy,18,Q5,SELECT,298.4489,True
5,9,JoinHeavy,19,Q10,SELECT,432.8223,True
5,9,JoinHeavy,20,Q10,SELECT,393.2905,True
5,9,JoinHeavy,21,Q18,SELECT,5785.0209,True
5,9,JoinHeavy,22,I_customer,INSERT,0.6346,True
5,9,JoinHeavy,23,I_customer,INSERT,0.1825,True
5,9,JoinHeavy,24,I_customer,INSERT,0.168,True
5,9,JoinHeavy,25,I_customer,INSERT,0.1464,True
5,9,JoinHeavy,26,I_customer,INSERT,0.1353,True
5,9,JoinHeavy,27,I_customer,INSERT,0.1358,True
5,9,JoinHeavy,28,I_customer,INSERT,0.147,True
5,9,JoinHeavy,29,I_customer,INSERT,0.1367,True
5,9,JoinHeavy,30,I_customer,INSERT,0.157,True
5,9,JoinHeavy,31,I_customer,INSERT,0.1315,True
5,9,JoinHeavy,32,I_customer,INSERT,0.1406,True
5,9,JoinHeavy,33,I_customer,INSERT,0.1614,True
5,9,JoinHeavy,34,I_customer,INSERT,0.1217,True
5,9,JoinHeavy,35,I_customer,INSERT,0.1215,True
5,9,JoinHeavy,36,I_customer,INSERT,0.1233,True
5,9,JoinHeavy,37,I_customer,INSERT,0.1235,True
5,9,JoinHeavy,38,I_customer,INSERT,0.1446,True
5,9,JoinHeavy,39,I_customer,INSERT,0.1309,True
5,10,JoinHeavy,0,Q3,SELECT,755.0938,True
5,10,JoinHeavy,1,Q3,SELECT,705.7445,True
5,10,JoinHeavy,2,Q7,SELECT,418.3077,True
5,10,JoinHeavy,3,Q3,SELECT,703.2188,True
5,10,JoinHeavy,4,Q3,SELECT,699.19,True
5,10,JoinHeavy,5,Q5,SELECT,286.4636,True
5,10,JoinHeavy,6,Q10,SELECT,381.8307,True
5,10,JoinHeavy,7,Q7,SELECT,391.3519,True
5,10,JoinHeavy,8,Q3,SELECT,701.4277,True
5,10,JoinHeavy,9,Q3,SELECT,722.9023,True
5,10,JoinHeavy,10,Q3,SELECT,722.6649,True
5,10,JoinHeavy,11,Q7,SELECT,387.7617,True
5,10,JoinHeavy,12,Q5,SELECT,284.0424,True
5,10,JoinHeavy,13,Q5,SELECT,285.2117,True
5,10,JoinHeavy,14,Q5,SELECT,284.2557,True
5,10,JoinHeavy,15,Q7,SELECT,387.4039,True
5,10,JoinHeavy,16,Q3,SELECT,694.7888,True
5,10,JoinHeavy,17,Q3,SELECT,697.7798,True
5,10,JoinHeavy,18,Q3,SELECT,702.3147,True
5,10,JoinHeavy,19,Q7,SELECT,385.5555,True
5,10,JoinHeavy,20,Q3,SELECT,697.2438,True
5,10,JoinHeavy,21,Q5,SELECT,283.2013,True
5,10,JoinHeavy,22,I_customer,INSERT,0.9592,True
5,10,JoinHeavy,23,I_customer,INSERT,0.3069,True
5,10,JoinHeavy,24,I_customer,INSERT,0.2381,True
5,10,JoinHeavy,25,I_customer,INSERT,0.2334,True
5,10,JoinHeavy,26,I_customer,INSERT,0.2561,True
5,10,JoinHeavy,27,I_customer,INSERT,0.2323,True
5,10,JoinHeavy,28,I_customer,INSERT,0.2351,True
5,10,JoinHeavy,29,I_customer,INSERT,0.2157,True
5,10,JoinHeavy,30,I_customer,INSERT,0.2209,True
5,10,JoinHeavy,31,I_customer,INSERT,0.212,True
5,10,JoinHeavy,32,I_customer,INSERT,0.2299,True
5,10,JoinHeavy,33,I_customer,INSERT,0.2706,True
5,10,JoinHeavy,34,I_customer,INSERT,0.2289,True
5,10,JoinHeavy,35,I_customer,INSERT,0.2246,True
5,10,JoinHeavy,36,I_customer,INSERT,0.2239,True
5,10,JoinHeavy,37,I_customer,INSERT,0.2154,True
5,10,JoinHeavy,38,I_customer,INSERT,0.2095,True
5,10,JoinHeavy,39,I_customer,INSERT,0.2109,True
5,11,JoinHeavy,0,Q18,SELECT,5749.5858,True
5,11,JoinHeavy,1,Q10,SELECT,478.9494,True
5,11,JoinHeavy,2,Q5,SELECT,323.34,True
5,11,JoinHeavy,3,Q5,SELECT,286.3056,True
5,11,JoinHeavy,4,Q10,SELECT,382.0568,True
5,11,JoinHeavy,5,Q7,SELECT,420.0089,True
5,11,JoinHeavy,6,Q3,SELECT,720.8355,True
5,11,JoinHeavy,7,Q10,SELECT,384.1484,True
5,11,JoinHeavy,8,Q3,SELECT,700.9925,True
5,11,JoinHeavy,9,Q3,SELECT,701.8536,True
5,11,JoinHeavy,10,Q5,SELECT,282.8242,True
5,11,JoinHeavy,11,Q3,SELECT,710.5913,True
5,11,JoinHeavy,12,Q7,SELECT,389.2277,True
5,11,JoinHeavy,13,Q10,SELECT,380.1978,True
5,11,JoinHeavy,14,Q5,SELECT,282.8441,True
5,11,JoinHeavy,15,Q18,SELECT,6048.2198,True
5,11,JoinHeavy,16,Q3,SELECT,896.0585,True
5,11,JoinHeavy,17,Q5,SELECT,318.0371,True
5,11,JoinHeavy,18,Q10,SELECT,408.0204,True
5,11,JoinHeavy,19,Q3,SELECT,721.2989,True
5,11,JoinHeavy,20,Q5,SELECT,286.3221,True
5,11,JoinHeavy,21,Q3,SELECT,711.9785,True
5,11,JoinHeavy,22,I_customer,INSERT,2.3259,True
5,11,JoinHeavy,23,I_customer,INSERT,0.3569,True
5,11,JoinHeavy,24,I_customer,INSERT,0.2623,True
5,11,JoinHeavy,25,I_customer,INSERT,0.2426,True
5,11,JoinHeavy,26,I_customer,INSERT,0.3167,True
5,11,JoinHeavy,27,I_customer,INSERT,0.2236,True
5,11,JoinHeavy,28,I_customer,INSERT,0.2199,True
5,11,JoinHeavy,29,I_customer,INSERT,0.229,True
5,11,JoinHeavy,30,I_customer,INSERT,0.2205,True
5,11,JoinHeavy,31,I_customer,INSERT,0.2135,True
5,11,JoinHeavy,32,I_customer,INSERT,0.2185,True
5,11,JoinHeavy,33,I_customer,INSERT,0.2143,True
5,11,JoinHeavy,34,I_customer,INSERT,0.217,True
5,11,JoinHeavy,35,I_customer,INSERT,0.2275,True
5,11,JoinHeavy,36,I_customer,INSERT,0.2189,True
5,11,JoinHeavy,37,I_customer,INSERT,0.2185,True
5,11,JoinHeavy,38,I_customer,INSERT,0.4894,True
5,11,JoinHeavy,39,I_customer,INSERT,0.2291,True
5,12,JoinHeavy,0,Q7,SELECT,402.024,True
5,12,JoinHeavy,1,Q5,SELECT,285.9961,True
5,12,JoinHeavy,2,Q7,SELECT,389.1142,True
5,12,JoinHeavy,3,Q3,SELECT,709.0504,True
5,12,JoinHeavy,4,Q18,SELECT,5717.5393,True
5,12,JoinHeavy,5,Q5,SELECT,347.6264,True
5,12,JoinHeavy,6,Q3,SELECT,726.7733,True
5,12,JoinHeavy,7,Q7,SELECT,402.685,True
5,12,JoinHeavy,8,Q5,SELECT,289.9736,True
5,12,JoinHeavy,9,Q3,SELECT,707.9505,True
5,12,JoinHeavy,10,Q7,SELECT,392.8813,True
5,12,JoinHeavy,11,Q18,SELECT,5786.6459,True
5,12,JoinHeavy,12,Q7,SELECT,484.2117,True
5,12,JoinHeavy,13,Q10,SELECT,417.7287,True
5,12,JoinHeavy,14,Q7,SELECT,410.774,True
5,12,JoinHeavy,15,Q5,SELECT,312.4733,True
5,12,JoinHeavy,16,Q5,SELECT,293.0437,True
5,12,JoinHeavy,17,Q18,SELECT,5962.744,True
5,12,JoinHeavy,18,Q3,SELECT,795.4185,True
5,12,JoinHeavy,19,Q10,SELECT,408.0965,True
5,12,JoinHeavy,20,Q3,SELECT,697.8625,True
5,12,JoinHeavy,21,Q10,SELECT,377.3832,True
5,12,JoinHeavy,22,I_customer,INSERT,1.601,True
5,12,JoinHeavy,23,I_customer,INSERT,0.2653,True
5,12,JoinHeavy,24,I_customer,INSERT,0.2449,True
5,12,JoinHeavy,25,I_customer,INSERT,0.2772,True
5,12,JoinHeavy,26,I_customer,INSERT,0.2274,True
5,12,JoinHeavy,27,I_customer,INSERT,0.2216,True
5,12,JoinHeavy,28,I_customer,INSERT,0.2191,True
5,12,JoinHeavy,29,I_customer,INSERT,0.2455,True
5,12,JoinHeavy,30,I_customer,INSERT,0.3105,True
5,12,JoinHeavy,31,I_customer,INSERT,0.2319,True
5,12,JoinHeavy,32,I_customer,INSERT,0.2223,True
5,12,JoinHeavy,33,I_customer,INSERT,0.2159,True
5,12,JoinHeavy,34,I_customer,INSERT,0.2113,True
5,12,JoinHeavy,35,I_customer,INSERT,0.2123,True
5,12,JoinHeavy,36,I_customer,INSERT,0.2685,True
5,12,JoinHeavy,37,I_customer,INSERT,0.2245,True
5,12,JoinHeavy,38,I_customer,INSERT,0.2071,True
5,12,JoinHeavy,39,I_customer,INSERT,0.2028,True
5,13,JoinHeavy,0,Q7,SELECT,403.368,True
5,13,JoinHeavy,1,Q3,SELECT,715.0571,True
5,13,JoinHeavy,2,Q7,SELECT,394.4127,True
5,13,JoinHeavy,3,Q5,SELECT,302.5917,True
5,13,JoinHeavy,4,Q7,SELECT,386.9388,True
5,13,JoinHeavy,5,Q5,SELECT,282.672,True
5,13,JoinHeavy,6,Q10,SELECT,382.621,True
5,13,JoinHeavy,7,Q7,SELECT,388.8596,True
5,13,JoinHeavy,8,Q3,SELECT,698.8722,True
5,13,JoinHeavy,9,Q5,SELECT,280.0307,True
5,13,JoinHeavy,10,Q3,SELECT,691.5898,True
5,13,JoinHeavy,11,Q3,SELECT,693.0086,True
5,13,JoinHeavy,12,Q10,SELECT,376.3443,True
5,13,JoinHeavy,13,Q7,SELECT,384.2447,True
5,13,JoinHeavy,14,Q7,SELECT,386.152,True
5,13,JoinHeavy,15,Q3,SELECT,697.4392,True
5,13,JoinHeavy,16,Q5,SELECT,288.0715,True
5,13,JoinHeavy,17,Q3,SELECT,696.7592,True
5,13,JoinHeavy,18,Q3,SELECT,690.7406,True
5,13,JoinHeavy,19,Q3,SELECT,691.8488,True
5,13,JoinHeavy,20,Q10,SELECT,386.9931,True
5,13,JoinHeavy,21,Q5,SELECT,282.1762,True
5,13,JoinHeavy,22,I_customer,INSERT,1.2839,True
5,13,JoinHeavy,23,I_customer,INSERT,0.2733,True
5,13,JoinHeavy,24,I_customer,INSERT,0.2419,True
5,13,JoinHeavy,25,I_customer,INSERT,0.224,True
5,13,JoinHeavy,26,I_customer,INSERT,0.2205,True
5,13,JoinHeavy,27,I_customer,INSERT,0.2258,True
5,13,JoinHeavy,28,I_customer,INSERT,0.2171,True
5,13,JoinHeavy,29,I_customer,INSERT,0.2263,True
5,13,JoinHeavy,30,I_customer,INSERT,0.2198,True
5,13,JoinHeavy,31,I_customer,INSERT,0.2188,True
5,13,JoinHeavy,32,I_customer,INSERT,0.2253,True
5,13,JoinHeavy,33,I_customer,INSERT,0.2756,True
5,13,JoinHeavy,34,I_customer,INSERT,0.2838,True
5,13,JoinHeavy,35,I_customer,INSERT,0.2281,True
5,13,JoinHeavy,36,I_customer,INSERT,0.2163,True
5,13,JoinHeavy,37,I_customer,INSERT,0.2184,True
5,13,JoinHeavy,38,I_customer,INSERT,0.2015,True
5,13,JoinHeavy,39,I_customer,INSERT,0.2252,True
5,14,JoinHeavy,0,Q5,SELECT,286.6377,True
5,14,JoinHeavy,1,Q3,SELECT,693.6086,True
5,14,JoinHeavy,2,Q3,SELECT,693.6107,True
5,14,JoinHeavy,3,Q3,SELECT,694.9312,True
5,14,JoinHeavy,4,Q18,SELECT,6082.0885,True
5,14,JoinHeavy,5,Q7,SELECT,446.1245,True
5,14,JoinHeavy,6,Q10,SELECT,403.8513,True
5,14,JoinHeavy,7,Q10,SELECT,384.5965,True
5,14,JoinHeavy,8,Q18,SELECT,5826.716,True
5,14,JoinHeavy,9,Q18,SELECT,5754.8022,True
5,14,JoinHeavy,10,Q5,SELECT,352.1441,True
5,14,JoinHeavy,11,Q10,SELECT,416.687,True
5,14,JoinHeavy,12,Q5,SELECT,292.7051,True
5,14,JoinHeavy,13,Q18,SELECT,5659.5791,True
5,14,JoinHeavy,14,Q7,SELECT,436.3584,True
5,14,JoinHeavy,15,Q3,SELECT,709.6757,True
5,14,JoinHeavy,16,Q10,SELECT,387.0359,True
5,14,JoinHeavy,17,Q10,SELECT,386.8674,True
5,14,JoinHeavy,18,Q3,SELECT,707.3218,True
5,14,JoinHeavy,19,Q3,SELECT,723.1839,True
5,14,JoinHeavy,20,Q3,SELECT,719.1651,True
5,14,JoinHeavy,21,Q7,SELECT,393.2946,True
5,14,JoinHeavy,22,I_customer,INSERT,2.371,True
5,14,JoinHeavy,23,I_customer,INSERT,0.3522,True
5,14,JoinHeavy,24,I_customer,INSERT,0.3269,True
5,14,JoinHeavy,25,I_customer,INSERT,0.2605,True
5,14,JoinHeavy,26,I_customer,INSERT,0.2715,True
5,14,JoinHeavy,27,I_customer,INSERT,0.228,True
5,14,JoinHeavy,28,I_customer,INSERT,0.3027,True
5,14,JoinHeavy,29,I_customer,INSERT,0.2742,True
5,14,JoinHeavy,30,I_customer,INSERT,0.1693,True
5,14,JoinHeavy,31,I_customer,INSERT,0.1805,True
5,14,JoinHeavy,32,I_customer,INSERT,0.1635,True
5,14,JoinHeavy,33,I_customer,INSERT,0.192,True
5,14,JoinHeavy,34,I_customer,INSERT,0.1704,True
5,14,JoinHeavy,35,I_customer,INSERT,0.1865,True
5,14,JoinHeavy,36,I_customer,INSERT,0.1723,True
5,14,JoinHeavy,37,I_customer,INSERT,0.1806,True
5,14,JoinHeavy,38,I_customer,INSERT,0.2099,True
5,14,JoinHeavy,39,I_customer,INSERT,0.1691,True
5,15,JoinHeavy,0,Q7,SELECT,394.1121,True
5,15,JoinHeavy,1,Q7,SELECT,391.966,True
5,15,JoinHeavy,2,Q3,SELECT,708.6862,True
5,15,JoinHeavy,3,Q3,SELECT,708.1927,True
5,15,JoinHeavy,4,Q5,SELECT,281.5773,True
5,15,JoinHeavy,5,Q3,SELECT,711.2736,True
5,15,JoinHeavy,6,Q7,SELECT,384.9775,True
5,15,JoinHeavy,7,Q7,SELECT,416.6925,True
5,15,JoinHeavy,8,Q5,SELECT,289.5988,True
5,15,JoinHeavy,9,Q3,SELECT,713.3202,True
5,15,JoinHeavy,10,Q3,SELECT,730.6463,True
5,15,JoinHeavy,11,Q10,SELECT,384.311,True
5,15,JoinHeavy,12,Q5,SELECT,290.182,True
5,15,JoinHeavy,13,Q3,SELECT,727.3693,True
5,15,JoinHeavy,14,Q5,SELECT,292.4851,True
5,15,JoinHeavy,15,Q7,SELECT,385.3229,True
5,15,JoinHeavy,16,Q3,SELECT,703.3745,True
5,15,JoinHeavy,17,Q5,SELECT,272.1711,True
5,15,JoinHeavy,18,Q5,SELECT,284.6521,True
5,15,JoinHeavy,19,Q18,SELECT,6020.6319,True
5,15,JoinHeavy,20,Q5,SELECT,369.0877,True
5,15,JoinHeavy,21,Q10,SELECT,423.2994,True
5,15,JoinHeavy,22,I_customer,INSERT,0.8254,True
5,15,JoinHeavy,23,I_customer,INSERT,0.2511,True
5,15,JoinHeavy,24,I_customer,INSERT,0.2283,True
5,15,JoinHeavy,25,I_customer,INSERT,0.2485,True
5,15,JoinHeavy,26,I_customer,INSERT,0.2678,True
5,15,JoinHeavy,27,I_customer,INSERT,0.2201,True
5,15,JoinHeavy,28,I_customer,INSERT,0.2148,True
5,15,JoinHeavy,29,I_customer,INSERT,0.2144,True
5,15,JoinHeavy,30,I_customer,INSERT,0.2145,True
5,15,JoinHeavy,31,I_customer,INSERT,0.2166,True
5,15,JoinHeavy,32,I_customer,INSERT,0.2693,True
5,15,JoinHeavy,33,I_customer,INSERT,0.2231,True
5,15,JoinHeavy,34,I_customer,INSERT,0.2115,True
5,15,JoinHeavy,35,I_customer,INSERT,0.2072,True
5,15,JoinHeavy,36,I_customer,INSERT,0.2153,True
5,15,JoinHeavy,37,I_customer,INSERT,0.2275,True
5,15,JoinHeavy,38,I_customer,INSERT,0.2202,True
5,15,JoinHeavy,39,I_customer,INSERT,0.2197,True
5,16,Procurement,0,D_orders,DELETE,0.3164,True
5,16,Procurement,1,D_orders,DELETE,0.1515,True
5,16,Procurement,2,D_orders,DELETE,0.1348,True
5,16,Procurement,3,D_orders,DELETE,0.1033,True
5,16,Procurement,4,Q17,SELECT,3914.4284,True
5,16,Procurement,5,Q6,SELECT,531.0823,True
5,16,Procurement,6,Q17,SELECT,3780.8927,True
5,16,Procurement,7,Q6,SELECT,519.0023,True
5,16,Procurement,8,Q11,SELECT,149.0726,True
5,16,Procurement,9,Q6,SELECT,513.0364,True
5,16,Procurement,10,Q17,SELECT,3739.8063,True
5,16,Procurement,11,Q11,SELECT,140.1921,True
5,16,Procurement,12,Q17,SELECT,3674.083,True
5,16,Procurement,13,Q11,SELECT,139.045,True
5,16,Procurement,14,Q17,SELECT,3782.5307,True
5,16,Procurement,15,Q17,SELECT,3755.5135,True
5,16,Procurement,16,Q11,SELECT,145.5002,True
5,16,Procurement,17,Q1,SELECT,1539.3013,True
5,16,Procurement,18,Q6,SELECT,511.5474,True
5,16,Procurement,19,Q11,SELECT,140.6873,True
5,16,Procurement,20,Q14,SELECT,225.9869,True
5,16,Procurement,21,Q17,SELECT,3742.2059,True
5,16,Procurement,22,Q6,SELECT,519.0665,True
5,16,Procurement,23,Q6,SELECT,499.165,True
5,16,Procurement,24,Q1,SELECT,1542.5164,True
5,17,Procurement,0,D_orders,DELETE,0.5694,True
5,17,Procurement,1,D_orders,DELETE,0.1964,True
5,17,Procurement,2,D_orders,DELETE,0.1736,True
5,17,Procurement,3,D_orders,DELETE,0.8043,True
5,17,Procurement,4,Q17,SELECT,3709.0739,True
5,17,Procurement,5,Q11,SELECT,143.024,True
5,17,Procurement,6,Q14,SELECT,226.4655,True
5,17,Procurement,7,Q11,SELECT,140.5586,True
5,17,Procurement,8,Q11,SELECT,138.9669,True
5,17,Procurement,9,Q6,SELECT,506.0864,True
5,17,Procurement,10,Q6,SELECT,499.2883,True
5,17,Procurement,11,Q11,SELECT,137.3626,True
5,17,Procurement,12,Q6,SELECT,502.0534,True
5,17,Procurement,13,Q14,SELECT,219.0315,True
5,17,Procurement,14,Q17,SELECT,3787.4034,True
5,17,Procurement,15,Q17,SELECT,3717.8547,True
5,17,Procurement,16,Q11,SELECT,145.3795,True
5,17,Procurement,17,Q17,SELECT,3797.3395,True
5,17,Procurement,18,Q11,SELECT,139.2268,True
5,17,Procurement,19,Q17,SELECT,3725.3041,True
5,17,Procurement,20,Q17,SELECT,3758.5471,True
5,17,Procurement,21,Q14,SELECT,233.8881,True
5,17,Procurement,22,Q6,SELECT,517.3086,True
5,17,Procurement,23,Q14,SELECT,232.1783,True
5,17,Procurement,24,Q17,SELECT,3785.6427,True
5,18,Procurement,0,D_orders,DELETE,0.8318,True
5,18,Procurement,1,D_orders,DELETE,0.5148,True
5,18,Procurement,2,D_orders,DELETE,0.1613,True
5,18,Procurement,3,D_orders,DELETE,0.2112,True
5,18,Procurement,4,Q14,SELECT,234.437,True
5,18,Procurement,5,Q1,SELECT,1570.3538,True
5,18,Procurement,6,Q6,SELECT,507.7792,True
5,18,Procurement,7,Q11,SELECT,150.653,True
5,18,Procurement,8,Q11,SELECT,139.2421,True
5,18,Procurement,9,Q1,SELECT,1640.8969,True
5,18,Procurement,10,Q17,SELECT,3722.9173,True
5,18,Procurement,11,Q6,SELECT,507.4654,True
5,18,Procurement,12,Q6,SELECT,499.1773,True
5,18,Procurement,13,Q14,SELECT,223.6168,True
5,18,Procurement,14,Q6,SELECT,500.682,True
5,18,Procurement,15,Q1,SELECT,1539.566,True
5,18,Procurement,16,Q11,SELECT,150.2858,True
5,18,Procurement,17,Q11,SELECT,147.6784,True
5,18,Procurement,18,Q11,SELECT,146.4483,True
5,18,Procurement,19,Q11,SELECT,144.867,True
5,18,Procurement,20,Q6,SELECT,505.2433,True
5,18,Procurement,21,Q1,SELECT,1654.7505,True
5,18,Procurement,22,Q17,SELECT,3802.2712,True
5,18,Procurement,23,Q17,SELECT,3812.1795,True
5,18,Procurement,24,Q11,SELECT,139.8803,True
5,19,Procurement,0,D_orders,DELETE,0.4928,True
5,19,Procurement,1,D_orders,DELETE,1.859,True
5,19,Procurement,2,D_orders,DELETE,0.1711,True
5,19,Procurement,3,D_orders,DELETE,0.1466,True
5,19,Procurement,4,Q1,SELECT,1605.7581,True
5,19,Procurement,5,Q11,SELECT,150.0135,True
5,19,Procurement,6,Q11,SELECT,149.7728,True
5,19,Procurement,7,Q17,SELECT,3807.5664,True
5,19,Procurement,8,Q11,SELECT,142.8871,True
5,19,Procurement,9,Q11,SELECT,139.6717,True
5,19,Procurement,10,Q6,SELECT,518.6226,True
5,19,Procurement,11,Q6,SELECT,509.6693,True
5,19,Procurement,12,Q1,SELECT,1603.009,True
5,19,Procurement,13,Q11,SELECT,149.383,True
5,19,Procurement,14,Q6,SELECT,523.3236,True
5,19,Procurement,15,Q11,SELECT,140.7588,True
5,19,Procurement,16,Q14,SELECT,227.3865,True
5,19,Procurement,17,Q11,SELECT,138.463,True
5,19,Procurement,18,Q17,SELECT,3798.0952,True
5,19,Procurement,19,Q11,SELECT,142.4856,True
5,19,Procurement,20,Q17,SELECT,3759.3623,True
5,19,Procurement,21,Q17,SELECT,3691.0359,True
5,19,Procurement,22,Q11,SELECT,138.987,True
5,19,Procurement,23,Q11,SELECT,139.1378,True
5,19,Procurement,24,Q17,SELECT,3653.082,True
5,20,Procurement,0,D_orders,DELETE,0.6979,True
5,20,Procurement,1,D_orders,DELETE,0.5164,True
5,20,Procurement,2,D_orders,DELETE,0.1644,True
5,20,Procurement,3,D_orders,DELETE,0.2841,True
5,20,Procurement,4,Q11,SELECT,138.6158,True
5,20,Procurement,5,Q11,SELECT,137.338,True
5,20,Procurement,6,Q11,SELECT,146.4574,True
5,20,Procurement,7,Q11,SELECT,141.8361,True
5,20,Procurement,8,Q6,SELECT,505.6248,True
5,20,Procurement,9,Q6,SELECT,505.2904,True
5,20,Procurement,10,Q6,SELECT,502.7271,True
5,20,Procurement,11,Q17,SELECT,3845.7812,True
5,20,Procurement,12,Q1,SELECT,1555.238,True
5,20,Procurement,13,Q6,SELECT,519.1206,True
5,20,Procurement,14,Q11,SELECT,143.3404,True
5,20,Procurement,15,Q11,SELECT,137.5893,True
5,20,Procurement,16,Q11,SELECT,138.2028,True
5,20,Procurement,17,Q17,SELECT,3827.0287,True
5,20,Procurement,18,Q17,SELECT,3783.8056,True
5,20,Procurement,19,Q17,SELECT,3882.0122,True
5,20,Procurement,20,Q11,SELECT,144.6451,True
5,20,Procurement,21,Q1,SELECT,1536.8335,True
5,20,Procurement,22,Q11,SELECT,139.4005,True
5,20,Procurement,23,Q6,SELECT,517.1459,True
5,20,Procurement,24,Q11,SELECT,138.6967,True
5,21,Procurement,0,D_orders,DELETE,0.5708,True
5,21,Procurement,1,D_orders,DELETE,0.2022,True
5,21,Procurement,2,D_orders,DELETE,0.1388,True
5,21,Procurement,3,D_orders,DELETE,0.1747,True
5,21,Procurement,4,Q6,SELECT,510.4601,True
5,21,Procurement,5,Q6,SELECT,502.2629,True
5,21,Procurement,6,Q17,SELECT,3814.0663,True
5,21,Procurement,7,Q11,SELECT,141.0449,True
5,21,Procurement,8,Q6,SELECT,516.6415,True
5,21,Procurement,9,Q14,SELECT,232.4559,True
5,21,Procurement,10,Q14,SELECT,230.0699,True
5,21,Procurement,11,Q6,SELECT,506.7071,True
5,21,Procurement,12,Q1,SELECT,1543.8885,True
5,21,Procurement,13,Q11,SELECT,138.8169,True
5,21,Procurement,14,Q14,SELECT,226.4592,True
5,21,Procurement,15,Q1,SELECT,1615.9138,True
5,21,Procurement,16,Q6,SELECT,524.0366,True
5,21,Procurement,17,Q11,SELECT,139.705,True
5,21,Procurement,18,Q17,SELECT,3855.3309,True
5,21,Procurement,19,Q11,SELECT,142.8205,True
5,21,Procurement,20,Q17,SELECT,3790.4606,True
5,21,Procurement,21,Q11,SELECT,147.046,True
5,21,Procurement,22,Q17,SELECT,3749.093,True
5,21,Procurement,23,Q17,SELECT,3688.678,True
5,21,Procurement,24,Q14,SELECT,231.4647,True
5,22,Procurement,0,D_orders,DELETE,0.645,True
5,22,Procurement,1,D_orders,DELETE,0.1985,True
5,22,Procurement,2,D_orders,DELETE,0.1685,True
5,22,Procurement,3,D_orders,DELETE,0.1543,True
5,22,Procurement,4,Q6,SELECT,508.0318,True
5,22,Procurement,5,Q17,SELECT,3727.9575,True
5,22,Procurement,6,Q14,SELECT,229.9987,True
5,22,Procurement,7,Q11,SELECT,139.8492,True
5,22,Procurement,8,Q14,SELECT,228.0564,True
5,22,Procurement,9,Q6,SELECT,506.3733,True
5,22,Procurement,10,Q17,SELECT,3706.333,True
5,22,Procurement,11,Q17,SELECT,3836.382,True
5,22,Procurement,12,Q6,SELECT,512.3843,True
5,22,Procurement,13,Q17,SELECT,3799.7423,True
5,22,Procurement,14,Q14,SELECT,235.959,True
5,22,Procurement,15,Q17,SELECT,3740.0697,True
5,22,Procurement,16,Q6,SELECT,513.2837,True
5,22,Procurement,17,Q17,SELECT,3730.4686,True
5,22,Procurement,18,Q1,SELECT,1540.847,True
5,22,Procurement,19,Q1,SELECT,1649.8922,True
5,22,Procurement,20,Q6,SELECT,526.9814,True
5,22,Procurement,21,Q17,SELECT,3751.7149,True
5,22,Procurement,22,Q11,SELECT,155.0845,True
5,22,Procurement,23,Q11,SELECT,141.2983,True
5,22,Procurement,24,Q11,SELECT,139.4848,True
5,23,Procurement,0,D_orders,DELETE,2.2275,True
5,23,Procurement,1,D_orders,DELETE,0.3047,True
5,23,Procurement,2,D_orders,DELETE,0.2233,True
5,23,Procurement,3,D_orders,DELETE,0.1713,True
5,23,Procurement,4,Q11,SELECT,139.9916,True
5,23,Procurement,5,Q1,SELECT,1663.0668,True
5,23,Procurement,6,Q17,SELECT,3867.0865,True
5,23,Procurement,7,Q6,SELECT,524.4536,True
5,23,Procurement,8,Q14,SELECT,230.7806,True
5,23,Procurement,9,Q6,SELECT,508.3723,True
5,23,Procurement,10,Q14,SELECT,224.0151,True
5,23,Procurement,11,Q6,SELECT,498.9168,True
5,23,Procurement,12,Q1,SELECT,1555.91,True
5,23,Procurement,13,Q17,SELECT,3825.6746,True
5,23,Procurement,14,Q1,SELECT,1635.6583,True
5,23,Procurement,15,Q17,SELECT,3824.3941,True
5,23,Procurement,16,Q11,SELECT,146.8649,True
5,23,Procurement,17,Q17,SELECT,3852.7215,True
5,23,Procurement,18,Q14,SELECT,238.224,True
5,23,Procurement,19,Q6,SELECT,514.9705,True
5,23,Procurement,20,Q11,SELECT,139.4245,True
5,23,Procurement,21,Q6,SELECT,503.7106,True
5,23,Procurement,22,Q17,SELECT,3698.1914,True
5,23,Procurement,23,Q6,SELECT,502.8673,True
5,23,Procurement,24,Q11,SELECT,137.7605,True
5,24,Customer,0,Q18,SELECT,5736.6544,True
5,24,Customer,1,U_customer,UPDATE,1.3817,True
5,24,Customer,2,Q3,SELECT,721.4976,True
5,24,Customer,3,U_customer,UPDATE,1.528,True
5,24,Customer,4,Q10,SELECT,394.5248,True
5,24,Customer,5,U_customer,UPDATE,0.8147,True
5,24,Customer,6,Q3,SELECT,708.3528,True
5,24,Customer,7,U_customer,UPDATE,1.3865,True
5,24,Customer,8,Q3,SELECT,702.5346,True
5,24,Customer,9,U_customer,UPDATE,1.4661,True
5,24,Customer,10,Q3,SELECT,698.2477,True
5,24,Customer,11,U_customer,UPDATE,1.3385,True
5,24,Customer,12,Q7,SELECT,393.2988,True
5,24,Customer,13,U_customer,UPDATE,1.618,True
5,24,Customer,14,Q18,SELECT,5728.3083,True
5,24,Customer,15,U_customer,UPDATE,1.2817,True
5,24,Customer,16,Q10,SELECT,464.5136,True
5,24,Customer,17,U_customer,UPDATE,1.407,True
5,24,Customer,18,Q10,SELECT,385.9192,True
5,24,Customer,19,U_customer,UPDATE,1.5517,True
5,25,Customer,0,Q7,SELECT,440.7275,True
5,25,Customer,1,U_customer,UPDATE,1.1698,True
5,25,Customer,2,Q10,SELECT,380.3077,True
5,25,Customer,3,U_customer,UPDATE,1.4026,True
5,25,Customer,4,Q3,SELECT,724.5672,True
5,25,Customer,5,U_customer,UPDATE,1.217,True
5,25,Customer,6,Q3,SELECT,698.8461,True
5,25,Customer,7,U_customer,UPDATE,0.7208,True
5,25,Customer,8,Q3,SELECT,703.2701,True
5,25,Customer,9,U_customer,UPDATE,0.8186,True
5,25,Customer,10,Q3,SELECT,705.4876,True
5,25,Customer,11,U_customer,UPDATE,0.373,True
5,25,Customer,12,Q7,SELECT,387.7863,True
5,25,Customer,13,U_customer,UPDATE,0.794,True
5,25,Customer,14,Q3,SELECT,699.4898,True
5,25,Customer,15,U_customer,UPDATE,0.8196,True
5,25,Customer,16,Q5,SELECT,286.767,True
5,25,Customer,17,U_customer,UPDATE,1.9152,True
5,25,Customer,18,Q10,SELECT,377.62,True
5,25,Customer,19,U_customer,UPDATE,0.5049,True
5,26,Customer,0,Q3,SELECT,706.4005,True
5,26,Customer,1,U_customer,UPDATE,0.8035,True
5,26,Customer,2,Q3,SELECT,698.8519,True
5,26,Customer,3,U_customer,UPDATE,0.9639,True
5,26,Customer,4,Q3,SELECT,705.7061,True
5,26,Customer,5,U_customer,UPDATE,0.7562,True
5,26,Customer,6,Q10,SELECT,377.0142,True
5,26,Customer,7,U_customer,UPDATE,1.3516,True
5,26,Customer,8,Q18,SELECT,5612.0936,True
5,26,Customer,9,U_customer,UPDATE,1.1779,True
5,26,Customer,10,Q18,SELECT,5320.0885,True
5,26,Customer,11,U_customer,UPDATE,0.9227,True
5,26,Customer,12,Q7,SELECT,415.0487,True
5,26,Customer,13,U_customer,UPDATE,0.7336,True
5,26,Customer,14,Q18,SELECT,5644.1777,True
5,26,Customer,15,U_customer,UPDATE,1.0826,True
5,26,Customer,16,Q18,SELECT,5760.6345,True
5,26,Customer,17,U_customer,UPDATE,1.0481,True
5,26,Customer,18,Q18,SELECT,5530.0892,True
5,26,Customer,19,U_customer,UPDATE,1.5318,True
5,27,Customer,0,Q10,SELECT,444.6412,True
5,27,Customer,1,U_customer,UPDATE,1.534,True
5,27,Customer,2,Q5,SELECT,300.71,True
5,27,Customer,3,U_customer,UPDATE,1.3698,True
5,27,Customer,4,Q10,SELECT,382.4895,True
5,27,Customer,5,U_customer,UPDATE,1.5562,True
5,27,Customer,6,Q7,SELECT,401.5255,True
5,27,Customer,7,U_customer,UPDATE,1.5934,True
5,27,Customer,8,Q18,SELECT,5537.9301,True
5,27,Customer,9,U_customer,UPDATE,1.0116,True
5,27,Customer,10,Q10,SELECT,409.5762,True
5,27,Customer,11,U_customer,UPDATE,1.2663,True
5,27,Customer,12,Q3,SELECT,723.1586,True
5,27,Customer,13,U_customer,UPDATE,3.2295,True
5,27,Customer,14,Q3,SELECT,706.9497,True
5,27,Customer,15,U_customer,UPDATE,0.7442,True
5,27,Customer,16,Q3,SELECT,695.6442,True
5,27,Customer,17,U_customer,UPDATE,0.9529,True
5,27,Customer,18,Q3,SELECT,706.0998,True
5,27,Customer,19,U_customer,UPDATE,0.684,True
5,28,Customer,0,Q3,SELECT,698.6725,True
5,28,Customer,1,U_customer,UPDATE,0.731,True
5,28,Customer,2,Q3,SELECT,695.5682,True
5,28,Customer,3,U_customer,UPDATE,1.3292,True
5,28,Customer,4,Q10,SELECT,375.7842,True
5,28,Customer,5,U_customer,UPDATE,1.3971,True
5,28,Customer,6,Q3,SELECT,696.2419,True
5,28,Customer,7,U_customer,UPDATE,1.4085,True
5,28,Customer,8,Q3,SELECT,694.7578,True
5,28,Customer,9,U_customer,UPDATE,0.7082,True
5,28,Customer,10,Q18,SELECT,5774.6618,True
5,28,Customer,11,U_customer,UPDATE,1.2935,True
5,28,Customer,12,Q18,SELECT,5844.83,True
5,28,Customer,13,U_customer,UPDATE,1.4742,True
5,28,Customer,14,Q18,SELECT,5691.2801,True
5,28,Customer,15,U_customer,UPDATE,1.0708,True
5,28,Customer,16,Q5,SELECT,316.3155,True
5,28,Customer,17,U_customer,UPDATE,2.9665,True
5,28,Customer,18,Q7,SELECT,407.145,True
5,28,Customer,19,U_customer,UPDATE,4.959,True
5,29,Customer,0,Q3,SELECT,711.1739,True
5,29,Customer,1,U_customer,UPDATE,0.87,True
5,29,Customer,2,Q3,SELECT,704.5338,True
5,29,Customer,3,U_customer,UPDATE,0.8323,True
5,29,Customer,4,Q18,SELECT,5491.1016,True
5,29,Customer,5,U_customer,UPDATE,0.8167,True
5,29,Customer,6,Q18,SELECT,5533.7143,True
5,29,Customer,7,U_customer,UPDATE,1.0735,True
5,29,Customer,8,Q10,SELECT,406.3433,True
5,29,Customer,9,U_customer,UPDATE,1.5274,True
5,29,Customer,10,Q3,SELECT,710.8958,True
5,29,Customer,11,U_customer,UPDATE,1.2536,True
5,29,Customer,12,Q18,SELECT,5660.5098,True
5,29,Customer,13,U_customer,UPDATE,1.0667,True
5,29,Customer,14,Q10,SELECT,437.5791,True
5,29,Customer,15,U_customer,UPDATE,0.5826,True
5,29,Customer,16,Q18,SELECT,5699.4166,True
5,29,Customer,17,U_customer,UPDATE,0.8524,True
5,29,Customer,18,Q3,SELECT,770.1132,True
5,29,Customer,19,U_customer,UPDATE,1.5038,True
5,30,Customer,0,Q18,SELECT,5482.972,True
5,30,Customer,1,U_customer,UPDATE,1.4335,True
5,30,Customer,2,Q3,SELECT,747.339,True
5,30,Customer,3,U_customer,UPDATE,0.6187,True
5,30,Customer,4,Q10,SELECT,394.3035,True
5,30,Customer,5,U_customer,UPDATE,1.4586,True
5,30,Customer,6,Q10,SELECT,380.7777,True
5,30,Customer,7,U_customer,UPDATE,1.5463,True
5,30,Customer,8,Q3,SELECT,699.3554,True
5,30,Customer,9,U_customer,UPDATE,1.3323,True
5,30,Customer,10,Q5,SELECT,309.9126,True
5,30,Customer,11,U_customer,UPDATE,1.2266,True
5,30,Customer,12,Q10,SELECT,376.9513,True
5,30,Customer,13,U_customer,UPDATE,0.6825,True
5,30,Customer,14,Q5,SELECT,282.0497,True
5,30,Customer,15,U_customer,UPDATE,1.2962,True
5,30,Customer,16,Q7,SELECT,390.7133,True
5,30,Customer,17,U_customer,UPDATE,1.282,True
5,30,Customer,18,Q10,SELECT,377.3973,True
5,30,Customer,19,U_customer,UPDATE,0.7004,True
5,31,Customer,0,Q10,SELECT,373.1134,True
5,31,Customer,1,U_customer,UPDATE,1.4343,True
5,31,Customer,2,Q5,SELECT,282.6358,True
5,31,Customer,3,U_customer,UPDATE,1.4364,True
5,31,Customer,4,Q18,SELECT,5503.0472,True
5,31,Customer,5,U_customer,UPDATE,1.0981,True
5,31,Customer,6,Q10,SELECT,424.2,True
5,31,Customer,7,U_customer,UPDATE,2.3283,True
5,31,Customer,8,Q3,SELECT,697.5948,True
5,31,Customer,9,U_customer,UPDATE,0.9287,True
5,31,Customer,10,Q18,SELECT,5509.6633,True
5,31,Customer,11,U_customer,UPDATE,0.5979,True
5,31,Customer,12,Q18,SELECT,5795.298,True
5,31,Customer,13,U_customer,UPDATE,0.6133,True
5,31,Customer,14,Q18,SELECT,5797.4912,True
5,31,Customer,15,U_customer,UPDATE,0.4935,True
5,31,Customer,16,Q7,SELECT,420.9264,True
5,31,Customer,17,U_customer,UPDATE,0.7644,True
5,31,Customer,18,Q10,SELECT,392.0544,True
5,31,Customer,19,U_customer,UPDATE,1.4676,True
