run,window,phase,seq,query,op_type,exec_ms,ok
1,0,Reporting,0,Q14,SELECT,24.4984,True
1,0,Reporting,1,Q1,SELECT,66.2517,True
1,0,Reporting,2,Q1,SELECT,66.5558,True
1,0,Reporting,3,U_orders,UPDATE,0.7727,True
1,0,Reporting,4,Q14,SELECT,21.641,True
1,0,Reporting,5,U_orders,UPDATE,0.3559,True
1,0,Reporting,6,Q4,SELECT,6.7908,True
1,0,Reporting,7,Q1,SELECT,68.691,True
1,0,Reporting,8,Q14,SELECT,22.0217,True
1,0,Reporting,9,Q14,SELECT,21.4548,True
1,0,Reporting,10,Q6,SELECT,10.9191,True
1,0,Reporting,11,Q1,SELECT,69.2049,True
1,0,Reporting,12,Q4,SELECT,6.5404,True
1,0,Reporting,13,Q1,SELECT,77.938,True
1,0,Reporting,14,Q14,SELECT,21.9555,True
1,0,Reporting,15,Q1,SELECT,73.5559,True
1,0,Reporting,16,Q1,SELECT,65.8666,True
1,0,Reporting,17,U_orders,UPDATE,0.7035,True
1,0,Reporting,18,Q14,SELECT,21.3291,True
1,0,Reporting,19,Q6,SELECT,10.54,True
1,0,Reporting,20,U_orders,UPDATE,0.3254,True
1,0,Reporting,21,Q14,SELECT,21.1103,True
1,0,Reporting,22,Q14,SELECT,21.3028,True
1,0,Reporting,23,Q1,SELECT,66.2791,True
1,0,Reporting,24,Q1,SELECT,69.1591,True
1,0,Reporting,25,U_orders,UPDATE,1.0589,True
1,0,Reporting,26,Q6,SELECT,10.5328,True
1,0,Reporting,27,Q6,SELECT,10.6608,True
1,0,Reporting,28,Q14,SELECT,17.587,True
1,0,Reporting,29,U_orders,UPDATE,0.6713,True
1,1,Reporting,0,U_orders,UPDATE,0.3443,True
1,1,Reporting,1,Q12,SELECT,13.2878,True
1,1,Reporting,2,Q1,SELECT,72.4686,True
1,1,Reporting,3,Q12,SELECT,14.7503,True
1,1,Reporting,4,U_orders,UPDATE,0.603,True
1,1,Reporting,5,Q1,SELECT,70.4483,True
1,1,Reporting,6,U_orders,UPDATE,0.7156,True
1,1,Reporting,7,Q6,SELECT,10.4324,True
1,1,Reporting,8,Q6,SELECT,9.9621,True
1,1,Reporting,9,Q14,SELECT,16.9291,True
1,1,Reporting,10,Q6,SELECT,10.4933,True
1,1,Reporting,11,Q6,SELECT,10.2717,True
1,1,Reporting,12,Q12,SELECT,12.4234,True
1,1,Reporting,13,Q6,SELECT,10.019,True
1,1,Reporting,14,Q14,SELECT,16.6138,True
1,1,Reporting,15,Q1,SELECT,67.4315,True
1,1,Reporting,16,Q6,SELECT,10.2234,True
1,1,Reporting,17,Q1,SELECT,69.0008,True
1,1,Reporting,18,Q14,SELECT,16.4217,True
1,1,Reporting,19,U_orders,UPDATE,0.6236,True
1,1,Reporting,20,U_orders,UPDATE,0.2469,True
1,1,Reporting,21,Q1,SELECT,68.146,True
1,1,Reporting,22,Q6,SELECT,10.2306,True
1,1,Reporting,23,Q14,SELECT,10.5782,True
1,1,Reporting,24,Q14,SELECT,10.3212,True
1,1,Reporting,25,Q1,SELECT,66.6799,True
1,1,Reporting,26,Q12,SELECT,13.0489,True
1,1,Reporting,27,U_orders,UPDATE,1.1207,True
1,1,Reporting,28,Q6,SELECT,10.6278,True
1,1,Reporting,29,Q1,SELECT,74.1363,True
1,2,Reporting,0,Q12,SELECT,13.3099,True
1,2,Reporting,1,U_orders,UPDATE,0.6991,True
1,2,Reporting,2,Q1,SELECT,72.7299,True
1,2,Reporting,3,U_orders,UPDATE,0.6764,True
1,2,Reporting,4,Q4,SELECT,16.4006,True
1,2,Reporting,5,Q14,SELECT,10.6514,True
1,2,Reporting,6,Q1,SELECT,75.9047,True
1,2,Reporting,7,Q12,SELECT,15.7738,True
1,2,Reporting,8,Q12,SELECT,15.0266,True
1,2,Reporting,9,Q12,SELECT,15.2069,True
1,2,Reporting,10,Q1,SELECT,28.29,True
1,2,Reporting,11,Q12,SELECT,15.583,True
1,2,Reporting,12,Q6,SELECT,9.5664,True
1,2,Reporting,13,Q6,SELECT,9.2185,True
1,2,Reporting,14,Q4,SELECT,10.5432,True
1,2,Reporting,15,U_orders,UPDATE,0.61,True
1,2,Reporting,16,Q4,SELECT,10.9111,True
1,2,Reporting,17,Q1,SELECT,26.6003,True
1,2,Reporting,18,U_orders,UPDATE,0.4143,True
1,2,Reporting,19,Q6,SELECT,9.5297,True
1,2,Reporting,20,Q12,SELECT,15.28,True
1,2,Reporting,21,Q14,SELECT,9.9084,True
1,2,Reporting,22,Q1,SELECT,27.7559,True
1,2,Reporting,23,U_orders,UPDATE,0.7348,True
1,2,Reporting,24,Q6,SELECT,9.9639,True
1,2,Reporting,25,Q1,SELECT,29.2646,True
1,2,Reporting,26,Q1,SELECT,28.4196,True
1,2,Reporting,27,Q1,SELECT,28.4801,True
1,2,Reporting,28,U_orders,UPDATE,0.5355,True
1,2,Reporting,29,Q1,SELECT,29.0354,True
1,3,Reporting,0,Q14,SELECT,10.4756,True
1,3,Reporting,1,U_orders,UPDATE,0.3056,True
1,3,Reporting,2,Q1,SELECT,28.7571,True
1,3,Reporting,3,Q1,SELECT,29.333,True
1,3,Reporting,4,U_orders,UPDATE,0.6223,True
1,3,Reporting,5,Q6,SELECT,9.8694,True
1,3,Reporting,6,Q1,SELECT,28.3899,True
1,3,Reporting,7,Q14,SELECT,10.4227,True
1,3,Reporting,8,Q12,SELECT,16.1384,True
1,3,Reporting,9,Q12,SELECT,15.7734,True
1,3,Reporting,10,Q14,SELECT,10.0466,True
1,3,Reporting,11,Q1,SELECT,26.8867,True
1,3,Reporting,12,Q6,SELECT,10.0411,True
1,3,Reporting,13,Q14,SELECT,10.0911,True
1,3,Reporting,14,Q6,SELECT,9.4125,True
1,3,Reporting,15,U_orders,UPDATE,0.6636,True
1,3,Reporting,16,Q1,SELECT,27.4582,True
1,3,Reporting,17,Q14,SELECT,10.297,True
1,3,Reporting,18,U_orders,UPDATE,0.3399,True
1,3,Reporting,19,Q6,SELECT,10.1158,True
1,3,Reporting,20,U_orders,UPDATE,0.3851,True
1,3,Reporting,21,Q1,SELECT,27.9627,True
1,3,Reporting,22,Q1,SELECT,28.0821,True
1,3,Reporting,23,Q1,SELECT,27.7198,True
1,3,Reporting,24,Q14,SELECT,10.3658,True
1,3,Reporting,25,Q6,SELECT,9.5087,True
1,3,Reporting,26,Q6,SELECT,9.5149,True
1,3,Reporting,27,Q14,SELECT,10.1106,True
1,3,Reporting,28,U_orders,UPDATE,0.401,True
1,3,Reporting,29,Q6,SELECT,9.5132,True
1,4,Reporting,0,Q4,SELECT,11.0086,True
1,4,Reporting,1,Q1,SELECT,27.6493,True
1,4,Reporting,2,Q1,SELECT,27.4363,True
1,4,Reporting,3,Q12,SELECT,16.1414,True
1,4,Reporting,4,U_orders,UPDATE,0.6755,True
1,4,Reporting,5,Q14,SELECT,10.1235,True
1,4,Reporting,6,Q14,SELECT,9.9976,True
1,4,Reporting,7,U_orders,UPDATE,0.3197,True
1,4,Reporting,8,Q1,SELECT,26.7308,True
1,4,Reporting,9,Q14,SELECT,10.3674,True
1,4,Reporting,10,Q6,SELECT,9.5823,True
1,4,Reporting,11,Q12,SELECT,15.7221,True
1,4,Reporting,12,Q1,SELECT,27.0167,True
1,4,Reporting,13,Q14,SELECT,10.1343,True
1,4,Reporting,14,Q1,SELECT,26.956,True
1,4,Reporting,15,Q6,SELECT,9.5258,True
1,4,Reporting,16,Q14,SELECT,9.85,True
1,4,Reporting,17,U_orders,UPDATE,0.5219,True
1,4,Reporting,18,Q1,SELECT,27.2586,True
1,4,Reporting,19,Q1,SELECT,26.6052,True
1,4,Reporting,20,Q6,SELECT,9.6164,True
1,4,Reporting,21,U_orders,UPDATE,0.7143,True
1,4,Reporting,22,Q1,SELECT,26.6852,True
1,4,Reporting,23,Q14,SELECT,10.478,True
1,4,Reporting,24,U_orders,UPDATE,0.3367,True
1,4,Reporting,25,Q4,SELECT,11.4904,True
1,4,Reporting,26,Q6,SELECT,9.4226,True
1,4,Reporting,27,U_orders,UPDATE,0.3715,True
1,4,Reporting,28,Q4,SELECT,10.5617,True
1,4,Reporting,29,Q12,SELECT,15.2704,True
1,5,Reporting,0,Q1,SELECT,27.5499,True
1,5,Reporting,1,Q12,SELECT,16.0971,True
1,5,Reporting,2,Q12,SELECT,15.8636,True
1,5,Reporting,3,Q1,SELECT,27.5182,True
1,5,Reporting,4,Q1,SELECT,28.3812,True
1,5,Reporting,5,Q1,SELECT,27.7477,True
1,5,Reporting,6,Q12,SELECT,16.2217,True
1,5,Reporting,7,Q1,SELECT,26.421,True
1,5,Reporting,8,Q12,SELECT,16.4326,True
1,5,Reporting,9,Q6,SELECT,9.4751,True
1,5,Reporting,10,Q1,SELECT,27.0955,True
1,5,Reporting,11,Q14,SELECT,10.2829,True
1,5,Reporting,12,Q12,SELECT,15.9672,True
1,5,Reporting,13,Q1,SELECT,27.33,True
1,5,Reporting,14,U_orders,UPDATE,0.6727,True
1,5,Reporting,15,U_orders,UPDATE,0.2027,True
1,5,Reporting,16,U_orders,UPDATE,0.2034,True
1,5,Reporting,17,Q1,SELECT,27.3464,True
1,5,Reporting,18,U_orders,UPDATE,0.421,True
1,5,Reporting,19,U_orders,UPDATE,0.2763,True
1,5,Reporting,20,Q4,SELECT,11.1675,True
1,5,Reporting,21,Q6,SELECT,9.8463,True
1,5,Reporting,22,Q4,SELECT,11.402,True
1,5,Reporting,23,Q6,SELECT,9.6657,True
1,5,Reporting,24,Q14,SELECT,9.8976,True
1,5,Reporting,25,Q14,SELECT,9.6955,True
1,5,Reporting,26,U_orders,UPDATE,0.6715,True
1,5,Reporting,27,Q4,SELECT,10.5483,True
1,5,Reporting,28,Q6,SELECT,9.2539,True
1,5,Reporting,29,Q6,SELECT,9.6655,True
1,6,Reporting,0,Q12,SELECT,15.9783,True
1,6,Reporting,1,U_orders,UPDATE,0.4046,True
1,6,Reporting,2,Q6,SELECT,9.5808,True
1,6,Reporting,3,Q6,SELECT,9.4756,True
1,6,Reporting,4,U_orders,UPDATE,0.3372,True
1,6,Reporting,5,Q6,SELECT,9.96,True
1,6,Reporting,6,Q6,SELECT,9.5869,True
1,6,Reporting,7,Q14,SELECT,10.0456,True
1,6,Reporting,8,Q4,SELECT,11.1302,True
1,6,Reporting,9,Q14,SELECT,9.847,True
1,6,Reporting,10,U_orders,UPDATE,0.3586,True
1,6,Reporting,11,Q1,SELECT,27.5406,True
1,6,Reporting,12,Q14,SELECT,9.9852,True
1,6,Reporting,13,Q6,SELECT,9.7295,True
1,6,Reporting,14,Q14,SELECT,9.8816,True
1,6,Reporting,15,Q6,SELECT,9.3981,True
1,6,Reporting,16,Q1,SELECT,26.7613,True
1,6,Reporting,17,Q4,SELECT,11.3105,True
1,6,Reporting,18,U_orders,UPDATE,0.419,True
1,6,Reporting,19,Q1,SELECT,26.629,True
1,6,Reporting,20,Q14,SELECT,10.0833,True
1,6,Reporting,21,Q1,SELECT,26.8506,True
1,6,Reporting,22,U_orders,UPDATE,0.6222,True
1,6,Reporting,23,Q6,SELECT,9.8794,True
1,6,Reporting,24,Q1,SELECT,26.7405,True
1,6,Reporting,25,Q1,SELECT,27.1832,True
1,6,Reporting,26,U_orders,UPDATE,0.6417,True
1,6,Reporting,27,Q14,SELECT,10.2758,True
1,6,Reporting,28,Q1,SELECT,26.8183,True
1,6,Reporting,29,Q6,SELECT,9.9262,True
1,7,Reporting,0,Q12,SELECT,15.8038,True
1,7,Reporting,1,Q14,SELECT,10.516,True
1,7,Reporting,2,Q14,SELECT,10.3743,True
1,7,Reporting,3,Q1,SELECT,27.7417,True
1,7,Reporting,4,Q12,SELECT,16.0091,True
1,7,Reporting,5,Q14,SELECT,9.9407,True
1,7,Reporting,6,Q14,SELECT,10.207,True
1,7,Reporting,7,Q4,SELECT,10.8933,True
1,7,Reporting,8,Q12,SELECT,15.4697,True
1,7,Reporting,9,Q1,SELECT,27.1733,True
1,7,Reporting,10,Q1,SELECT,27.2679,True
1,7,Reporting,11,Q6,SELECT,9.5792,True
1,7,Reporting,12,U_orders,UPDATE,0.6926,True
1,7,Reporting,13,Q1,SELECT,26.9865,True
1,7,Reporting,14,Q1,SELECT,28.1616,True
1,7,Reporting,15,Q4,SELECT,11.5743,True
1,7,Reporting,16,Q6,SELECT,9.3647,True
1,7,Reporting,17,U_orders,UPDATE,0.6348,True
1,7,Reporting,18,Q1,SELECT,27.3292,True
1,7,Reporting,19,U_orders,UPDATE,0.296,True
1,7,Reporting,20,U_orders,UPDATE,0.2054,True
1,7,Reporting,21,Q14,SELECT,10.1826,True
1,7,Reporting,22,Q14,SELECT,10.145,True
1,7,Reporting,23,U_orders,UPDATE,0.3928,True
1,7,Reporting,24,Q12,SELECT,15.8378,True
1,7,Reporting,25,Q6,SELECT,9.4077,True
1,7,Reporting,26,Q6,SELECT,10.5802,True
1,7,Reporting,27,Q14,SELECT,20.723,True
1,7,Reporting,28,U_orders,UPDATE,0.2877,True
1,7,Reporting,29,Q4,SELECT,13.3063,True
1,8,JoinHeavy,0,Q3,SELECT,14.7636,True
1,8,JoinHeavy,1,Q7,SELECT,11.9938,True
1,8,JoinHeavy,2,Q18,SELECT,62.6335,True
1,8,JoinHeavy,3,Q7,SELECT,11.6635,True
1,8,JoinHeavy,4,Q5,SELECT,7.4991,True
1,8,JoinHeavy,5,Q5,SELECT,6.5571,True
1,8,JoinHeavy,6,Q3,SELECT,14.4602,True
1,8,JoinHeavy,7,Q10,SELECT,15.0865,True
1,8,JoinHeavy,8,Q5,SELECT,8.3702,True
1,8,JoinHeavy,9,Q10,SELECT,14.6179,True
1,8,JoinHeavy,10,Q3,SELECT,14.0601,True
1,8,JoinHeavy,11,Q3,SELECT,13.9457,True
1,8,JoinHeavy,12,Q10,SELECT,14.7767,True
1,8,JoinHeavy,13,Q10,SELECT,15.0003,True
1,8,JoinHeavy,14,Q7,SELECT,12.093,True
1,8,JoinHeavy,15,Q3,SELECT,14.5454,True
1,8,JoinHeavy,16,Q5,SELECT,7.8512,True
1,8,JoinHeavy,17,Q5,SELECT,6.6859,True
1,8,JoinHeavy,18,Q5,SELECT,6.6213,True
1,8,JoinHeavy,19,Q10,SELECT,15.0282,True
1,8,JoinHeavy,20,Q18,SELECT,59.7333,True
1,8,JoinHeavy,21,Q5,SELECT,8.0887,True
1,8,JoinHeavy,22,I_customer,INSERT,0.7314,True
1,8,JoinHeavy,23,I_customer,INSERT,0.2177,True
1,8,JoinHeavy,24,I_customer,INSERT,0.1684,True
1,8,JoinHeavy,25,I_customer,INSERT,0.1669,True
1,8,JoinHeavy,26,I_customer,INSERT,0.1655,True
1,8,JoinHeavy,27,I_customer,INSERT,0.1562,True
1,8,JoinHeavy,28,I_customer,INSERT,0.1489,True
1,8,JoinHeavy,29,I_customer,INSERT,0.1481,True
1,8,JoinHeavy,30,I_customer,INSERT,0.1422,True
1,8,JoinHeavy,31,I_customer,INSERT,0.135,True
1,8,JoinHeavy,32,I_customer,INSERT,0.1288,True
1,8,JoinHeavy,33,I_customer,INSERT,0.1275,True
1,8,JoinHeavy,34,I_customer,INSERT,0.133,True
1,8,JoinHeavy,35,I_customer,INSERT,0.1332,True
1,8,JoinHeavy,36,I_customer,INSERT,0.133,True
1,8,JoinHeavy,37,I_customer,INSERT,0.1368,True
1,8,JoinHeavy,38,I_customer,INSERT,0.1348,True
1,8,JoinHeavy,39,I_customer,INSERT,0.2004,True
1,9,JoinHeavy,0,Q7,SELECT,11.218,True
1,9,JoinHeavy,1,Q18,SELECT,59.0672,True
1,9,JoinHeavy,2,Q10,SELECT,16.0389,True
1,9,JoinHeavy,3,Q10,SELECT,15.2592,True
1,9,JoinHeavy,4,Q18,SELECT,60.7406,True
1,9,JoinHeavy,5,Q5,SELECT,8.1906,True
1,9,JoinHeavy,6,Q3,SELECT,14.5701,True
1,9,JoinHeavy,7,Q10,SELECT,14.829,True
1,9,JoinHeavy,8,Q10,SELECT,14.617,True
1,9,JoinHeavy,9,Q5,SELECT,8.0958,True
1,9,JoinHeavy,10,Q3,SELECT,14.8348,True
1,9,JoinHeavy,11,Q10,SELECT,15.1412,True
1,9,JoinHeavy,12,Q3,SELECT,14.4895,True
1,9,JoinHeavy,13,Q3,SELECT,13.9158,True
1,9,JoinHeavy,14,Q3,SELECT,13.6055,True
1,9,JoinHeavy,15,Q3,SELECT,13.9044,True
1,9,JoinHeavy,16,Q7,SELECT,12.0767,True
1,9,JoinHeavy,17,Q18,SELECT,58.945,True
1,9,JoinHeavy,18,Q3,SELECT,14.0805,True
1,9,JoinHeavy,19,Q5,SELECT,7.6939,True
1,9,JoinHeavy,20,Q10,SELECT,14.6227,True
1,9,JoinHeavy,21,Q5,SELECT,8.3944,True
1,9,JoinHeavy,22,I_customer,INSERT,0.7507,True
1,9,JoinHeavy,23,I_customer,INSERT,0.2942,True
1,9,JoinHeavy,24,I_customer,INSERT,0.2468,True
1,9,JoinHeavy,25,I_customer,INSERT,0.22,True
1,9,JoinHeavy,26,I_customer,INSERT,0.2137,True
1,9,JoinHeavy,27,I_customer,INSERT,0.2119,True
1,9,JoinHeavy,28,I_customer,INSERT,0.2086,True
1,9,JoinHeavy,29,I_customer,INSERT,0.2082,True
1,9,JoinHeavy,30,I_customer,INSERT,0.2047,True
1,9,JoinHeavy,31,I_customer,INSERT,0.2151,True
1,9,JoinHeavy,32,I_customer,INSERT,0.2045,True
1,9,JoinHeavy,33,I_customer,INSERT,0.146,True
1,9,JoinHeavy,34,I_customer,INSERT,0.1474,True
1,9,JoinHeavy,35,I_customer,INSERT,0.154,True
1,9,JoinHeavy,36,I_customer,INSERT,0.1693,True
1,9,JoinHeavy,37,I_customer,INSERT,0.1569,True
1,9,JoinHeavy,38,I_customer,INSERT,0.1736,True
1,9,JoinHeavy,39,I_customer,INSERT,0.15,True
1,10,JoinHeavy,0,Q7,SELECT,10.8847,True
1,10,JoinHeavy,1,Q5,SELECT,6.8751,True
1,10,JoinHeavy,2,Q5,SELECT,6.4092,True
1,10,JoinHeavy,3,Q7,SELECT,10.5487,True
1,10,JoinHeavy,4,Q7,SELECT,11.2554,True
1,10,JoinHeavy,5,Q5,SELECT,7.5161,True
1,10,JoinHeavy,6,Q5,SELECT,6.7267,True
1,10,JoinHeavy,7,Q5,SELECT,6.9272,True
1,10,JoinHeavy,8,Q7,SELECT,11.1273,True
1,10,JoinHeavy,9,Q7,SELECT,9.9829,True
1,10,JoinHeavy,10,Q18,SELECT,58.3997,True
1,10,JoinHeavy,11,Q7,SELECT,11.6195,True
1,10,JoinHeavy,12,Q10,SELECT,14.7702,True
1,10,JoinHeavy,13,Q3,SELECT,13.6938,True
1,10,JoinHeavy,14,Q3,SELECT,13.7079,True
1,10,JoinHeavy,15,Q3,SELECT,13.9209,True
1,10,JoinHeavy,16,Q10,SELECT,15.2724,True
1,10,JoinHeavy,17,Q5,SELECT,8.2957,True
1,10,JoinHeavy,18,Q5,SELECT,6.8196,True
1,10,JoinHeavy,19,Q5,SELECT,6.6677,True
1,10,JoinHeavy,20,Q3,SELECT,14.2531,True
1,10,JoinHeavy,21,Q7,SELECT,11.4212,True
1,10,JoinHeavy,22,I_customer,INSERT,0.2835,True
1,10,JoinHeavy,23,I_customer,INSERT,0.147,True
1,10,JoinHeavy,24,I_customer,INSERT,0.1299,True
1,10,JoinHeavy,25,I_customer,INSERT,0.1225,True
1,10,JoinHeavy,26,I_customer,INSERT,0.1174,True
1,10,JoinHeavy,27,I_customer,INSERT,0.1212,True
1,10,JoinHeavy,28,I_customer,INSERT,0.1197,True
1,10,JoinHeavy,29,I_customer,INSERT,0.1216,True
1,10,JoinHeavy,30,I_customer,INSERT,0.122,True
1,10,JoinHeavy,31,I_customer,INSERT,0.1581,True
1,10,JoinHeavy,32,I_customer,INSERT,0.1302,True
1,10,JoinHeavy,33,I_customer,INSERT,0.1399,True
1,10,JoinHeavy,34,I_customer,INSERT,0.1225,True
1,10,JoinHeavy,35,I_customer,INSERT,0.1191,True
1,10,JoinHeavy,36,I_customer,INSERT,0.1178,True
1,10,JoinHeavy,37,I_customer,INSERT,0.275,True
1,10,JoinHeavy,38,I_customer,INSERT,0.1177,True
1,10,JoinHeavy,39,I_customer,INSERT,0.1154,True
1,11,JoinHeavy,0,Q5,SELECT,6.9998,True
1,11,JoinHeavy,1,Q7,SELECT,10.3635,True
1,11,JoinHeavy,2,Q3,SELECT,14.1276,True
1,11,JoinHeavy,3,Q18,SELECT,59.3381,True
1,11,JoinHeavy,4,Q3,SELECT,14.5627,True
1,11,JoinHeavy,5,Q5,SELECT,8.4388,True
1,11,JoinHeavy,6,Q5,SELECT,6.8604,True
1,11,JoinHeavy,7,Q3,SELECT,14.1673,True
1,11,JoinHeavy,8,Q7,SELECT,11.8918,True
1,11,JoinHeavy,9,Q5,SELECT,7.3275,True
1,11,JoinHeavy,10,Q18,SELECT,59.0756,True
1,11,JoinHeavy,11,Q5,SELECT,7.8585,True
1,11,JoinHeavy,12,Q3,SELECT,14.0075,True
1,11,JoinHeavy,13,Q3,SELECT,13.6623,True
1,11,JoinHeavy,14,Q7,SELECT,12.1738,True
1,11,JoinHeavy,15,Q3,SELECT,14.3848,True
1,11,JoinHeavy,16,Q3,SELECT,13.65,True
1,11,JoinHeavy,17,Q5,SELECT,7.6638,True
1,11,JoinHeavy,18,Q3,SELECT,13.7717,True
1,11,JoinHeavy,19,Q3,SELECT,13.8627,True
1,11,JoinHeavy,20,Q3,SELECT,14.3518,True
1,11,JoinHeavy,21,Q7,SELECT,11.8578,True
1,11,JoinHeavy,22,I_customer,INSERT,0.7225,True
1,11,JoinHeavy,23,I_customer,INSERT,0.251,True
1,11,JoinHeavy,24,I_customer,INSERT,0.2248,True
1,11,JoinHeavy,25,I_customer,INSERT,0.2397,True
1,11,JoinHeavy,26,I_customer,INSERT,0.2552,True
1,11,JoinHeavy,27,I_customer,INSERT,0.2063,True
1,11,JoinHeavy,28,I_customer,INSERT,0.155,True
1,11,JoinHeavy,29,I_customer,INSERT,0.1554,True
1,11,JoinHeavy,30,I_customer,INSERT,0.1589,True
1,11,JoinHeavy,31,I_customer,INSERT,0.149,True
1,11,JoinHeavy,32,I_customer,INSERT,0.1454,True
1,11,JoinHeavy,33,I_customer,INSERT,0.1421,True
1,11,JoinHeavy,34,I_customer,INSERT,0.1422,True
1,11,JoinHeavy,35,I_customer,INSERT,0.1447,True
1,11,JoinHeavy,36,I_customer,INSERT,0.1422,True
1,11,JoinHeavy,37,I_customer,INSERT,0.1824,True
1,11,JoinHeavy,38,I_customer,INSERT,0.1477,True
1,11,JoinHeavy,39,I_customer,INSERT,0.1503,True
1,12,JoinHeavy,0,Q3,SELECT,13.8423,True
1,12,JoinHeavy,1,Q5,SELECT,7.6198,True
1,12,JoinHeavy,2,Q3,SELECT,13.582,True
1,12,JoinHeavy,3,Q3,SELECT,14.1081,True
1,12,JoinHeavy,4,Q7,SELECT,11.8768,True
1,12,JoinHeavy,5,Q3,SELECT,14.3343,True
1,12,JoinHeavy,6,Q10,SELECT,14.7463,True
1,12,JoinHeavy,7,Q3,SELECT,13.6987,True
1,12,JoinHeavy,8,Q7,SELECT,11.5413,True
1,12,JoinHeavy,9,Q7,SELECT,10.12,True
1,12,JoinHeavy,10,Q5,SELECT,7.3784,True
1,12,JoinHeavy,11,Q3,SELECT,14.2404,True
1,12,JoinHeavy,12,Q5,SELECT,8.0726,True
1,12,JoinHeavy,13,Q3,SELECT,14.4933,True
1,12,JoinHeavy,14,Q7,SELECT,12.292,True
1,12,JoinHeavy,15,Q10,SELECT,14.6386,True
1,12,JoinHeavy,16,Q3,SELECT,13.8237,True
1,12,JoinHeavy,17,Q10,SELECT,15.0636,True
1,12,JoinHeavy,18,Q18,SELECT,59.5018,True
1,12,JoinHeavy,19,Q10,SELECT,14.811,True
1,12,JoinHeavy,20,Q3,SELECT,14.3915,True
1,12,JoinHeavy,21,Q3,SELECT,14.4196,True
1,12,JoinHeavy,22,I_customer,INSERT,0.8875,True
1,12,JoinHeavy,23,I_customer,INSERT,0.3092,True
1,12,JoinHeavy,24,I_customer,INSERT,0.2453,True
1,12,JoinHeavy,25,I_customer,INSERT,0.2259,True
1,12,JoinHeavy,26,I_customer,INSERT,0.225,True
1,12,JoinHeavy,27,I_customer,INSERT,0.2185,True
1,12,JoinHeavy,28,I_customer,INSERT,0.1871,True
1,12,JoinHeavy,29,I_customer,INSERT,0.1536,True
1,12,JoinHeavy,30,I_customer,INSERT,0.1508,True
1,12,JoinHeavy,31,I_customer,INSERT,0.1483,True
1,12,JoinHeavy,32,I_customer,INSERT,0.1457,True
1,12,JoinHeavy,33,I_customer,INSERT,0.1435,True
1,12,JoinHeavy,34,I_customer,INSERT,0.1454,True
1,12,JoinHeavy,35,I_customer,INSERT,0.1421,True
1,12,JoinHeavy,36,I_customer,INSERT,0.1453,True
1,12,JoinHeavy,37,I_customer,INSERT,0.1449,True
1,12,JoinHeavy,38,I_customer,INSERT,0.1463,True
1,12,JoinHeavy,39,I_customer,INSERT,0.1426,True
1,13,JoinHeavy,0,Q3,SELECT,13.45,True
1,13,JoinHeavy,1,Q5,SELECT,7.9308,True
1,13,JoinHeavy,2,Q10,SELECT,14.6105,True
1,13,JoinHeavy,3,Q5,SELECT,7.9149,True
1,13,JoinHeavy,4,Q3,SELECT,15.1801,True
1,13,JoinHeavy,5,Q10,SELECT,14.7919,True
1,13,JoinHeavy,6,Q5,SELECT,7.7383,True
1,13,JoinHeavy,7,Q3,SELECT,13.9075,True
1,13,JoinHeavy,8,Q7,SELECT,11.961,True
1,13,JoinHeavy,9,Q7,SELECT,10.2177,True
1,13,JoinHeavy,10,Q5,SELECT,7.745,True
1,13,JoinHeavy,11,Q5,SELECT,7.6135,True
1,13,JoinHeavy,12,Q3,SELECT,13.9871,True
1,13,JoinHeavy,13,Q3,SELECT,13.7193,True
1,13,JoinHeavy,14,Q5,SELECT,7.6157,True
1,13,JoinHeavy,15,Q10,SELECT,14.4582,True
1,13,JoinHeavy,16,Q3,SELECT,13.6429,True
1,13,JoinHeavy,17,Q10,SELECT,14.8513,True
1,13,JoinHeavy,18,Q3,SELECT,14.6922,True
1,13,JoinHeavy,19,Q5,SELECT,8.0833,True
1,13,JoinHeavy,20,Q3,SELECT,13.8614,True
1,13,JoinHeavy,21,Q10,SELECT,14.5208,True
1,13,JoinHeavy,22,I_customer,INSERT,0.6694,True
1,13,JoinHeavy,23,I_customer,INSERT,0.2248,True
1,13,JoinHeavy,24,I_customer,INSERT,0.236,True
1,13,JoinHeavy,25,I_customer,INSERT,0.2209,True
1,13,JoinHeavy,26,I_customer,INSERT,0.2184,True
1,13,JoinHeavy,27,I_customer,INSERT,0.2178,True
1,13,JoinHeavy,28,I_customer,INSERT,0.2184,True
1,13,JoinHeavy,29,I_customer,INSERT,0.2141,True
1,13,JoinHeavy,30,I_customer,INSERT,0.2034,True
1,13,JoinHeavy,31,I_customer,INSERT,0.2047,True
1,13,JoinHeavy,32,I_customer,INSERT,0.2075,True
1,13,JoinHeavy,33,I_customer,INSERT,0.2078,True
1,13,JoinHeavy,34,I_customer,INSERT,0.2023,True
1,13,JoinHeavy,35,I_customer,INSERT,0.2047,True
1,13,JoinHeavy,36,I_customer,INSERT,0.203,True
1,13,JoinHeavy,37,I_customer,INSERT,0.1891,True
1,13,JoinHeavy,38,I_customer,INSERT,0.1648,True
1,13,JoinHeavy,39,I_customer,INSERT,0.1562,True
1,14,JoinHeavy,0,Q10,SELECT,14.5899,True
1,14,JoinHeavy,1,Q10,SELECT,14.5238,True
1,14,JoinHeavy,2,Q3,SELECT,14.3473,True
1,14,JoinHeavy,3,Q3,SELECT,14.8907,True
1,14,JoinHeavy,4,Q5,SELECT,8.2934,True
1,14,JoinHeavy,5,Q10,SELECT,14.9666,True
1,14,JoinHeavy,6,Q10,SELECT,14.7729,True
1,14,JoinHeavy,7,Q3,SELECT,14.817,True
1,14,JoinHeavy,8,Q7,SELECT,12.122,True
1,14,JoinHeavy,9,Q3,SELECT,14.1505,True
1,14,JoinHeavy,10,Q3,SELECT,13.8673,True
1,14,JoinHeavy,11,Q3,SELECT,13.9515,True
1,14,JoinHeavy,12,Q5,SELECT,7.907,True
1,14,JoinHeavy,13,Q3,SELECT,14.2966,True
1,14,JoinHeavy,14,Q5,SELECT,8.339,True
1,14,JoinHeavy,15,Q7,SELECT,11.2335,True
1,14,JoinHeavy,16,Q10,SELECT,14.627,True
1,14,JoinHeavy,17,Q3,SELECT,13.7881,True
1,14,JoinHeavy,18,Q7,SELECT,11.5997,True
1,14,JoinHeavy,19,Q3,SELECT,13.8795,True
1,14,JoinHeavy,20,Q3,SELECT,14.3954,True
1,14,JoinHeavy,21,Q5,SELECT,8.1008,True
1,14,JoinHeavy,22,I_customer,INSERT,1.2467,True
1,14,JoinHeavy,23,I_customer,INSERT,0.281,True
1,14,JoinHeavy,24,I_customer,INSERT,0.2091,True
1,14,JoinHeavy,25,I_customer,INSERT,0.168,True
1,14,JoinHeavy,26,I_customer,INSERT,0.1775,True
1,14,JoinHeavy,27,I_customer,INSERT,0.1588,True
1,14,JoinHeavy,28,I_customer,INSERT,0.1819,True
1,14,JoinHeavy,29,I_customer,INSERT,0.2246,True
1,14,JoinHeavy,30,I_customer,INSERT,0.2092,True
1,14,JoinHeavy,31,I_customer,INSERT,0.207,True
1,14,JoinHeavy,32,I_customer,INSERT,0.2059,True
1,14,JoinHeavy,33,I_customer,INSERT,0.2096,True
1,14,JoinHeavy,34,I_customer,INSERT,0.206,True
1,14,JoinHeavy,35,I_customer,INSERT,0.2353,True
1,14,JoinHeavy,36,I_customer,INSERT,0.211,True
1,14,JoinHeavy,37,I_customer,INSERT,0.2058,True
1,14,JoinHeavy,38,I_customer,INSERT,0.2054,True
1,14,JoinHeavy,39,I_customer,INSERT,0.1562,True
1,15,JoinHeavy,0,Q3,SELECT,13.7325,True
1,15,JoinHeavy,1,Q3,SELECT,13.6875,True
1,15,JoinHeavy,2,Q3,SELECT,13.6943,True
1,15,JoinHeavy,3,Q5,SELECT,8.2266,True
1,15,JoinHeavy,4,Q3,SELECT,14.2848,True
1,15,JoinHeavy,5,Q10,SELECT,15.0224,True
1,15,JoinHeavy,6,Q3,SELECT,13.8855,True
1,15,JoinHeavy,7,Q7,SELECT,11.4504,True
1,15,JoinHeavy,8,Q3,SELECT,13.9453,True
1,15,JoinHeavy,9,Q5,SELECT,8.0406,True
1,15,JoinHeavy,10,Q7,SELECT,11.7418,True
1,15,JoinHeavy,11,Q10,SELECT,15.006,True
1,15,JoinHeavy,12,Q5,SELECT,8.215,True
1,15,JoinHeavy,13,Q3,SELECT,14.2421,True
1,15,JoinHeavy,14,Q7,SELECT,11.9828,True
1,15,JoinHeavy,15,Q18,SELECT,59.2083,True
1,15,JoinHeavy,16,Q10,SELECT,15.046,True
1,15,JoinHeavy,17,Q3,SELECT,14.8619,True
1,15,JoinHeavy,18,Q5,SELECT,8.3713,True
1,15,JoinHeavy,19,Q5,SELECT,6.8029,True
1,15,JoinHeavy,20,Q10,SELECT,15.037,True
1,15,JoinHeavy,21,Q3,SELECT,14.2593,True
1,15,JoinHeavy,22,I_customer,INSERT,0.6627,True
1,15,JoinHeavy,23,I_customer,INSERT,0.2175,True
1,15,JoinHeavy,24,I_customer,INSERT,0.2456,True
1,15,JoinHeavy,25,I_customer,INSERT,0.203,True
1,15,JoinHeavy,26,I_customer,INSERT,0.1804,True
1,15,JoinHeavy,27,I_customer,INSERT,0.1294,True
1,15,JoinHeavy,28,I_customer,INSERT,0.1192,True
1,15,JoinHeavy,29,I_customer,INSERT,0.1174,True
1,15,JoinHeavy,30,I_customer,INSERT,0.1171,True
1,15,JoinHeavy,31,I_customer,INSERT,0.1277,True
1,15,JoinHeavy,32,I_customer,INSERT,0.1468,True
1,15,JoinHeavy,33,I_customer,INSERT,0.1448,True
1,15,JoinHeavy,34,I_customer,INSERT,0.1433,True
1,15,JoinHeavy,35,I_customer,INSERT,0.155,True
1,15,JoinHeavy,36,I_customer,INSERT,0.1768,True
1,15,JoinHeavy,37,I_customer,INSERT,0.145,True
1,15,JoinHeavy,38,I_customer,INSERT,0.1507,True
1,15,JoinHeavy,39,I_customer,INSERT,0.1458,True
1,16,Procurement,0,D_orders,DELETE,0.1372,True
1,16,Procurement,1,D_orders,DELETE,0.1718,True
1,16,Procurement,2,D_orders,DELETE,0.0968,True
1,16,Procurement,3,D_orders,DELETE,0.1735,True
1,16,Procurement,4,Q14,SELECT,10.5806,True
1,16,Procurement,5,Q17,SELECT,44.371,True
1,16,Procurement,6,Q17,SELECT,45.0103,True
1,16,Procurement,7,Q17,SELECT,44.2615,True
1,16,Procurement,8,Q11,SELECT,8.0465,True
1,16,Procurement,9,Q17,SELECT,44.7685,True
1,16,Procurement,10,Q6,SELECT,9.9064,True
1,16,Procurement,11,Q6,SELECT,10.1032,True
1,16,Procurement,12,Q11,SELECT,7.7157,True
1,16,Procurement,13,Q17,SELECT,45.6915,True
1,16,Procurement,14,Q6,SELECT,9.9506,True
1,16,Procurement,15,Q17,SELECT,45.0842,True
1,16,Procurement,16,Q11,SELECT,7.7123,True
1,16,Procurement,17,Q6,SELECT,10.0088,True
1,16,Procurement,18,Q11,SELECT,7.4024,True
1,16,Procurement,19,Q17,SELECT,45.1046,True
1,16,Procurement,20,Q6,SELECT,9.8651,True
1,16,Procurement,21,Q17,SELECT,44.1756,True
1,16,Procurement,22,Q6,SELECT,10.4968,True
1,16,Procurement,23,Q14,SELECT,10.508,True
1,16,Procurement,24,Q11,SELECT,7.5857,True
1,17,Procurement,0,D_orders,DELETE,0.209,True
1,17,Procurement,1,D_orders,DELETE,0.1183,True
1,17,Procurement,2,D_orders,DELETE,0.0937,True
1,17,Procurement,3,D_orders,DELETE,0.0844,True
1,17,Procurement,4,Q11,SELECT,7.2373,True
1,17,Procurement,5,Q11,SELECT,7.4718,True
1,17,Procurement,6,Q17,SELECT,45.341,True
1,17,Procurement,7,Q17,SELECT,44.5656,True
1,17,Procurement,8,Q14,SELECT,10.3122,True
1,17,Procurement,9,Q17,SELECT,44.094,True
1,17,Procurement,10,Q11,SELECT,7.8522,True
1,17,Procurement,11,Q11,SELECT,7.5313,True
1,17,Procurement,12,Q14,SELECT,10.5453,True
1,17,Procurement,13,Q17,SELECT,45.3797,True
1,17,Procurement,14,Q6,SELECT,9.9837,True
1,17,Procurement,15,Q6,SELECT,9.54,True
1,17,Procurement,16,Q11,SELECT,7.8999,True
1,17,Procurement,17,Q6,SELECT,9.5146,True
1,17,Procurement,18,Q11,SELECT,7.502,True
1,17,Procurement,19,Q1,SELECT,27.5635,True
1,17,Procurement,20,Q17,SELECT,44.8853,True
1,17,Procurement,21,Q11,SELECT,7.5962,True
1,17,Procurement,22,Q17,SELECT,44.8013,True
1,17,Procurement,23,Q11,SELECT,7.5745,True
1,17,Procurement,24,Q1,SELECT,28.1151,True
1,18,Procurement,0,D_orders,DELETE,0.8003,True
1,18,Procurement,1,D_orders,DELETE,0.2158,True
1,18,Procurement,2,D_orders,DELETE,0.1223,True
1,18,Procurement,3,D_orders,DELETE,0.1135,True
1,18,Procurement,4,Q17,SELECT,45.1413,True
1,18,Procurement,5,Q11,SELECT,7.7064,True
1,18,Procurement,6,Q17,SELECT,44.5397,True
1,18,Procurement,7,Q17,SELECT,44.5155,True
1,18,Procurement,8,Q6,SELECT,9.9296,True
1,18,Procurement,9,Q14,SELECT,10.1101,True
1,18,Procurement,10,Q17,SELECT,44.8106,True
1,18,Procurement,11,Q6,SELECT,9.8744,True
1,18,Procurement,12,Q1,SELECT,26.773,True
1,18,Procurement,13,Q14,SELECT,10.862,True
1,18,Procurement,14,Q11,SELECT,7.782,True
1,18,Procurement,15,Q17,SELECT,46.5752,True
1,18,Procurement,16,Q11,SELECT,7.4172,True
1,18,Procurement,17,Q11,SELECT,7.2173,True
1,18,Procurement,18,Q6,SELECT,10.3451,True
1,18,Procurement,19,Q6,SELECT,9.9367,True
1,18,Procurement,20,Q6,SELECT,9.8857,True
1,18,Procurement,21,Q17,SELECT,44.3847,True
1,18,Procurement,22,Q14,SELECT,10.5379,True
1,18,Procurement,23,Q11,SELECT,7.8454,True
1,18,Procurement,24,Q17,SELECT,44.1139,True
1,19,Procurement,0,D_orders,DELETE,0.4637,True
1,19,Procurement,1,D_orders,DELETE,0.5914,True
1,19,Procurement,2,D_orders,DELETE,0.1537,True
1,19,Procurement,3,D_orders,DELETE,0.1941,True
1,19,Procurement,4,Q6,SELECT,9.8354,True
1,19,Procurement,5,Q11,SELECT,7.6096,True
1,19,Procurement,6,Q1,SELECT,27.2955,True
1,19,Procurement,7,Q11,SELECT,7.8745,True
1,19,Procurement,8,Q17,SELECT,44.897,True
1,19,Procurement,9,Q6,SELECT,9.9792,True
1,19,Procurement,10,Q17,SELECT,45.1326,True
1,19,Procurement,11,Q11,SELECT,8.1201,True
1,19,Procurement,12,Q17,SELECT,46.823,True
1,19,Procurement,13,Q17,SELECT,43.9567,True
1,19,Procurement,14,Q11,SELECT,7.8414,True
1,19,Procurement,15,Q11,SELECT,7.5232,True
1,19,Procurement,16,Q17,SELECT,44.7836,True
1,19,Procurement,17,Q6,SELECT,9.9354,True
1,19,Procurement,18,Q17,SELECT,44.1328,True
1,19,Procurement,19,Q17,SELECT,44.9622,True
1,19,Procurement,20,Q14,SELECT,10.413,True
1,19,Procurement,21,Q11,SELECT,7.6193,True
1,19,Procurement,22,Q17,SELECT,45.2335,True
1,19,Procurement,23,Q17,SELECT,44.3831,True
1,19,Procurement,24,Q6,SELECT,10.2276,True
1,20,Procurement,0,D_orders,DELETE,0.351,True
1,20,Procurement,1,D_orders,DELETE,0.1407,True
1,20,Procurement,2,D_orders,DELETE,0.1284,True
1,20,Procurement,3,D_orders,DELETE,0.1127,True
1,20,Procurement,4,Q6,SELECT,9.6315,True
1,20,Procurement,5,Q17,SELECT,46.5677,True
1,20,Procurement,6,Q6,SELECT,10.1393,True
1,20,Procurement,7,Q1,SELECT,27.5013,True
1,20,Procurement,8,Q17,SELECT,45.1516,True
1,20,Procurement,9,Q11,SELECT,7.9915,True
1,20,Procurement,10,Q6,SELECT,9.8868,True
1,20,Procurement,11,Q17,SELECT,43.8095,True
1,20,Procurement,12,Q14,SELECT,10.3433,True
1,20,Procurement,13,Q17,SELECT,45.2309,True
1,20,Procurement,14,Q1,SELECT,27.1796,True
1,20,Procurement,15,Q17,SELECT,44.786,True
1,20,Procurement,16,Q11,SELECT,7.6334,True
1,20,Procurement,17,Q17,SELECT,45.1744,True
1,20,Procurement,18,Q17,SELECT,44.9447,True
1,20,Procurement,19,Q17,SELECT,45.0259,True
1,20,Procurement,20,Q11,SELECT,7.6913,True
1,20,Procurement,21,Q6,SELECT,9.8692,True
1,20,Procurement,22,Q14,SELECT,9.8525,True
1,20,Procurement,23,Q1,SELECT,27.3295,True
1,20,Procurement,24,Q6,SELECT,10.0095,True
1,21,Procurement,0,D_orders,DELETE,0.4488,True
1,21,Procurement,1,D_orders,DELETE,0.1425,True
1,21,Procurement,2,D_orders,DELETE,0.9363,True
1,21,Procurement,3,D_orders,DELETE,0.2726,True
1,21,Procurement,4,Q17,SELECT,43.9561,True
1,21,Procurement,5,Q17,SELECT,45.092,True
1,21,Procurement,6,Q1,SELECT,27.5944,True
1,21,Procurement,7,Q11,SELECT,7.7429,True
1,21,Procurement,8,Q6,SELECT,10.3883,True
1,21,Procurement,9,Q17,SELECT,44.5734,True
1,21,Procurement,10,Q17,SELECT,44.493,True
1,21,Procurement,11,Q11,SELECT,7.7948,True
1,21,Procurement,12,Q17,SELECT,44.713,True
1,21,Procurement,13,Q14,SELECT,10.3556,True
1,21,Procurement,14,Q17,SELECT,44.7055,True
1,21,Procurement,15,Q11,SELECT,7.8237,True
1,21,Procurement,16,Q11,SELECT,7.6957,True
1,21,Procurement,17,Q17,SELECT,44.4279,True
1,21,Procurement,18,Q11,SELECT,7.6014,True
1,21,Procurement,19,Q17,SELECT,45.0005,True
1,21,Procurement,20,Q14,SELECT,10.5982,True
1,21,Procurement,21,Q17,SELECT,45.1398,True
1,21,Procurement,22,Q6,SELECT,10.2245,True
1,21,Procurement,23,Q11,SELECT,7.844,True
1,21,Procurement,24,Q1,SELECT,27.2725,True
1,22,Procurement,0,D_orders,DELETE,0.8126,True
1,22,Procurement,1,D_orders,DELETE,0.2041,True
1,22,Procurement,2,D_orders,DELETE,0.1754,True
1,22,Procurement,3,D_orders,DELETE,0.1065,True
1,22,Procurement,4,Q11,SELECT,7.8383,True
1,22,Procurement,5,Q14,SELECT,10.6349,True
1,22,Procurement,6,Q11,SELECT,7.468,True
1,22,Procurement,7,Q1,SELECT,28.9658,True
1,22,Procurement,8,Q6,SELECT,9.9236,True
1,22,Procurement,9,Q6,SELECT,9.7788,True
1,22,Procurement,10,Q17,SELECT,62.4897,True
1,22,Procurement,11,Q11,SELECT,7.7101,True
1,22,Procurement,12,Q17,SELECT,44.7112,True
1,22,Procurement,13,Q11,SELECT,8.0147,True
1,22,Procurement,14,Q1,SELECT,27.2494,True
1,22,Procurement,15,Q6,SELECT,9.9722,True
1,22,Procurement,16,Q6,SELECT,9.5812,True
1,22,Procurement,17,Q1,SELECT,28.2892,True
1,22,Procurement,18,Q1,SELECT,28.2971,True
1,22,Procurement,19,Q6,SELECT,9.6573,True
1,22,Procurement,20,Q11,SELECT,7.7459,True
1,22,Procurement,21,Q6,SELECT,9.7133,True
1,22,Procurement,22,Q11,SELECT,7.758,True
1,22,Procurement,23,Q17,SELECT,44.0137,True
1,22,Procurement,24,Q17,SELECT,45.3418,True
1,23,Procurement,0,D_orders,DELETE,0.2848,True
1,23,Procurement,1,D_orders,DELETE,0.5325,True
1,23,Procurement,2,D_orders,DELETE,0.2675,True
1,23,Procurement,3,D_orders,DELETE,0.1341,True
1,23,Procurement,4,Q17,SELECT,45.2762,True
1,23,Procurement,5,Q11,SELECT,7.719,True
1,23,Procurement,6,Q17,SELECT,44.793,True
1,23,Procurement,7,Q17,SELECT,44.7942,True
1,23,Procurement,8,Q11,SELECT,7.8844,True
1,23,Procurement,9,Q11,SELECT,7.3994,True
1,23,Procurement,10,Q11,SELECT,7.577,True
1,23,Procurement,11,Q6,SELECT,10.1333,True
1,23,Procurement,12,Q6,SELECT,9.5785,True
1,23,Procurement,13,Q17,SELECT,45.5628,True
1,23,Procurement,14,Q1,SELECT,30.1654,True
1,23,Procurement,15,Q11,SELECT,7.6293,True
1,23,Procurement,16,Q11,SELECT,7.5986,True
1,23,Procurement,17,Q11,SELECT,7.7296,True
1,23,Procurement,18,Q14,SELECT,56.8639,True
1,23,Procurement,19,Q11,SELECT,8.1155,True
1,23,Procurement,20,Q1,SELECT,28.4873,True
1,23,Procurement,21,Q1,SELECT,27.8173,True
1,23,Procurement,22,Q14,SELECT,10.7839,True
1,23,Procurement,23,Q6,SELECT,9.7643,True
1,23,Procurement,24,Q17,SELECT,46.9143,True
1,24,Customer,0,Q7,SELECT,12.7271,True
1,24,Customer,1,U_customer,UPDATE,0.4586,True
1,24,Customer,2,Q3,SELECT,14.805,True
1,24,Customer,3,U_customer,UPDATE,0.3166,True
1,24,Customer,4,Q18,SELECT,60.9408,True
1,24,Customer,5,U_customer,UPDATE,0.3557,True
1,24,Customer,6,Q7,SELECT,11.8704,True
1,24,Customer,7,U_customer,UPDATE,0.3063,True
1,24,Customer,8,Q5,SELECT,7.4664,True
1,24,Customer,9,U_customer,UPDATE,0.2098,True
1,24,Customer,10,Q18,SELECT,59.4843,True
1,24,Customer,11,U_customer,UPDATE,0.7339,True
1,24,Customer,12,Q10,SELECT,15.1932,True
1,24,Customer,13,U_customer,UPDATE,0.4295,True
1,24,Customer,14,Q10,SELECT,14.6575,True
1,24,Customer,15,U_customer,UPDATE,0.4037,True
1,24,Customer,16,Q3,SELECT,14.0805,True
1,24,Customer,17,U_customer,UPDATE,0.2804,True
1,24,Customer,18,Q18,SELECT,59.628,True
1,24,Customer,19,U_customer,UPDATE,1.2644,True
1,25,Customer,0,Q7,SELECT,11.9063,True
1,25,Customer,1,U_customer,UPDATE,0.3098,True
1,25,Customer,2,Q18,SELECT,59.9767,True
1,25,Customer,3,U_customer,UPDATE,0.7676,True
1,25,Customer,4,Q10,SELECT,15.0668,True
1,25,Customer,5,U_customer,UPDATE,0.4278,True
1,25,Customer,6,Q7,SELECT,11.5891,True
1,25,Customer,7,U_customer,UPDATE,0.2596,True
1,25,Customer,8,Q18,SELECT,59.8311,True
1,25,Customer,9,U_customer,UPDATE,0.6751,True
1,25,Customer,10,Q3,SELECT,14.3778,True
1,25,Customer,11,U_customer,UPDATE,0.3757,True
1,25,Customer,12,Q18,SELECT,59.8772,True
1,25,Customer,13,U_customer,UPDATE,0.7055,True
1,25,Customer,14,Q18,SELECT,58.7317,True
1,25,Customer,15,U_customer,UPDATE,0.7627,True
1,25,Customer,16,Q3,SELECT,14.3592,True
1,25,Customer,17,U_customer,UPDATE,0.3841,True
1,25,Customer,18,Q18,SELECT,59.1124,True
1,25,Customer,19,U_customer,UPDATE,0.6825,True
1,26,Customer,0,Q3,SELECT,14.4561,True
1,26,Customer,1,U_customer,UPDATE,0.3807,True
1,26,Customer,2,Q3,SELECT,13.8919,True
1,26,Customer,3,U_customer,UPDATE,0.3265,True
1,26,Customer,4,Q10,SELECT,14.5993,True
1,26,Customer,5,U_customer,UPDATE,0.363,True
1,26,Customer,6,Q18,SELECT,60.4462,True
1,26,Customer,7,U_customer,UPDATE,0.5852,True
1,26,Customer,8,Q3,SELECT,14.382,True
1,26,Customer,9,U_customer,UPDATE,0.3347,True
1,26,Customer,10,Q10,SELECT,14.6468,True
1,26,Customer,11,U_customer,UPDATE,0.3355,True
1,26,Customer,12,Q10,SELECT,15.2314,True
1,26,Customer,13,U_customer,UPDATE,0.3883,True
1,26,Customer,14,Q10,SELECT,14.9008,True
1,26,Customer,15,U_customer,UPDATE,0.4072,True
1,26,Customer,16,Q10,SELECT,15.6257,True
1,26,Customer,17,U_customer,UPDATE,0.3708,True
1,26,Customer,18,Q5,SELECT,7.9321,True
1,26,Customer,19,U_customer,UPDATE,0.2717,True
1,27,Customer,0,Q3,SELECT,14.62,True
1,27,Customer,1,U_customer,UPDATE,0.2364,True
1,27,Customer,2,Q10,SELECT,14.9996,True
1,27,Customer,3,U_customer,UPDATE,0.3097,True
1,27,Customer,4,Q18,SELECT,60.4871,True
1,27,Customer,5,U_customer,UPDATE,0.7254,True
1,27,Customer,6,Q7,SELECT,11.9855,True
1,27,Customer,7,U_customer,UPDATE,0.3761,True
1,27,Customer,8,Q7,SELECT,11.1132,True
1,27,Customer,9,U_customer,UPDATE,0.3708,True
1,27,Customer,10,Q3,SELECT,14.3013,True
1,27,Customer,11,U_customer,UPDATE,0.3302,True
1,27,Customer,12,Q10,SELECT,14.8471,True
1,27,Customer,13,U_customer,UPDATE,0.3537,True
1,27,Customer,14,Q3,SELECT,14.017,True
1,27,Customer,15,U_customer,UPDATE,0.2552,True
1,27,Customer,16,Q18,SELECT,59.4769,True
1,27,Customer,17,U_customer,UPDATE,0.328,True
1,27,Customer,18,Q18,SELECT,58.3279,True
1,27,Customer,19,U_customer,UPDATE,0.632,True
1,28,Customer,0,Q3,SELECT,14.6523,True
1,28,Customer,1,U_customer,UPDATE,0.3562,True
1,28,Customer,2,Q5,SELECT,7.8659,True
1,28,Customer,3,U_customer,UPDATE,0.2206,True
1,28,Customer,4,Q10,SELECT,14.7474,True
1,28,Customer,5,U_customer,UPDATE,0.3596,True
1,28,Customer,6,Q18,SELECT,59.9894,True
1,28,Customer,7,U_customer,UPDATE,0.6165,True
1,28,Customer,8,Q3,SELECT,14.5022,True
1,28,Customer,9,U_customer,UPDATE,0.3178,True
1,28,Customer,10,Q18,SELECT,59.2742,True
1,28,Customer,11,U_customer,UPDATE,0.6677,True
1,28,Customer,12,Q18,SELECT,58.0919,True
1,28,Customer,13,U_customer,UPDATE,0.6508,True
1,28,Customer,14,Q10,SELECT,15.0663,True
1,28,Customer,15,U_customer,UPDATE,0.266,True
1,28,Customer,16,Q10,SELECT,14.7627,True
1,28,Customer,17,U_customer,UPDATE,0.3038,True
1,28,Customer,18,Q18,SELECT,58.8224,True
1,28,Customer,19,U_customer,UPDATE,0.5293,True
1,29,Customer,0,Q7,SELECT,11.6631,True
1,29,Customer,1,U_customer,UPDATE,0.1985,True
1,29,Customer,2,Q10,SELECT,14.6107,True
1,29,Customer,3,U_customer,UPDATE,0.4448,True
1,29,Customer,4,Q3,SELECT,14.3759,True
1,29,Customer,5,U_customer,UPDATE,0.2643,True
1,29,Customer,6,Q3,SELECT,13.9111,True
1,29,Customer,7,U_customer,UPDATE,0.3532,True
1,29,Customer,8,Q10,SELECT,15.1647,True
1,29,Customer,9,U_customer,UPDATE,0.3422,True
1,29,Customer,10,Q10,SELECT,14.5744,True
1,29,Customer,11,U_customer,UPDATE,0.2813,True
1,29,Customer,12,Q18,SELECT,59.4462,True
1,29,Customer,13,U_customer,UPDATE,0.6255,True
1,29,Customer,14,Q18,SELECT,59.1645,True
1,29,Customer,15,U_customer,UPDATE,0.7396,True
1,29,Customer,16,Q7,SELECT,12.0004,True
1,29,Customer,17,U_customer,UPDATE,0.3374,True
1,29,Customer,18,Q10,SELECT,15.1194,True
1,29,Customer,19,U_customer,UPDATE,0.4008,True
1,30,Customer,0,Q18,SELECT,59.8179,True
1,30,Customer,1,U_customer,UPDATE,0.6653,True
1,30,Customer,2,Q18,SELECT,59.3367,True
1,30,Customer,3,U_customer,UPDATE,0.7406,True
1,30,Customer,4,Q3,SELECT,14.3594,True
1,30,Customer,5,U_customer,UPDATE,0.3262,True
1,30,Customer,6,Q5,SELECT,7.6802,True
1,30,Customer,7,U_customer,UPDATE,0.2928,True
1,30,Customer,8,Q5,SELECT,6.7445,True
1,30,Customer,9,U_customer,UPDATE,0.2212,True
1,30,Customer,10,Q18,SELECT,59.5632,True
1,30,Customer,11,U_customer,UPDATE,0.362,True
1,30,Customer,12,Q10,SELECT,15.0482,True
1,30,Customer,13,U_customer,UPDATE,0.3349,True
1,30,Customer,14,Q18,SELECT,59.6283,True
1,30,Customer,15,U_customer,UPDATE,0.7119,True
1,30,Customer,16,Q10,SELECT,15.0296,True
1,30,Customer,17,U_customer,UPDATE,0.3548,True
1,30,Customer,18,Q18,SELECT,60.326,True
1,30,Customer,19,U_customer,UPDATE,0.5428,True
1,31,Customer,0,Q18,SELECT,59.5811,True
1,31,Customer,1,U_customer,UPDATE,0.6875,True
1,31,Customer,2,Q18,SELECT,58.9227,True
1,31,Customer,3,U_customer,UPDATE,0.652,True
1,31,Customer,4,Q10,SELECT,15.2266,True
1,31,Customer,5,U_customer,UPDATE,0.4118,True
1,31,Customer,6,Q18,SELECT,59.0199,True
1,31,Customer,7,U_customer,UPDATE,0.6965,True
1,31,Customer,8,Q10,SELECT,15.5045,True
1,31,Customer,9,U_customer,UPDATE,0.3964,True
1,31,Customer,10,Q3,SELECT,14.8117,True
1,31,Customer,11,U_customer,UPDATE,0.4095,True
1,31,Customer,12,Q18,SELECT,59.9907,True
1,31,Customer,13,U_customer,UPDATE,0.6512,True
1,31,Customer,14,Q3,SELECT,14.3151,True
1,31,Customer,15,U_customer,UPDATE,0.2604,True
1,31,Customer,16,Q5,SELECT,7.9066,True
1,31,Customer,17,U_customer,UPDATE,0.2389,True
1,31,Customer,18,Q3,SELECT,14.0589,True
1,31,Customer,19,U_customer,UPDATE,0.3529,True
2,0,Reporting,0,Q1,SELECT,29.6075,True
2,0,Reporting,1,U_orders,UPDATE,0.5126,True
2,0,Reporting,2,U_orders,UPDATE,0.1866,True
2,0,Reporting,3,Q6,SELECT,9.1536,True
2,0,Reporting,4,Q1,SELECT,28.593,True
2,0,Reporting,5,Q14,SELECT,3.1017,True
2,0,Reporting,6,Q6,SELECT,8.0978,True
2,0,Reporting,7,Q14,SELECT,2.5495,True
2,0,Reporting,8,Q1,SELECT,27.596,True
2,0,Reporting,9,U_orders,UPDATE,0.6697,True
2,0,Reporting,10,Q12,SELECT,15.891,True
2,0,Reporting,11,Q1,SELECT,28.6998,True
2,0,Reporting,12,Q6,SELECT,8.9173,True
2,0,Reporting,13,U_orders,UPDATE,0.3269,True
2,0,Reporting,14,Q6,SELECT,7.4479,True
2,0,Reporting,15,Q6,SELECT,7.24,True
2,0,Reporting,16,Q6,SELECT,6.9472,True
2,0,Reporting,17,Q14,SELECT,2.8772,True
2,0,Reporting,18,Q14,SELECT,2.3476,True
2,0,Reporting,19,U_orders,UPDATE,0.2561,True
2,0,Reporting,20,Q14,SELECT,2.3473,True
2,0,Reporting,21,Q12,SELECT,16.7126,True
2,0,Reporting,22,U_orders,UPDATE,0.2935,True
2,0,Reporting,23,Q1,SELECT,27.7472,True
2,0,Reporting,24,Q1,SELECT,28.9992,True
2,0,Reporting,25,Q6,SELECT,8.5886,True
2,0,Reporting,26,Q14,SELECT,3.3985,True
2,0,Reporting,27,Q14,SELECT,2.3892,True
2,0,Reporting,28,Q6,SELECT,8.289,True
2,0,Reporting,29,Q4,SELECT,5.2967,True
2,1,Reporting,0,Q14,SELECT,2.8724,True
2,1,Reporting,1,Q1,SELECT,28.067,True
2,1,Reporting,2,Q14,SELECT,3.1332,True
2,1,Reporting,3,Q1,SELECT,28.8887,True
2,1,Reporting,4,Q1,SELECT,28.1007,True
2,1,Reporting,5,U_orders,UPDATE,0.6923,True
2,1,Reporting,6,Q14,SELECT,3.1816,True
2,1,Reporting,7,Q1,SELECT,27.4556,True
2,1,Reporting,8,Q1,SELECT,27.9863,True
2,1,Reporting,9,Q1,SELECT,27.9183,True
2,1,Reporting,10,Q6,SELECT,8.7107,True
2,1,Reporting,11,Q1,SELECT,28.2833,True
2,1,Reporting,12,U_orders,UPDATE,0.7099,True
2,1,Reporting,13,Q14,SELECT,3.1905,True
2,1,Reporting,14,Q1,SELECT,28.0539,True
2,1,Reporting,15,Q12,SELECT,16.9915,True
2,1,Reporting,16,Q1,SELECT,27.7999,True
2,1,Reporting,17,Q14,SELECT,3.2203,True
2,1,Reporting,18,Q1,SELECT,28.1464,True
2,1,Reporting,19,U_orders,UPDATE,0.7509,True
2,1,Reporting,20,Q14,SELECT,3.1735,True
2,1,Reporting,21,U_orders,UPDATE,0.23,True
2,1,Reporting,22,Q6,SELECT,8.4313,True
2,1,Reporting,23,Q14,SELECT,2.6767,True
2,1,Reporting,24,U_orders,UPDATE,0.3203,True
2,1,Reporting,25,Q6,SELECT,7.6272,True
2,1,Reporting,26,U_orders,UPDATE,0.2757,True
2,1,Reporting,27,Q4,SELECT,4.5203,True
2,1,Reporting,28,Q12,SELECT,15.8918,True
2,1,Reporting,29,Q1,SELECT,27.2358,True
2,2,Reporting,0,Q6,SELECT,9.0267,True
2,2,Reporting,1,Q6,SELECT,7.2261,True
2,2,Reporting,2,U_orders,UPDATE,0.6556,True
2,2,Reporting,3,Q4,SELECT,4.4878,True
2,2,Reporting,4,Q6,SELECT,7.7792,True
2,2,Reporting,5,Q1,SELECT,27.8433,True
2,2,Reporting,6,Q14,SELECT,3.3437,True
2,2,Reporting,7,U_orders,UPDATE,0.3937,True
2,2,Reporting,8,Q14,SELECT,2.3864,True
2,2,Reporting,9,Q6,SELECT,8.8657,True
2,2,Reporting,10,Q6,SELECT,8.6317,True
2,2,Reporting,11,Q6,SELECT,7.3602,True
2,2,Reporting,12,U_orders,UPDATE,0.3573,True
2,2,Reporting,13,Q1,SELECT,28.1116,True
2,2,Reporting,14,Q1,SELECT,27.647,True
2,2,Reporting,15,Q14,SELECT,3.2286,True
2,2,Reporting,16,Q14,SELECT,2.7671,True
2,2,Reporting,17,Q12,SELECT,16.1606,True
2,2,Reporting,18,Q1,SELECT,28.6522,True
2,2,Reporting,19,Q6,SELECT,8.5955,True
2,2,Reporting,20,Q12,SELECT,15.9775,True
2,2,Reporting,21,Q14,SELECT,2.8601,True
2,2,Reporting,22,Q1,SELECT,27.4145,True
2,2,Reporting,23,U_orders,UPDATE,0.4534,True
2,2,Reporting,24,Q1,SELECT,27.6005,True
2,2,Reporting,25,Q1,SELECT,27.5535,True
2,2,Reporting,26,U_orders,UPDATE,0.3669,True
2,2,Reporting,27,Q14,SELECT,3.1899,True
2,2,Reporting,28,U_orders,UPDATE,0.2575,True
2,2,Reporting,29,Q1,SELECT,28.4524,True
2,3,Reporting,0,U_orders,UPDATE,0.4893,True
2,3,Reporting,1,Q6,SELECT,8.6146,True
2,3,Reporting,2,Q6,SELECT,7.3578,True
2,3,Reporting,3,Q6,SELECT,7.0362,True
2,3,Reporting,4,Q1,SELECT,27.726,True
2,3,Reporting,5,U_orders,UPDATE,0.3864,True
2,3,Reporting,6,Q6,SELECT,8.7885,True
2,3,Reporting,7,U_orders,UPDATE,0.2529,True
2,3,Reporting,8,U_orders,UPDATE,0.1572,True
2,3,Reporting,9,Q1,SELECT,27.3577,True
2,3,Reporting,10,Q12,SELECT,15.9975,True
2,3,Reporting,11,Q12,SELECT,16.56,True
2,3,Reporting,12,Q14,SELECT,3.2188,True
2,3,Reporting,13,Q14,SELECT,2.4215,True
2,3,Reporting,14,Q1,SELECT,26.9756,True
2,3,Reporting,15,Q14,SELECT,3.1394,True
2,3,Reporting,16,Q1,SELECT,28.1775,True
2,3,Reporting,17,Q1,SELECT,28.266,True
2,3,Reporting,18,Q14,SELECT,3.7662,True
2,3,Reporting,19,Q14,SELECT,2.4882,True
2,3,Reporting,20,Q4,SELECT,4.7958,True
2,3,Reporting,21,Q4,SELECT,3.6903,True
2,3,Reporting,22,Q12,SELECT,16.3472,True
2,3,Reporting,23,Q14,SELECT,2.9829,True
2,3,Reporting,24,Q1,SELECT,27.6841,True
2,3,Reporting,25,U_orders,UPDATE,1.2587,True
2,3,Reporting,26,U_orders,UPDATE,0.299,True
2,3,Reporting,27,Q6,SELECT,8.5821,True
2,3,Reporting,28,Q6,SELECT,8.4766,True
2,3,Reporting,29,Q6,SELECT,7.5012,True
2,4,Reporting,0,Q14,SELECT,2.9794,True
2,4,Reporting,1,Q12,SELECT,16.1119,True
2,4,Reporting,2,Q4,SELECT,4.4138,True
2,4,Reporting,3,U_orders,UPDATE,0.2623,True
2,4,Reporting,4,U_orders,UPDATE,0.1688,True
2,4,Reporting,5,U_orders,UPDATE,0.1474,True
2,4,Reporting,6,Q6,SELECT,8.075,True
2,4,Reporting,7,U_orders,UPDATE,0.2188,True
2,4,Reporting,8,Q14,SELECT,2.8125,True
2,4,Reporting,9,Q14,SELECT,2.3622,True
2,4,Reporting,10,Q1,SELECT,27.7062,True
2,4,Reporting,11,Q1,SELECT,28.0267,True
2,4,Reporting,12,Q1,SELECT,29.6203,True
2,4,Reporting,13,Q12,SELECT,17.0545,True
2,4,Reporting,14,U_orders,UPDATE,0.5783,True
2,4,Reporting,15,Q1,SELECT,28.4933,True
2,4,Reporting,16,Q4,SELECT,4.73,True
2,4,Reporting,17,Q12,SELECT,15.9062,True
2,4,Reporting,18,Q1,SELECT,28.3323,True
2,4,Reporting,19,Q6,SELECT,9.2231,True
2,4,Reporting,20,Q14,SELECT,2.9654,True
2,4,Reporting,21,Q14,SELECT,2.3939,True
2,4,Reporting,22,Q6,SELECT,7.7159,True
2,4,Reporting,23,Q14,SELECT,2.4962,True
2,4,Reporting,24,U_orders,UPDATE,0.6004,True
2,4,Reporting,25,Q1,SELECT,26.7562,True
2,4,Reporting,26,Q1,SELECT,27.6783,True
2,4,Reporting,27,Q1,SELECT,28.3481,True
2,4,Reporting,28,Q6,SELECT,8.657,True
2,4,Reporting,29,Q14,SELECT,2.9009,True
2,5,Reporting,0,Q6,SELECT,7.505,True
2,5,Reporting,1,Q1,SELECT,28.7043,True
2,5,Reporting,2,U_orders,UPDATE,0.665,True
2,5,Reporting,3,Q4,SELECT,5.3893,True
2,5,Reporting,4,Q1,SELECT,27.8843,True
2,5,Reporting,5,U_orders,UPDATE,0.3802,True
2,5,Reporting,6,Q12,SELECT,16.253,True
2,5,Reporting,7,Q1,SELECT,26.6512,True
2,5,Reporting,8,Q14,SELECT,3.2738,True
2,5,Reporting,9,Q14,SELECT,2.3888,True
2,5,Reporting,10,Q6,SELECT,8.9715,True
2,5,Reporting,11,Q1,SELECT,26.9502,True
2,5,Reporting,12,Q1,SELECT,28.1729,True
2,5,Reporting,13,Q14,SELECT,3.188,True
2,5,Reporting,14,U_orders,UPDATE,0.6181,True
2,5,Reporting,15,Q1,SELECT,27.9892,True
2,5,Reporting,16,Q1,SELECT,28.8608,True
2,5,Reporting,17,U_orders,UPDATE,0.643,True
2,5,Reporting,18,Q1,SELECT,28.9584,True
2,5,Reporting,19,Q4,SELECT,4.9062,True
2,5,Reporting,20,Q14,SELECT,3.3029,True
2,5,Reporting,21,Q14,SELECT,2.8217,True
2,5,Reporting,22,U_orders,UPDATE,0.2585,True
2,5,Reporting,23,Q12,SELECT,16.1621,True
2,5,Reporting,24,Q1,SELECT,27.4943,True
2,5,Reporting,25,Q12,SELECT,26.8738,True
2,5,Reporting,26,Q1,SELECT,27.7189,True
2,5,Reporting,27,Q12,SELECT,16.971,True
2,5,Reporting,28,U_orders,UPDATE,0.6499,True
2,5,Reporting,29,Q4,SELECT,4.5385,True
2,6,Reporting,0,U_orders,UPDATE,0.4286,True
2,6,Reporting,1,Q12,SELECT,16.1427,True
2,6,Reporting,2,Q6,SELECT,8.3744,True
2,6,Reporting,3,Q6,SELECT,7.5432,True
2,6,Reporting,4,U_orders,UPDATE,0.3095,True
2,6,Reporting,5,Q6,SELECT,7.942,True
2,6,Reporting,6,Q14,SELECT,3.2993,True
2,6,Reporting,7,Q1,SELECT,27.8779,True
2,6,Reporting,8,U_orders,UPDATE,0.3177,True
2,6,Reporting,9,Q1,SELECT,27.9465,True
2,6,Reporting,10,U_orders,UPDATE,0.43,True
2,6,Reporting,11,Q6,SELECT,8.7481,True
2,6,Reporting,12,Q6,SELECT,7.6577,True
2,6,Reporting,13,Q1,SELECT,28.9651,True
2,6,Reporting,14,Q6,SELECT,8.5641,True
2,6,Reporting,15,Q1,SELECT,28.4719,True
2,6,Reporting,16,Q1,SELECT,28.0118,True
2,6,Reporting,17,Q4,SELECT,4.6234,True
2,6,Reporting,18,Q1,SELECT,28.0475,True
2,6,Reporting,19,Q6,SELECT,8.7837,True
2,6,Reporting,20,Q14,SELECT,2.9332,True
2,6,Reporting,21,Q1,SELECT,27.4557,True
2,6,Reporting,22,Q1,SELECT,28.087,True
2,6,Reporting,23,U_orders,UPDATE,0.7106,True
2,6,Reporting,24,Q1,SELECT,27.5901,True
2,6,Reporting,25,Q6,SELECT,8.5852,True
2,6,Reporting,26,Q6,SELECT,7.2594,True
2,6,Reporting,27,Q6,SELECT,7.0136,True
2,6,Reporting,28,U_orders,UPDATE,0.3041,True
2,6,Reporting,29,Q14,SELECT,2.9907,True
2,7,Reporting,0,Q6,SELECT,8.74,True
2,7,Reporting,1,Q14,SELECT,2.8165,True
2,7,Reporting,2,Q1,SELECT,29.0207,True
2,7,Reporting,3,U_orders,UPDATE,0.3524,True
2,7,Reporting,4,Q4,SELECT,5.5306,True
2,7,Reporting,5,U_orders,UPDATE,0.3239,True
2,7,Reporting,6,Q14,SELECT,3.1868,True
2,7,Reporting,7,Q6,SELECT,8.3254,True
2,7,Reporting,8,Q1,SELECT,28.0613,True
2,7,Reporting,9,Q6,SELECT,8.8573,True
2,7,Reporting,10,Q6,SELECT,7.3937,True
2,7,Reporting,11,Q1,SELECT,28.2665,True
2,7,Reporting,12,U_orders,UPDATE,0.7166,True
2,7,Reporting,13,Q1,SELECT,27.5998,True
2,7,Reporting,14,Q1,SELECT,28.8095,True
2,7,Reporting,15,Q1,SELECT,28.528,True
2,7,Reporting,16,Q4,SELECT,4.578,True
2,7,Reporting,17,Q1,SELECT,27.6417,True
2,7,Reporting,18,Q12,SELECT,15.8455,True
2,7,Reporting,19,U_orders,UPDATE,0.5924,True
2,7,Reporting,20,U_orders,UPDATE,0.1707,True
2,7,Reporting,21,Q1,SELECT,27.0005,True
2,7,Reporting,22,Q14,SELECT,3.1914,True
2,7,Reporting,23,U_orders,UPDATE,0.2718,True
2,7,Reporting,24,Q1,SELECT,27.0385,True
2,7,Reporting,25,Q6,SELECT,9.0762,True
2,7,Reporting,26,Q1,SELECT,27.8597,True
2,7,Reporting,27,Q4,SELECT,4.5616,True
2,7,Reporting,28,Q6,SELECT,8.4436,True
2,7,Reporting,29,Q1,SELECT,28.3811,True
2,8,JoinHeavy,0,Q7,SELECT,11.9282,True
2,8,JoinHeavy,1,Q5,SELECT,5.5755,True
2,8,JoinHeavy,2,Q7,SELECT,10.0075,True
2,8,JoinHeavy,3,Q5,SELECT,4.8984,True
2,8,JoinHeavy,4,Q7,SELECT,10.3034,True
2,8,JoinHeavy,5,Q3,SELECT,13.8948,True
2,8,JoinHeavy,6,Q3,SELECT,13.979,True
2,8,JoinHeavy,7,Q18,SELECT,59.757,True
2,8,JoinHeavy,8,Q3,SELECT,13.9718,True
2,8,JoinHeavy,9,Q7,SELECT,11.5364,True
2,8,JoinHeavy,10,Q5,SELECT,5.6518,True
2,8,JoinHeavy,11,Q3,SELECT,13.7785,True
2,8,JoinHeavy,12,Q3,SELECT,13.5725,True
2,8,JoinHeavy,13,Q5,SELECT,5.6645,True
2,8,JoinHeavy,14,Q3,SELECT,13.3251,True
2,8,JoinHeavy,15,Q18,SELECT,60.1153,True
2,8,JoinHeavy,16,Q10,SELECT,13.5603,True
2,8,JoinHeavy,17,Q7,SELECT,11.3775,True
2,8,JoinHeavy,18,Q18,SELECT,60.1271,True
2,8,JoinHeavy,19,Q7,SELECT,11.2312,True
2,8,JoinHeavy,20,Q5,SELECT,5.4402,True
2,8,JoinHeavy,21,Q7,SELECT,10.0678,True
2,8,JoinHeavy,22,I_customer,INSERT,0.6933,True
2,8,JoinHeavy,23,I_customer,INSERT,0.1919,True
2,8,JoinHeavy,24,I_customer,INSERT,0.171,True
2,8,JoinHeavy,25,I_customer,INSERT,0.16,True
2,8,JoinHeavy,26,I_customer,INSERT,0.1642,True
2,8,JoinHeavy,27,I_customer,INSERT,0.1615,True
2,8,JoinHeavy,28,I_customer,INSERT,0.1565,True
2,8,JoinHeavy,29,I_customer,INSERT,0.151,True
2,8,JoinHeavy,30,I_customer,INSERT,0.1477,True
2,8,JoinHeavy,31,I_customer,INSERT,0.1479,True
2,8,JoinHeavy,32,I_customer,INSERT,0.1475,True
2,8,JoinHeavy,33,I_customer,INSERT,0.1698,True
2,8,JoinHeavy,34,I_customer,INSERT,0.2302,True
2,8,JoinHeavy,35,I_customer,INSERT,0.211,True
2,8,JoinHeavy,36,I_customer,INSERT,0.2068,True
2,8,JoinHeavy,37,I_customer,INSERT,0.211,True
2,8,JoinHeavy,38,I_customer,INSERT,0.2113,True
2,8,JoinHeavy,39,I_customer,INSERT,0.4133,True
2,9,JoinHeavy,0,Q10,SELECT,13.2395,True
2,9,JoinHeavy,1,Q10,SELECT,13.3717,True
2,9,JoinHeavy,2,Q3,SELECT,14.4747,True
2,9,JoinHeavy,3,Q7,SELECT,11.7687,True
2,9,JoinHeavy,4,Q7,SELECT,9.7877,True
2,9,JoinHeavy,5,Q18,SELECT,60.9872,True
2,9,JoinHeavy,6,Q18,SELECT,58.5605,True
2,9,JoinHeavy,7,Q18,SELECT,59.7169,True
2,9,JoinHeavy,8,Q3,SELECT,14.368,True
2,9,JoinHeavy,9,Q5,SELECT,5.9212,True
2,9,JoinHeavy,10,Q3,SELECT,13.4971,True
2,9,JoinHeavy,11,Q18,SELECT,58.1903,True
2,9,JoinHeavy,12,Q3,SELECT,14.6508,True
2,9,JoinHeavy,13,Q10,SELECT,13.3373,True
2,9,JoinHeavy,14,Q5,SELECT,6.1204,True
2,9,JoinHeavy,15,Q10,SELECT,12.6412,True
2,9,JoinHeavy,16,Q3,SELECT,13.6903,True
2,9,JoinHeavy,17,Q3,SELECT,13.4878,True
2,9,JoinHeavy,18,Q5,SELECT,5.7684,True
2,9,JoinHeavy,19,Q7,SELECT,11.1358,True
2,9,JoinHeavy,20,Q5,SELECT,5.7327,True
2,9,JoinHeavy,21,Q5,SELECT,4.5021,True
2,9,JoinHeavy,22,I_customer,INSERT,0.5615,True
2,9,JoinHeavy,23,I_customer,INSERT,0.1789,True
2,9,JoinHeavy,24,I_customer,INSERT,0.1592,True
2,9,JoinHeavy,25,I_customer,INSERT,0.1588,True
2,9,JoinHeavy,26,I_customer,INSERT,0.1526,True
2,9,JoinHeavy,27,I_customer,INSERT,0.1474,True
2,9,JoinHeavy,28,I_customer,INSERT,0.1501,True
2,9,JoinHeavy,29,I_customer,INSERT,0.1456,True
2,9,JoinHeavy,30,I_customer,INSERT,0.1634,True
2,9,JoinHeavy,31,I_customer,INSERT,0.2195,True
2,9,JoinHeavy,32,I_customer,INSERT,0.2038,True
2,9,JoinHeavy,33,I_customer,INSERT,0.2068,True
2,9,JoinHeavy,34,I_customer,INSERT,0.2072,True
2,9,JoinHeavy,35,I_customer,INSERT,0.2115,True
2,9,JoinHeavy,36,I_customer,INSERT,0.2034,True
2,9,JoinHeavy,37,I_customer,INSERT,0.2048,True
2,9,JoinHeavy,38,I_customer,INSERT,0.1734,True
2,9,JoinHeavy,39,I_customer,INSERT,0.1866,True
2,10,JoinHeavy,0,Q18,SELECT,59.4238,True
2,10,JoinHeavy,1,Q5,SELECT,6.0807,True
2,10,JoinHeavy,2,Q3,SELECT,13.5103,True
2,10,JoinHeavy,3,Q7,SELECT,10.9589,True
2,10,JoinHeavy,4,Q10,SELECT,13.0318,True
2,10,JoinHeavy,5,Q5,SELECT,5.5891,True
2,10,JoinHeavy,6,Q3,SELECT,13.5619,True
2,10,JoinHeavy,7,Q18,SELECT,59.6094,True
2,10,JoinHeavy,8,Q3,SELECT,13.9133,True
2,10,JoinHeavy,9,Q7,SELECT,11.1707,True
2,10,JoinHeavy,10,Q5,SELECT,5.5532,True
2,10,JoinHeavy,11,Q5,SELECT,4.5665,True
2,10,JoinHeavy,12,Q7,SELECT,10.6905,True
2,10,JoinHeavy,13,Q5,SELECT,5.0285,True
2,10,JoinHeavy,14,Q3,SELECT,13.5832,True
2,10,JoinHeavy,15,Q3,SELECT,13.377,True
2,10,JoinHeavy,16,Q10,SELECT,12.8792,True
2,10,JoinHeavy,17,Q3,SELECT,13.6018,True
2,10,JoinHeavy,18,Q3,SELECT,13.6908,True
2,10,JoinHeavy,19,Q18,SELECT,58.77,True
2,10,JoinHeavy,20,Q5,SELECT,6.2227,True
2,10,JoinHeavy,21,Q18,SELECT,58.5576,True
2,10,JoinHeavy,22,I_customer,INSERT,0.6931,True
2,10,JoinHeavy,23,I_customer,INSERT,0.2165,True
2,10,JoinHeavy,24,I_customer,INSERT,0.181,True
2,10,JoinHeavy,25,I_customer,INSERT,0.1656,True
2,10,JoinHeavy,26,I_customer,INSERT,0.1647,True
2,10,JoinHeavy,27,I_customer,INSERT,0.1442,True
2,10,JoinHeavy,28,I_customer,INSERT,0.1471,True
2,10,JoinHeavy,29,I_customer,INSERT,0.1431,True
2,10,JoinHeavy,30,I_customer,INSERT,0.1437,True
2,10,JoinHeavy,31,I_customer,INSERT,0.1453,True
2,10,JoinHeavy,32,I_customer,INSERT,0.144,True
2,10,JoinHeavy,33,I_customer,INSERT,0.1421,True
2,10,JoinHeavy,34,I_customer,INSERT,0.1297,True
2,10,JoinHeavy,35,I_customer,INSERT,0.1287,True
2,10,JoinHeavy,36,I_customer,INSERT,0.1294,True
2,10,JoinHeavy,37,I_customer,INSERT,0.1305,True
2,10,JoinHeavy,38,I_customer,INSERT,0.1285,True
2,10,JoinHeavy,39,I_customer,INSERT,0.1317,True
2,11,JoinHeavy,0,Q5,SELECT,5.6168,True
2,11,JoinHeavy,1,Q5,SELECT,4.4102,True
2,11,JoinHeavy,2,Q10,SELECT,13.3446,True
2,11,JoinHeavy,3,Q3,SELECT,14.2752,True
2,11,JoinHeavy,4,Q5,SELECT,6.3693,True
2,11,JoinHeavy,5,Q10,SELECT,13.8628,True
2,11,JoinHeavy,6,Q7,SELECT,11.1833,True
2,11,JoinHeavy,7,Q18,SELECT,59.1785,True
2,11,JoinHeavy,8,Q3,SELECT,14.0414,True
2,11,JoinHeavy,9,Q3,SELECT,13.096,True
2,11,JoinHeavy,10,Q7,SELECT,10.9251,True
2,11,JoinHeavy,11,Q10,SELECT,13.156,True
2,11,JoinHeavy,12,Q3,SELECT,14.4928,True
2,11,JoinHeavy,13,Q5,SELECT,5.9781,True
2,11,JoinHeavy,14,Q18,SELECT,59.3783,True
2,11,JoinHeavy,15,Q3,SELECT,14.314,True
2,11,JoinHeavy,16,Q10,SELECT,13.2721,True
2,11,JoinHeavy,17,Q5,SELECT,5.8756,True
2,11,JoinHeavy,18,Q7,SELECT,10.7474,True
2,11,JoinHeavy,19,Q10,SELECT,13.134,True
2,11,JoinHeavy,20,Q5,SELECT,5.6633,True
2,11,JoinHeavy,21,Q5,SELECT,4.6137,True
2,11,JoinHeavy,22,I_customer,INSERT,0.733,True
2,11,JoinHeavy,23,I_customer,INSERT,0.2943,True
2,11,JoinHeavy,24,I_customer,INSERT,0.2378,True
2,11,JoinHeavy,25,I_customer,INSERT,0.2257,True
2,11,JoinHeavy,26,I_customer,INSERT,0.218,True
2,11,JoinHeavy,27,I_customer,INSERT,0.2123,True
2,11,JoinHeavy,28,I_customer,INSERT,0.2097,True
2,11,JoinHeavy,29,I_customer,INSERT,0.2172,True
2,11,JoinHeavy,30,I_customer,INSERT,0.2218,True
2,11,JoinHeavy,31,I_customer,INSERT,0.2329,True
2,11,JoinHeavy,32,I_customer,INSERT,0.266,True
2,11,JoinHeavy,33,I_customer,INSERT,0.171,True
2,11,JoinHeavy,34,I_customer,INSERT,0.1465,True
2,11,JoinHeavy,35,I_customer,INSERT,0.1457,True
2,11,JoinHeavy,36,I_customer,INSERT,0.1438,True
2,11,JoinHeavy,37,I_customer,INSERT,0.1539,True
2,11,JoinHeavy,38,I_customer,INSERT,0.2382,True
2,11,JoinHeavy,39,I_customer,INSERT,0.1761,True
2,12,JoinHeavy,0,Q5,SELECT,4.3535,True
2,12,JoinHeavy,1,Q18,SELECT,59.3177,True
2,12,JoinHeavy,2,Q5,SELECT,5.7644,True
2,12,JoinHeavy,3,Q3,SELECT,13.6133,True
2,12,JoinHeavy,4,Q7,SELECT,11.3936,True
2,12,JoinHeavy,5,Q10,SELECT,12.9355,True
2,12,JoinHeavy,6,Q10,SELECT,12.9325,True
2,12,JoinHeavy,7,Q7,SELECT,11.1295,True
2,12,JoinHeavy,8,Q3,SELECT,13.7123,True
2,12,JoinHeavy,9,Q3,SELECT,13.3545,True
2,12,JoinHeavy,10,Q5,SELECT,5.988,True
2,12,JoinHeavy,11,Q5,SELECT,4.5731,True
2,12,JoinHeavy,12,Q5,SELECT,4.917,True
2,12,JoinHeavy,13,Q10,SELECT,13.261,True
2,12,JoinHeavy,14,Q18,SELECT,58.9753,True
2,12,JoinHeavy,15,Q10,SELECT,14.2097,True
2,12,JoinHeavy,16,Q18,SELECT,59.3997,True
2,12,JoinHeavy,17,Q5,SELECT,5.8949,True
2,12,JoinHeavy,18,Q5,SELECT,4.6481,True
2,12,JoinHeavy,19,Q18,SELECT,58.6997,True
2,12,JoinHeavy,20,Q18,SELECT,58.7564,True
2,12,JoinHeavy,21,Q18,SELECT,58.481,True
2,12,JoinHeavy,22,I_customer,INSERT,0.8491,True
2,12,JoinHeavy,23,I_customer,INSERT,0.2391,True
2,12,JoinHeavy,24,I_customer,INSERT,0.4157,True
2,12,JoinHeavy,25,I_customer,INSERT,0.2195,True
2,12,JoinHeavy,26,I_customer,INSERT,0.1888,True
2,12,JoinHeavy,27,I_customer,INSERT,0.2001,True
2,12,JoinHeavy,28,I_customer,INSERT,0.2232,True
2,12,JoinHeavy,29,I_customer,INSERT,0.2156,True
2,12,JoinHeavy,30,I_customer,INSERT,0.2115,True
2,12,JoinHeavy,31,I_customer,INSERT,0.208,True
2,12,JoinHeavy,32,I_customer,INSERT,0.2093,True
2,12,JoinHeavy,33,I_customer,INSERT,0.469,True
2,12,JoinHeavy,34,I_customer,INSERT,0.2099,True
2,12,JoinHeavy,35,I_customer,INSERT,0.2065,True
2,12,JoinHeavy,36,I_customer,INSERT,0.229,True
2,12,JoinHeavy,37,I_customer,INSERT,0.2213,True
2,12,JoinHeavy,38,I_customer,INSERT,0.2129,True
2,12,JoinHeavy,39,I_customer,INSERT,0.2088,True
2,13,JoinHeavy,0,Q3,SELECT,13.9277,True
2,13,JoinHeavy,1,Q7,SELECT,11.1138,True
2,13,JoinHeavy,2,Q3,SELECT,13.6859,True
2,13,JoinHeavy,3,Q10,SELECT,13.6815,True
2,13,JoinHeavy,4,Q3,SELECT,14.2161,True
2,13,JoinHeavy,5,Q3,SELECT,14.1204,True
2,13,JoinHeavy,6,Q5,SELECT,5.5978,True
2,13,JoinHeavy,7,Q3,SELECT,13.7153,True
2,13,JoinHeavy,8,Q18,SELECT,60.4019,True
2,13,JoinHeavy,9,Q3,SELECT,13.9791,True
2,13,JoinHeavy,10,Q5,SELECT,5.8769,True
2,13,JoinHeavy,11,Q7,SELECT,10.7563,True
2,13,JoinHeavy,12,Q10,SELECT,13.6804,True
2,13,JoinHeavy,13,Q5,SELECT,6.1084,True
2,13,JoinHeavy,14,Q10,SELECT,13.2761,True
2,13,JoinHeavy,15,Q18,SELECT,59.6374,True
2,13,JoinHeavy,16,Q7,SELECT,11.0549,True
2,13,JoinHeavy,17,Q18,SELECT,60.3738,True
2,13,JoinHeavy,18,Q7,SELECT,11.109,True
2,13,JoinHeavy,19,Q5,SELECT,5.4241,True
2,13,JoinHeavy,20,Q5,SELECT,4.5473,True
2,13,JoinHeavy,21,Q7,SELECT,10.783,True
2,13,JoinHeavy,22,I_customer,INSERT,0.6015,True
2,13,JoinHeavy,23,I_customer,INSERT,0.213,True
2,13,JoinHeavy,24,I_customer,INSERT,0.2634,True
2,13,JoinHeavy,25,I_customer,INSERT,0.3208,True
2,13,JoinHeavy,26,I_customer,INSERT,0.3445,True
2,13,JoinHeavy,27,I_customer,INSERT,0.354,True
2,13,JoinHeavy,28,I_customer,INSERT,0.2908,True
2,13,JoinHeavy,29,I_customer,INSERT,0.2752,True
2,13,JoinHeavy,30,I_customer,INSERT,0.2136,True
2,13,JoinHeavy,31,I_customer,INSERT,0.1789,True
2,13,JoinHeavy,32,I_customer,INSERT,0.1629,True
2,13,JoinHeavy,33,I_customer,INSERT,0.1469,True
2,13,JoinHeavy,34,I_customer,INSERT,0.1437,True
2,13,JoinHeavy,35,I_customer,INSERT,0.1513,True
2,13,JoinHeavy,36,I_customer,INSERT,0.1746,True
2,13,JoinHeavy,37,I_customer,INSERT,0.1561,True
2,13,JoinHeavy,38,I_customer,INSERT,0.1453,True
2,13,JoinHeavy,39,I_customer,INSERT,0.1589,True
2,14,JoinHeavy,0,Q18,SELECT,59.8514,True
2,14,JoinHeavy,1,Q5,SELECT,5.8173,True
2,14,JoinHeavy,2,Q7,SELECT,11.0661,True
2,14,JoinHeavy,3,Q3,SELECT,14.2535,True
2,14,JoinHeavy,4,Q7,SELECT,11.047,True
2,14,JoinHeavy,5,Q7,SELECT,9.5375,True
2,14,JoinHeavy,6,Q3,SELECT,13.4225,True
2,14,JoinHeavy,7,Q10,SELECT,12.9561,True
2,14,JoinHeavy,8,Q10,SELECT,12.9353,True
2,14,JoinHeavy,9,Q5,SELECT,5.8439,True
2,14,JoinHeavy,10,Q3,SELECT,14.3775,True
2,14,JoinHeavy,11,Q10,SELECT,13.1726,True
2,14,JoinHeavy,12,Q5,SELECT,5.931,True
2,14,JoinHeavy,13,Q5,SELECT,4.6333,True
2,14,JoinHeavy,14,Q3,SELECT,13.7086,True
2,14,JoinHeavy,15,Q7,SELECT,10.8607,True
2,14,JoinHeavy,16,Q10,SELECT,13.0881,True
2,14,JoinHeavy,17,Q5,SELECT,6.1293,True
2,14,JoinHeavy,18,Q5,SELECT,4.5635,True
2,14,JoinHeavy,19,Q7,SELECT,11.3228,True
2,14,JoinHeavy,20,Q3,SELECT,13.7275,True
2,14,JoinHeavy,21,Q3,SELECT,13.4674,True
2,14,JoinHeavy,22,I_customer,INSERT,0.766,True
2,14,JoinHeavy,23,I_customer,INSERT,0.256,True
2,14,JoinHeavy,24,I_customer,INSERT,0.2439,True
2,14,JoinHeavy,25,I_customer,INSERT,0.2295,True
2,14,JoinHeavy,26,I_customer,INSERT,0.2175,True
2,14,JoinHeavy,27,I_customer,INSERT,0.2096,True
2,14,JoinHeavy,28,I_customer,INSERT,0.2109,True
2,14,JoinHeavy,29,I_customer,INSERT,0.2066,True
2,14,JoinHeavy,30,I_customer,INSERT,0.4251,True
2,14,JoinHeavy,31,I_customer,INSERT,0.2062,True
2,14,JoinHeavy,32,I_customer,INSERT,0.2033,True
2,14,JoinHeavy,33,I_customer,INSERT,0.1997,True
2,14,JoinHeavy,34,I_customer,INSERT,0.205,True
2,14,JoinHeavy,35,I_customer,INSERT,0.2246,True
2,14,JoinHeavy,36,I_customer,INSERT,0.2444,True
2,14,JoinHeavy,37,I_customer,INSERT,0.1796,True
2,14,JoinHeavy,38,I_customer,INSERT,0.1769,True
2,14,JoinHeavy,39,I_customer,INSERT,0.1815,True
2,15,JoinHeavy,0,Q3,SELECT,12.9188,True
2,15,JoinHeavy,1,Q5,SELECT,6.4172,True
2,15,JoinHeavy,2,Q5,SELECT,4.9082,True
2,15,JoinHeavy,3,Q5,SELECT,4.4061,True
2,15,JoinHeavy,4,Q7,SELECT,11.684,True
2,15,JoinHeavy,5,Q3,SELECT,14.0277,True
2,15,JoinHeavy,6,Q7,SELECT,10.9519,True
2,15,JoinHeavy,7,Q5,SELECT,5.3833,True
2,15,JoinHeavy,8,Q3,SELECT,13.4068,True
2,15,JoinHeavy,9,Q10,SELECT,12.9802,True
2,15,JoinHeavy,10,Q3,SELECT,13.673,True
2,15,JoinHeavy,11,Q7,SELECT,11.5172,True
2,15,JoinHeavy,12,Q10,SELECT,13.2218,True
2,15,JoinHeavy,13,Q7,SELECT,11.092,True
2,15,JoinHeavy,14,Q3,SELECT,13.6143,True
2,15,JoinHeavy,15,Q7,SELECT,10.6184,True
2,15,JoinHeavy,16,Q7,SELECT,11.1938,True
2,15,JoinHeavy,17,Q18,SELECT,58.5762,True
2,15,JoinHeavy,18,Q10,SELECT,13.3732,True
2,15,JoinHeavy,19,Q3,SELECT,13.9424,True
2,15,JoinHeavy,20,Q5,SELECT,5.9775,True
2,15,JoinHeavy,21,Q10,SELECT,12.9098,True
2,15,JoinHeavy,22,I_customer,INSERT,0.7268,True
2,15,JoinHeavy,23,I_customer,INSERT,0.2463,True
2,15,JoinHeavy,24,I_customer,INSERT,0.4624,True
2,15,JoinHeavy,25,I_customer,INSERT,0.2218,True
2,15,JoinHeavy,26,I_customer,INSERT,0.2123,True
2,15,JoinHeavy,27,I_customer,INSERT,0.2089,True
2,15,JoinHeavy,28,I_customer,INSERT,0.2106,True
2,15,JoinHeavy,29,I_customer,INSERT,0.2054,True
2,15,JoinHeavy,30,I_customer,INSERT,0.2067,True
2,15,JoinHeavy,31,I_customer,INSERT,0.2082,True
2,15,JoinHeavy,32,I_customer,INSERT,0.2145,True
2,15,JoinHeavy,33,I_customer,INSERT,0.2083,True
2,15,JoinHeavy,34,I_customer,INSERT,0.151,True
2,15,JoinHeavy,35,I_customer,INSERT,0.1468,True
2,15,JoinHeavy,36,I_customer,INSERT,0.1427,True
2,15,JoinHeavy,37,I_customer,INSERT,0.1507,True
2,15,JoinHeavy,38,I_customer,INSERT,0.1995,True
2,15,JoinHeavy,39,I_customer,INSERT,0.1703,True
2,16,Procurement,0,D_orders,DELETE,0.136,True
2,16,Procurement,1,D_orders,DELETE,0.1415,True
2,16,Procurement,2,D_orders,DELETE,0.0874,True
2,16,Procurement,3,D_orders,DELETE,0.0786,True
2,16,Procurement,4,Q11,SELECT,7.3628,True
2,16,Procurement,5,Q17,SELECT,44.7561,True
2,16,Procurement,6,Q1,SELECT,27.6025,True
2,16,Procurement,7,Q11,SELECT,8.0135,True
2,16,Procurement,8,Q17,SELECT,45.0893,True
2,16,Procurement,9,Q11,SELECT,8.1805,True
2,16,Procurement,10,Q17,SELECT,44.8616,True
2,16,Procurement,11,Q11,SELECT,7.9186,True
2,16,Procurement,12,Q17,SELECT,45.1783,True
2,16,Procurement,13,Q6,SELECT,9.332,True
2,16,Procurement,14,Q17,SELECT,45.021,True
2,16,Procurement,15,Q1,SELECT,28.962,True
2,16,Procurement,16,Q17,SELECT,45.1277,True
2,16,Procurement,17,Q11,SELECT,7.7073,True
2,16,Procurement,18,Q6,SELECT,8.8551,True
2,16,Procurement,19,Q11,SELECT,7.7417,True
2,16,Procurement,20,Q11,SELECT,7.3007,True
2,16,Procurement,21,Q11,SELECT,7.5626,True
2,16,Procurement,22,Q11,SELECT,7.5327,True
2,16,Procurement,23,Q17,SELECT,44.5933,True
2,16,Procurement,24,Q14,SELECT,3.3918,True
2,17,Procurement,0,D_orders,DELETE,0.3616,True
2,17,Procurement,1,D_orders,DELETE,0.2365,True
2,17,Procurement,2,D_orders,DELETE,0.0798,True
2,17,Procurement,3,D_orders,DELETE,0.0765,True
2,17,Procurement,4,Q17,SELECT,44.382,True
2,17,Procurement,5,Q14,SELECT,3.4564,True
2,17,Procurement,6,Q1,SELECT,28.2147,True
2,17,Procurement,7,Q17,SELECT,45.3706,True
2,17,Procurement,8,Q1,SELECT,27.2592,True
2,17,Procurement,9,Q14,SELECT,3.6627,True
2,17,Procurement,10,Q1,SELECT,27.4894,True
2,17,Procurement,11,Q6,SELECT,8.862,True
2,17,Procurement,12,Q11,SELECT,7.8989,True
2,17,Procurement,13,Q17,SELECT,44.8281,True
2,17,Procurement,14,Q11,SELECT,7.7334,True
2,17,Procurement,15,Q14,SELECT,3.1534,True
2,17,Procurement,16,Q17,SELECT,44.1514,True
2,17,Procurement,17,Q11,SELECT,7.4453,True
2,17,Procurement,18,Q6,SELECT,8.9892,True
2,17,Procurement,19,Q11,SELECT,7.5815,True
2,17,Procurement,20,Q14,SELECT,3.2682,True
2,17,Procurement,21,Q11,SELECT,7.6147,True
2,17,Procurement,22,Q11,SELECT,7.1585,True
2,17,Procurement,23,Q14,SELECT,2.444,True
2,17,Procurement,24,Q11,SELECT,7.5285,True
2,18,Procurement,0,D_orders,DELETE,0.7114,True
2,18,Procurement,1,D_orders,DELETE,0.0956,True
2,18,Procurement,2,D_orders,DELETE,0.0841,True
2,18,Procurement,3,D_orders,DELETE,0.1461,True
2,18,Procurement,4,Q17,SELECT,44.6443,True
2,18,Procurement,5,Q6,SELECT,8.782,True
2,18,Procurement,6,Q6,SELECT,8.4768,True
2,18,Procurement,7,Q1,SELECT,27.4627,True
2,18,Procurement,8,Q6,SELECT,8.5086,True
2,18,Procurement,9,Q6,SELECT,7.1583,True
2,18,Procurement,10,Q17,SELECT,46.0972,True
2,18,Procurement,11,Q14,SELECT,3.1726,True
2,18,Procurement,12,Q17,SELECT,45.0832,True
2,18,Procurement,13,Q6,SELECT,8.9514,True
2,18,Procurement,14,Q17,SELECT,46.0165,True
2,18,Procurement,15,Q1,SELECT,28.2313,True
2,18,Procurement,16,Q17,SELECT,45.0902,True
2,18,Procurement,17,Q1,SELECT,27.9685,True
2,18,Procurement,18,Q6,SELECT,9.3792,True
2,18,Procurement,19,Q17,SELECT,45.6686,True
2,18,Procurement,20,Q6,SELECT,9.0789,True
2,18,Procurement,21,Q17,SELECT,46.0735,True
2,18,Procurement,22,Q11,SELECT,7.8501,True
2,18,Procurement,23,Q11,SELECT,7.6896,True
2,18,Procurement,24,Q14,SELECT,3.2474,True
2,19,Procurement,0,D_orders,DELETE,0.2662,True
2,19,Procurement,1,D_orders,DELETE,0.2679,True
2,19,Procurement,2,D_orders,DELETE,0.1103,True
2,19,Procurement,3,D_orders,DELETE,0.1097,True
2,19,Procurement,4,Q1,SELECT,27.0513,True
2,19,Procurement,5,Q11,SELECT,7.9543,True
2,19,Procurement,6,Q11,SELECT,7.6636,True
2,19,Procurement,7,Q14,SELECT,3.5706,True
2,19,Procurement,8,Q17,SELECT,44.1885,True
2,19,Procurement,9,Q17,SELECT,45.297,True
2,19,Procurement,10,Q1,SELECT,28.2214,True
2,19,Procurement,11,Q6,SELECT,8.7098,True
2,19,Procurement,12,Q11,SELECT,7.8253,True
2,19,Procurement,13,Q11,SELECT,7.5645,True
2,19,Procurement,14,Q6,SELECT,8.1874,True
2,19,Procurement,15,Q17,SELECT,44.447,True
2,19,Procurement,16,Q1,SELECT,27.9719,True
2,19,Procurement,17,Q11,SELECT,8.0924,True
2,19,Procurement,18,Q14,SELECT,3.7224,True
2,19,Procurement,19,Q6,SELECT,8.6281,True
2,19,Procurement,20,Q14,SELECT,2.6722,True
2,19,Procurement,21,Q17,SELECT,43.6369,True
2,19,Procurement,22,Q11,SELECT,7.5698,True
2,19,Procurement,23,Q6,SELECT,8.8069,True
2,19,Procurement,24,Q14,SELECT,3.2283,True
2,20,Procurement,0,D_orders,DELETE,0.2257,True
2,20,Procurement,1,D_orders,DELETE,0.451,True
2,20,Procurement,2,D_orders,DELETE,0.0972,True
2,20,Procurement,3,D_orders,DELETE,0.1034,True
2,20,Procurement,4,Q17,SELECT,44.1819,True
2,20,Procurement,5,Q17,SELECT,46.5882,True
2,20,Procurement,6,Q11,SELECT,8.0432,True
2,20,Procurement,7,Q6,SELECT,8.86,True
2,20,Procurement,8,Q11,SELECT,7.6988,True
2,20,Procurement,9,Q1,SELECT,29.3375,True
2,20,Procurement,10,Q17,SELECT,61.0595,True
2,20,Procurement,11,Q14,SELECT,3.2129,True
2,20,Procurement,12,Q14,SELECT,2.4651,True
2,20,Procurement,13,Q14,SELECT,2.314,True
2,20,Procurement,14,Q6,SELECT,8.7002,True
2,20,Procurement,15,Q14,SELECT,2.6073,True
2,20,Procurement,16,Q17,SELECT,46.4359,True
2,20,Procurement,17,Q11,SELECT,7.8528,True
2,20,Procurement,18,Q14,SELECT,3.403,True
2,20,Procurement,19,Q11,SELECT,7.2073,True
2,20,Procurement,20,Q11,SELECT,7.5532,True
2,20,Procurement,21,Q6,SELECT,8.7733,True
2,20,Procurement,22,Q6,SELECT,7.5024,True
2,20,Procurement,23,Q17,SELECT,44.8153,True
2,20,Procurement,24,Q6,SELECT,8.5624,True
2,21,Procurement,0,D_orders,DELETE,0.3963,True
2,21,Procurement,1,D_orders,DELETE,0.5306,True
2,21,Procurement,2,D_orders,DELETE,0.1931,True
2,21,Procurement,3,D_orders,DELETE,0.109,True
2,21,Procurement,4,Q14,SELECT,2.8416,True
2,21,Procurement,5,Q17,SELECT,46.0837,True
2,21,Procurement,6,Q1,SELECT,27.8792,True
2,21,Procurement,7,Q11,SELECT,7.7037,True
2,21,Procurement,8,Q17,SELECT,44.9812,True
2,21,Procurement,9,Q11,SELECT,7.9865,True
2,21,Procurement,10,Q11,SELECT,7.6457,True
2,21,Procurement,11,Q1,SELECT,27.1137,True
2,21,Procurement,12,Q17,SELECT,45.0171,True
2,21,Procurement,13,Q1,SELECT,28.1968,True
2,21,Procurement,14,Q1,SELECT,28.0598,True
2,21,Procurement,15,Q1,SELECT,28.7523,True
2,21,Procurement,16,Q6,SELECT,8.9599,True
2,21,Procurement,17,Q17,SELECT,46.4313,True
2,21,Procurement,18,Q14,SELECT,3.4708,True
2,21,Procurement,19,Q14,SELECT,2.3975,True
2,21,Procurement,20,Q1,SELECT,27.4475,True
2,21,Procurement,21,Q11,SELECT,7.9486,True
2,21,Procurement,22,Q14,SELECT,3.2543,True
2,21,Procurement,23,Q1,SELECT,28.0238,True
2,21,Procurement,24,Q17,SELECT,46.5967,True
2,22,Procurement,0,D_orders,DELETE,0.3289,True
2,22,Procurement,1,D_orders,DELETE,0.1262,True
2,22,Procurement,2,D_orders,DELETE,0.117,True
2,22,Procurement,3,D_orders,DELETE,0.1164,True
2,22,Procurement,4,Q1,SELECT,28.7638,True
2,22,Procurement,5,Q11,SELECT,7.9954,True
2,22,Procurement,6,Q14,SELECT,3.5882,True
2,22,Procurement,7,Q11,SELECT,7.7029,True
2,22,Procurement,8,Q14,SELECT,3.0908,True
2,22,Procurement,9,Q17,SELECT,45.0487,True
2,22,Procurement,10,Q6,SELECT,8.8465,True
2,22,Procurement,11,Q17,SELECT,45.0683,True
2,22,Procurement,12,Q6,SELECT,8.8103,True
2,22,Procurement,13,Q17,SELECT,45.0649,True
2,22,Procurement,14,Q11,SELECT,7.6705,True
2,22,Procurement,15,Q11,SELECT,7.6743,True
2,22,Procurement,16,Q11,SELECT,7.3941,True
2,22,Procurement,17,Q1,SELECT,29.5032,True
2,22,Procurement,18,Q17,SELECT,44.6931,True
2,22,Procurement,19,Q6,SELECT,8.6559,True
2,22,Procurement,20,Q17,SELECT,44.969,True
2,22,Procurement,21,Q1,SELECT,27.636,True
2,22,Procurement,22,Q6,SELECT,8.9047,True
2,22,Procurement,23,Q11,SELECT,7.748,True
2,22,Procurement,24,Q11,SELECT,7.6805,True
2,23,Procurement,0,D_orders,DELETE,0.7813,True
2,23,Procurement,1,D_orders,DELETE,0.1155,True
2,23,Procurement,2,D_orders,DELETE,0.1907,True
2,23,Procurement,3,D_orders,DELETE,0.1063,True
2,23,Procurement,4,Q11,SELECT,7.3849,True
2,23,Procurement,5,Q11,SELECT,7.4059,True
2,23,Procurement,6,Q11,SELECT,7.6026,True
2,23,Procurement,7,Q6,SELECT,8.8682,True
2,23,Procurement,8,Q6,SELECT,7.6255,True
2,23,Procurement,9,Q11,SELECT,7.7678,True
2,23,Procurement,10,Q6,SELECT,8.2593,True
2,23,Procurement,11,Q11,SELECT,7.695,True
2,23,Procurement,12,Q11,SELECT,7.5734,True
2,23,Procurement,13,Q6,SELECT,7.5988,True
2,23,Procurement,14,Q11,SELECT,7.3606,True
2,23,Procurement,15,Q14,SELECT,2.9521,True
2,23,Procurement,16,Q6,SELECT,8.5397,True
2,23,Procurement,17,Q17,SELECT,44.985,True
2,23,Procurement,18,Q11,SELECT,7.9858,True
2,23,Procurement,19,Q6,SELECT,8.3905,True
2,23,Procurement,20,Q17,SELECT,45.3965,True
2,23,Procurement,21,Q11,SELECT,7.4412,True
2,23,Procurement,22,Q17,SELECT,44.9172,True
2,23,Procurement,23,Q11,SELECT,7.9825,True
2,23,Procurement,24,Q1,SELECT,27.8943,True
2,24,Customer,0,Q3,SELECT,14.2524,True
2,24,Customer,1,U_customer,UPDATE,0.69,True
2,24,Customer,2,Q10,SELECT,13.2343,True
2,24,Customer,3,U_customer,UPDATE,0.3441,True
2,24,Customer,4,Q3,SELECT,14.5253,True
2,24,Customer,5,U_customer,UPDATE,0.4407,True
2,24,Customer,6,Q10,SELECT,13.807,True
2,24,Customer,7,U_customer,UPDATE,0.3555,True
2,24,Customer,8,Q5,SELECT,6.102,True
2,24,Customer,9,U_customer,UPDATE,0.2268,True
2,24,Customer,10,Q5,SELECT,4.4939,True
2,24,Customer,11,U_customer,UPDATE,0.1529,True
2,24,Customer,12,Q18,SELECT,60.503,True
2,24,Customer,13,U_customer,UPDATE,0.2825,True
2,24,Customer,14,Q3,SELECT,14.1545,True
2,24,Customer,15,U_customer,UPDATE,0.3455,True
2,24,Customer,16,Q7,SELECT,11.4007,True
2,24,Customer,17,U_customer,UPDATE,0.245,True
2,24,Customer,18,Q10,SELECT,13.0691,True
2,24,Customer,19,U_customer,UPDATE,0.3847,True
2,25,Customer,0,Q7,SELECT,10.9498,True
2,25,Customer,1,U_customer,UPDATE,0.2303,True
2,25,Customer,2,Q3,SELECT,13.5959,True
2,25,Customer,3,U_customer,UPDATE,0.391,True
2,25,Customer,4,Q18,SELECT,60.0465,True
2,25,Customer,5,U_customer,UPDATE,0.6752,True
2,25,Customer,6,Q5,SELECT,5.8603,True
2,25,Customer,7,U_customer,UPDATE,0.2604,True
2,25,Customer,8,Q18,SELECT,59.918,True
2,25,Customer,9,U_customer,UPDATE,0.6853,True
2,25,Customer,10,Q5,SELECT,5.8563,True
2,25,Customer,11,U_customer,UPDATE,0.2224,True
2,25,Customer,12,Q18,SELECT,60.7909,True
2,25,Customer,13,U_customer,UPDATE,0.4163,True
2,25,Customer,14,Q18,SELECT,58.4901,True
2,25,Customer,15,U_customer,UPDATE,0.592,True
2,25,Customer,16,Q5,SELECT,5.9445,True
2,25,Customer,17,U_customer,UPDATE,0.2084,True
2,25,Customer,18,Q10,SELECT,13.1442,True
2,25,Customer,19,U_customer,UPDATE,0.4052,True
2,26,Customer,0,Q18,SELECT,60.077,True
2,26,Customer,1,U_customer,UPDATE,0.6146,True
2,26,Customer,2,Q3,SELECT,14.6176,True
2,26,Customer,3,U_customer,UPDATE,0.3592,True
2,26,Customer,4,Q10,SELECT,13.537,True
2,26,Customer,5,U_customer,UPDATE,0.4015,True
2,26,Customer,6,Q3,SELECT,14.0574,True
2,26,Customer,7,U_customer,UPDATE,0.2702,True
2,26,Customer,8,Q10,SELECT,13.2695,True
2,26,Customer,9,U_customer,UPDATE,0.2748,True
2,26,Customer,10,Q5,SELECT,5.8155,True
2,26,Customer,11,U_customer,UPDATE,0.25,True
2,26,Customer,12,Q18,SELECT,59.7179,True
2,26,Customer,13,U_customer,UPDATE,0.7008,True
2,26,Customer,14,Q3,SELECT,14.1156,True
2,26,Customer,15,U_customer,UPDATE,0.3653,True
2,26,Customer,16,Q10,SELECT,13.2534,True
2,26,Customer,17,U_customer,UPDATE,0.3237,True
2,26,Customer,18,Q18,SELECT,59.994,True
2,26,Customer,19,U_customer,UPDATE,0.7168,True
2,27,Customer,0,Q18,SELECT,59.6077,True
2,27,Customer,1,U_customer,UPDATE,0.6672,True
2,27,Customer,2,Q3,SELECT,13.8256,True
2,27,Customer,3,U_customer,UPDATE,0.3993,True
2,27,Customer,4,Q7,SELECT,11.0309,True
2,27,Customer,5,U_customer,UPDATE,0.2335,True
2,27,Customer,6,Q18,SELECT,59.3537,True
2,27,Customer,7,U_customer,UPDATE,1.2842,True
2,27,Customer,8,Q3,SELECT,13.6294,True
2,27,Customer,9,U_customer,UPDATE,0.3468,True
2,27,Customer,10,Q10,SELECT,13.1252,True
2,27,Customer,11,U_customer,UPDATE,0.2703,True
2,27,Customer,12,Q3,SELECT,14.1152,True
2,27,Customer,13,U_customer,UPDATE,0.2685,True
2,27,Customer,14,Q3,SELECT,13.5627,True
2,27,Customer,15,U_customer,UPDATE,0.2712,True
2,27,Customer,16,Q3,SELECT,13.4403,True
2,27,Customer,17,U_customer,UPDATE,0.3667,True
2,27,Customer,18,Q3,SELECT,13.4207,True
2,27,Customer,19,U_customer,UPDATE,0.279,True
2,28,Customer,0,Q18,SELECT,59.8315,True
2,28,Customer,1,U_customer,UPDATE,0.6587,True
2,28,Customer,2,Q3,SELECT,13.9806,True
2,28,Customer,3,U_customer,UPDATE,0.369,True
2,28,Customer,4,Q5,SELECT,5.7014,True
2,28,Customer,5,U_customer,UPDATE,0.2236,True
2,28,Customer,6,Q18,SELECT,59.3886,True
2,28,Customer,7,U_customer,UPDATE,0.6556,True
2,28,Customer,8,Q18,SELECT,58.1362,True
2,28,Customer,9,U_customer,UPDATE,0.7068,True
2,28,Customer,10,Q18,SELECT,58.7623,True
2,28,Customer,11,U_customer,UPDATE,0.6272,True
2,28,Customer,12,Q3,SELECT,13.9975,True
2,28,Customer,13,U_customer,UPDATE,0.3548,True
2,28,Customer,14,Q3,SELECT,13.9488,True
2,28,Customer,15,U_customer,UPDATE,0.3333,True
2,28,Customer,16,Q18,SELECT,59.6103,True
2,28,Customer,17,U_customer,UPDATE,0.7147,True
2,28,Customer,18,Q10,SELECT,13.9745,True
2,28,Customer,19,U_customer,UPDATE,0.3983,True
2,29,Customer,0,Q18,SELECT,59.9428,True
2,29,Customer,1,U_customer,UPDATE,0.679,True
2,29,Customer,2,Q10,SELECT,13.4523,True
2,29,Customer,3,U_customer,UPDATE,0.3679,True
2,29,Customer,4,Q10,SELECT,13.558,True
2,29,Customer,5,U_customer,UPDATE,0.392,True
2,29,Customer,6,Q7,SELECT,11.5435,True
2,29,Customer,7,U_customer,UPDATE,0.2672,True
2,29,Customer,8,Q7,SELECT,9.7788,True
2,29,Customer,9,U_customer,UPDATE,0.2159,True
2,29,Customer,10,Q7,SELECT,9.4782,True
2,29,Customer,11,U_customer,UPDATE,0.2011,True
2,29,Customer,12,Q3,SELECT,13.8943,True
2,29,Customer,13,U_customer,UPDATE,0.2723,True
2,29,Customer,14,Q10,SELECT,13.3833,True
2,29,Customer,15,U_customer,UPDATE,0.3201,True
2,29,Customer,16,Q3,SELECT,14.3273,True
2,29,Customer,17,U_customer,UPDATE,0.2545,True
2,29,Customer,18,Q10,SELECT,13.079,True
2,29,Customer,19,U_customer,UPDATE,0.2739,True
2,30,Customer,0,Q10,SELECT,13.108,True
2,30,Customer,1,U_customer,UPDATE,0.4401,True
2,30,Customer,2,Q10,SELECT,13.2104,True
2,30,Customer,3,U_customer,UPDATE,0.3083,True
2,30,Customer,4,Q18,SELECT,60.8255,True
2,30,Customer,5,U_customer,UPDATE,0.7915,True
2,30,Customer,6,Q3,SELECT,14.0658,True
2,30,Customer,7,U_customer,UPDATE,0.2657,True
2,30,Customer,8,Q18,SELECT,59.9153,True
2,30,Customer,9,U_customer,UPDATE,0.7031,True
2,30,Customer,10,Q10,SELECT,13.2987,True
2,30,Customer,11,U_customer,UPDATE,0.3102,True
2,30,Customer,12,Q3,SELECT,13.7366,True
2,30,Customer,13,U_customer,UPDATE,0.274,True
2,30,Customer,14,Q18,SELECT,59.2968,True
2,30,Customer,15,U_customer,UPDATE,0.63,True
2,30,Customer,16,Q10,SELECT,13.2674,True
2,30,Customer,17,U_customer,UPDATE,0.4407,True
2,30,Customer,18,Q3,SELECT,13.4218,True
2,30,Customer,19,U_customer,UPDATE,0.2595,True
2,31,Customer,0,Q10,SELECT,13.2237,True
2,31,Customer,1,U_customer,UPDATE,0.422,True
2,31,Customer,2,Q10,SELECT,13.2181,True
2,31,Customer,3,U_customer,UPDATE,0.4663,True
2,31,Customer,4,Q3,SELECT,14.2429,True
2,31,Customer,5,U_customer,UPDATE,0.2769,True
2,31,Customer,6,Q3,SELECT,14.2596,True
2,31,Customer,7,U_customer,UPDATE,0.2547,True
2,31,Customer,8,Q10,SELECT,13.3936,True
2,31,Customer,9,U_customer,UPDATE,0.3732,True
2,31,Customer,10,Q3,SELECT,13.8434,True
2,31,Customer,11,U_customer,UPDATE,0.3936,True
2,31,Customer,12,Q18,SELECT,59.7859,True
2,31,Customer,13,U_customer,UPDATE,0.355,True
2,31,Customer,14,Q3,SELECT,14.1609,True
2,31,Customer,15,U_customer,UPDATE,0.3392,True
2,31,Customer,16,Q3,SELECT,13.2867,True
2,31,Customer,17,U_customer,UPDATE,0.3092,True
2,31,Customer,18,Q7,SELECT,11.3945,True
2,31,Customer,19,U_customer,UPDATE,0.245,True
3,0,Reporting,0,Q1,SELECT,28.2249,True
3,0,Reporting,1,Q4,SELECT,5.2771,True
3,0,Reporting,2,Q1,SELECT,28.4226,True
3,0,Reporting,3,Q6,SELECT,8.8683,True
3,0,Reporting,4,Q1,SELECT,28.8191,True
3,0,Reporting,5,Q6,SELECT,8.8951,True
3,0,Reporting,6,Q12,SELECT,16.5333,True
3,0,Reporting,7,U_orders,UPDATE,0.5929,True
3,0,Reporting,8,Q6,SELECT,8.1312,True
3,0,Reporting,9,Q1,SELECT,29.2675,True
3,0,Reporting,10,U_orders,UPDATE,0.4022,True
3,0,Reporting,11,Q1,SELECT,28.4893,True
3,0,Reporting,12,Q4,SELECT,4.5247,True
3,0,Reporting,13,U_orders,UPDATE,0.2635,True
3,0,Reporting,14,U_orders,UPDATE,0.1615,True
3,0,Reporting,15,Q14,SELECT,3.0198,True
3,0,Reporting,16,Q12,SELECT,16.1537,True
3,0,Reporting,17,Q12,SELECT,15.7235,True
3,0,Reporting,18,U_orders,UPDATE,0.4544,True
3,0,Reporting,19,Q14,SELECT,2.894,True
3,0,Reporting,20,Q1,SELECT,28.2541,True
3,0,Reporting,21,Q14,SELECT,3.2437,True
3,0,Reporting,22,U_orders,UPDATE,0.3292,True
3,0,Reporting,23,Q6,SELECT,8.4395,True
3,0,Reporting,24,Q14,SELECT,2.5714,True
3,0,Reporting,25,Q4,SELECT,4.4863,True
3,0,Reporting,26,Q14,SELECT,2.5814,True
3,0,Reporting,27,Q4,SELECT,3.7514,True
3,0,Reporting,28,Q4,SELECT,3.5723,True
3,0,Reporting,29,Q1,SELECT,28.0715,True
3,1,Reporting,0,Q12,SELECT,16.4573,True
3,1,Reporting,1,Q1,SELECT,27.6332,True
3,1,Reporting,2,Q14,SELECT,3.7834,True
3,1,Reporting,3,Q6,SELECT,8.6329,True
3,1,Reporting,4,U_orders,UPDATE,1.2533,True
3,1,Reporting,5,Q1,SELECT,28.4887,True
3,1,Reporting,6,Q1,SELECT,27.7237,True
3,1,Reporting,7,Q4,SELECT,4.775,True
3,1,Reporting,8,U_orders,UPDATE,0.6582,True
3,1,Reporting,9,Q1,SELECT,27.6772,True
3,1,Reporting,10,Q1,SELECT,28.4728,True
3,1,Reporting,11,U_orders,UPDATE,0.6938,True
3,1,Reporting,12,Q14,SELECT,3.4186,True
3,1,Reporting,13,U_orders,UPDATE,0.4837,True
3,1,Reporting,14,Q14,SELECT,2.343,True
3,1,Reporting,15,Q12,SELECT,16.5934,True
3,1,Reporting,16,Q14,SELECT,3.2377,True
3,1,Reporting,17,Q1,SELECT,29.0088,True
3,1,Reporting,18,Q6,SELECT,8.7453,True
3,1,Reporting,19,Q1,SELECT,28.0677,True
3,1,Reporting,20,Q4,SELECT,4.5922,True
3,1,Reporting,21,Q1,SELECT,28.726,True
3,1,Reporting,22,U_orders,UPDATE,0.3145,True
3,1,Reporting,23,Q1,SELECT,29.3523,True
3,1,Reporting,24,Q1,SELECT,28.3678,True
3,1,Reporting,25,U_orders,UPDATE,0.7274,True
3,1,Reporting,26,Q1,SELECT,28.5726,True
3,1,Reporting,27,Q1,SELECT,28.8884,True
3,1,Reporting,28,Q12,SELECT,16.6528,True
3,1,Reporting,29,Q12,SELECT,15.9359,True
3,2,Reporting,0,Q6,SELECT,8.373,True
3,2,Reporting,1,U_orders,UPDATE,0.546,True
3,2,Reporting,2,Q6,SELECT,7.103,True
3,2,Reporting,3,Q1,SELECT,29.9584,True
3,2,Reporting,4,U_orders,UPDATE,0.4601,True
3,2,Reporting,5,Q1,SELECT,27.6205,True
3,2,Reporting,6,Q6,SELECT,8.8462,True
3,2,Reporting,7,Q14,SELECT,3.0124,True
3,2,Reporting,8,Q4,SELECT,4.4883,True
3,2,Reporting,9,Q1,SELECT,27.9268,True
3,2,Reporting,10,Q14,SELECT,3.6728,True
3,2,Reporting,11,Q1,SELECT,28.0635,True
3,2,Reporting,12,Q6,SELECT,8.6162,True
3,2,Reporting,13,Q1,SELECT,29.295,True
3,2,Reporting,14,U_orders,UPDATE,0.6704,True
3,2,Reporting,15,Q6,SELECT,8.7927,True
3,2,Reporting,16,Q14,SELECT,2.8908,True
3,2,Reporting,17,Q1,SELECT,28.2643,True
3,2,Reporting,18,U_orders,UPDATE,0.448,True
3,2,Reporting,19,Q6,SELECT,8.7243,True
3,2,Reporting,20,Q14,SELECT,2.9,True
3,2,Reporting,21,U_orders,UPDATE,0.228,True
3,2,Reporting,22,Q12,SELECT,16.4292,True
3,2,Reporting,23,Q14,SELECT,2.8175,True
3,2,Reporting,24,Q1,SELECT,28.9505,True
3,2,Reporting,25,Q1,SELECT,28.1679,True
3,2,Reporting,26,Q6,SELECT,8.6518,True
3,2,Reporting,27,Q6,SELECT,7.2325,True
3,2,Reporting,28,Q4,SELECT,4.4529,True
3,2,Reporting,29,U_orders,UPDATE,0.636,True
3,3,Reporting,0,Q6,SELECT,7.9036,True
3,3,Reporting,1,U_orders,UPDATE,0.2778,True
3,3,Reporting,2,U_orders,UPDATE,0.1626,True
3,3,Reporting,3,Q1,SELECT,28.5575,True
3,3,Reporting,4,Q6,SELECT,8.9043,True
3,3,Reporting,5,U_orders,UPDATE,0.4035,True
3,3,Reporting,6,Q4,SELECT,5.4785,True
3,3,Reporting,7,U_orders,UPDATE,0.2705,True
3,3,Reporting,8,Q1,SELECT,28.0018,True
3,3,Reporting,9,Q1,SELECT,28.2447,True
3,3,Reporting,10,Q1,SELECT,28.5125,True
3,3,Reporting,11,Q1,SELECT,28.4868,True
3,3,Reporting,12,Q1,SELECT,27.5154,True
3,3,Reporting,13,Q1,SELECT,28.1156,True
3,3,Reporting,14,Q1,SELECT,27.9832,True
3,3,Reporting,15,Q1,SELECT,27.3011,True
3,3,Reporting,16,Q14,SELECT,3.4562,True
3,3,Reporting,17,Q6,SELECT,8.5729,True
3,3,Reporting,18,Q1,SELECT,27.297,True
3,3,Reporting,19,U_orders,UPDATE,0.5317,True
3,3,Reporting,20,U_orders,UPDATE,0.1892,True
3,3,Reporting,21,Q12,SELECT,16.3555,True
3,3,Reporting,22,Q1,SELECT,27.3647,True
3,3,Reporting,23,Q12,SELECT,16.5886,True
3,3,Reporting,24,Q6,SELECT,8.5503,True
3,3,Reporting,25,Q12,SELECT,16.0378,True
3,3,Reporting,26,Q1,SELECT,28.8175,True
3,3,Reporting,27,Q6,SELECT,9.0562,True
3,3,Reporting,28,Q1,SELECT,28.8024,True
3,3,Reporting,29,Q4,SELECT,4.5224,True
3,4,Reporting,0,U_orders,UPDATE,0.7333,True
3,4,Reporting,1,Q6,SELECT,8.2454,True
3,4,Reporting,2,Q1,SELECT,28.1051,True
3,4,Reporting,3,Q1,SELECT,28.053,True
3,4,Reporting,4,Q1,SELECT,27.8987,True
3,4,Reporting,5,Q1,SELECT,27.8363,True
3,4,Reporting,6,U_orders,UPDATE,0.3763,True
3,4,Reporting,7,Q1,SELECT,28.0746,True
3,4,Reporting,8,Q4,SELECT,4.6369,True
3,4,Reporting,9,Q14,SELECT,6.8392,True
3,4,Reporting,10,Q6,SELECT,18.7083,True
3,4,Reporting,11,U_orders,UPDATE,0.6393,True
3,4,Reporting,12,Q6,SELECT,10.016,True
3,4,Reporting,13,Q1,SELECT,27.8526,True
3,4,Reporting,14,Q1,SELECT,28.0697,True
3,4,Reporting,15,Q4,SELECT,4.7266,True
3,4,Reporting,16,Q1,SELECT,27.7587,True
3,4,Reporting,17,U_orders,UPDATE,0.7608,True
3,4,Reporting,18,Q4,SELECT,4.5515,True
3,4,Reporting,19,Q4,SELECT,3.9083,True
3,4,Reporting,20,Q6,SELECT,8.8485,True
3,4,Reporting,21,Q6,SELECT,7.2638,True
3,4,Reporting,22,Q6,SELECT,7.07,True
3,4,Reporting,23,U_orders,UPDATE,0.3467,True
3,4,Reporting,24,U_orders,UPDATE,0.1998,True
3,4,Reporting,25,Q6,SELECT,7.1094,True
3,4,Reporting,26,Q6,SELECT,6.7448,True
3,4,Reporting,27,Q6,SELECT,7.0946,True
3,4,Reporting,28,Q6,SELECT,6.8323,True
3,4,Reporting,29,Q6,SELECT,7.9143,True
3,5,Reporting,0,Q1,SELECT,27.2709,True
3,5,Reporting,1,Q1,SELECT,27.5459,True
3,5,Reporting,2,Q1,SELECT,28.2413,True
3,5,Reporting,3,Q1,SELECT,29.2726,True
3,5,Reporting,4,Q6,SELECT,8.701,True
3,5,Reporting,5,Q1,SELECT,28.006,True
3,5,Reporting,6,Q12,SELECT,17.0057,True
3,5,Reporting,7,Q1,SELECT,27.0546,True
3,5,Reporting,8,Q12,SELECT,16.718,True
3,5,Reporting,9,Q4,SELECT,4.3615,True
3,5,Reporting,10,U_orders,UPDATE,0.2815,True
3,5,Reporting,11,Q1,SELECT,28.6141,True
3,5,Reporting,12,U_orders,UPDATE,0.352,True
3,5,Reporting,13,Q1,SELECT,27.8277,True
3,5,Reporting,14,Q1,SELECT,30.9242,True
3,5,Reporting,15,U_orders,UPDATE,0.6939,True
3,5,Reporting,16,Q1,SELECT,27.9558,True
3,5,Reporting,17,U_orders,UPDATE,0.3195,True
3,5,Reporting,18,Q1,SELECT,28.3942,True
3,5,Reporting,19,Q4,SELECT,4.4874,True
3,5,Reporting,20,Q1,SELECT,28.2873,True
3,5,Reporting,21,U_orders,UPDATE,0.5563,True
3,5,Reporting,22,Q6,SELECT,9.4839,True
3,5,Reporting,23,Q6,SELECT,7.5228,True
3,5,Reporting,24,Q1,SELECT,28.2277,True
3,5,Reporting,25,Q4,SELECT,4.5686,True
3,5,Reporting,26,U_orders,UPDATE,0.3435,True
3,5,Reporting,27,Q1,SELECT,28.0538,True
3,5,Reporting,28,Q6,SELECT,8.816,True
3,5,Reporting,29,Q6,SELECT,8.1459,True
3,6,Reporting,0,Q6,SELECT,7.5146,True
3,6,Reporting,1,Q4,SELECT,4.587,True
3,6,Reporting,2,Q6,SELECT,7.7707,True
3,6,Reporting,3,Q1,SELECT,29.3402,True
3,6,Reporting,4,Q1,SELECT,27.5622,True
3,6,Reporting,5,U_orders,UPDATE,0.6136,True
3,6,Reporting,6,U_orders,UPDATE,0.2634,True
3,6,Reporting,7,Q14,SELECT,3.579,True
3,6,Reporting,8,Q12,SELECT,16.7826,True
3,6,Reporting,9,Q6,SELECT,8.2102,True
3,6,Reporting,10,Q14,SELECT,2.6769,True
3,6,Reporting,11,Q6,SELECT,7.6048,True
3,6,Reporting,12,Q1,SELECT,27.9063,True
3,6,Reporting,13,Q6,SELECT,8.322,True
3,6,Reporting,14,U_orders,UPDATE,0.8031,True
3,6,Reporting,15,Q6,SELECT,7.2855,True
3,6,Reporting,16,Q1,SELECT,27.9239,True
3,6,Reporting,17,Q1,SELECT,27.7942,True
3,6,Reporting,18,Q1,SELECT,27.4319,True
3,6,Reporting,19,Q1,SELECT,27.8805,True
3,6,Reporting,20,U_orders,UPDATE,0.7233,True
3,6,Reporting,21,Q14,SELECT,3.0965,True
3,6,Reporting,22,U_orders,UPDATE,0.2215,True
3,6,Reporting,23,Q14,SELECT,2.5186,True
3,6,Reporting,24,Q1,SELECT,28.185,True
3,6,Reporting,25,Q6,SELECT,9.0806,True
3,6,Reporting,26,Q12,SELECT,17.0523,True
3,6,Reporting,27,Q14,SELECT,3.1726,True
3,6,Reporting,28,Q14,SELECT,2.4206,True
3,6,Reporting,29,U_orders,UPDATE,0.6191,True
3,7,Reporting,0,Q6,SELECT,8.0681,True
3,7,Reporting,1,Q4,SELECT,4.299,True
3,7,Reporting,2,U_orders,UPDATE,0.316,True
3,7,Reporting,3,Q12,SELECT,15.7682,True
3,7,Reporting,4,U_orders,UPDATE,0.3275,True
3,7,Reporting,5,U_orders,UPDATE,0.2362,True
3,7,Reporting,6,Q6,SELECT,8.3451,True
3,7,Reporting,7,Q4,SELECT,4.8148,True
3,7,Reporting,8,Q4,SELECT,3.8351,True
3,7,Reporting,9,Q6,SELECT,8.7449,True
3,7,Reporting,10,Q6,SELECT,8.807,True
3,7,Reporting,11,Q6,SELECT,7.1685,True
3,7,Reporting,12,Q6,SELECT,7.2254,True
3,7,Reporting,13,Q1,SELECT,27.3629,True
3,7,Reporting,14,Q6,SELECT,8.3978,True
3,7,Reporting,15,Q12,SELECT,16.3258,True
3,7,Reporting,16,Q6,SELECT,8.4041,True
3,7,Reporting,17,Q1,SELECT,27.5473,True
3,7,Reporting,18,Q6,SELECT,8.3293,True
3,7,Reporting,19,U_orders,UPDATE,0.6446,True
3,7,Reporting,20,Q1,SELECT,28.4829,True
3,7,Reporting,21,Q1,SELECT,29.6063,True
3,7,Reporting,22,Q4,SELECT,4.5964,True
3,7,Reporting,23,Q14,SELECT,3.1028,True
3,7,Reporting,24,U_orders,UPDATE,0.5567,True
3,7,Reporting,25,Q1,SELECT,27.7749,True
3,7,Reporting,26,Q4,SELECT,4.3903,True
3,7,Reporting,27,U_orders,UPDATE,0.3318,True
3,7,Reporting,28,Q1,SELECT,28.1522,True
3,7,Reporting,29,Q4,SELECT,4.6099,True
3,8,JoinHeavy,0,Q10,SELECT,13.2638,True
3,8,JoinHeavy,1,Q18,SELECT,60.0247,True
3,8,JoinHeavy,2,Q7,SELECT,11.3404,True
3,8,JoinHeavy,3,Q3,SELECT,13.9118,True
3,8,JoinHeavy,4,Q5,SELECT,5.8652,True
3,8,JoinHeavy,5,Q3,SELECT,13.6957,True
3,8,JoinHeavy,6,Q10,SELECT,13.0833,True
3,8,JoinHeavy,7,Q3,SELECT,14.0861,True
3,8,JoinHeavy,8,Q5,SELECT,6.2432,True
3,8,JoinHeavy,9,Q3,SELECT,13.7039,True
3,8,JoinHeavy,10,Q18,SELECT,62.3884,True
3,8,JoinHeavy,11,Q3,SELECT,15.8876,True
3,8,JoinHeavy,12,Q5,SELECT,7.2312,True
3,8,JoinHeavy,13,Q3,SELECT,14.8605,True
3,8,JoinHeavy,14,Q5,SELECT,6.1447,True
3,8,JoinHeavy,15,Q3,SELECT,13.8734,True
3,8,JoinHeavy,16,Q3,SELECT,14.133,True
3,8,JoinHeavy,17,Q3,SELECT,14.7094,True
3,8,JoinHeavy,18,Q3,SELECT,14.7929,True
3,8,JoinHeavy,19,Q18,SELECT,61.3761,True
3,8,JoinHeavy,20,Q7,SELECT,11.5406,True
3,8,JoinHeavy,21,Q3,SELECT,13.9385,True
3,8,JoinHeavy,22,I_customer,INSERT,0.7131,True
3,8,JoinHeavy,23,I_customer,INSERT,0.1669,True
3,8,JoinHeavy,24,I_customer,INSERT,0.1498,True
3,8,JoinHeavy,25,I_customer,INSERT,0.138,True
3,8,JoinHeavy,26,I_customer,INSERT,0.1324,True
3,8,JoinHeavy,27,I_customer,INSERT,0.1449,True
3,8,JoinHeavy,28,I_customer,INSERT,0.2201,True
3,8,JoinHeavy,29,I_customer,INSERT,0.2113,True
3,8,JoinHeavy,30,I_customer,INSERT,0.2103,True
3,8,JoinHeavy,31,I_customer,INSERT,0.2035,True
3,8,JoinHeavy,32,I_customer,INSERT,0.1991,True
3,8,JoinHeavy,33,I_customer,INSERT,0.2005,True
3,8,JoinHeavy,34,I_customer,INSERT,0.1987,True
3,8,JoinHeavy,35,I_customer,INSERT,0.2137,True
3,8,JoinHeavy,36,I_customer,INSERT,0.2155,True
3,8,JoinHeavy,37,I_customer,INSERT,0.2021,True
3,8,JoinHeavy,38,I_customer,INSERT,0.1809,True
3,8,JoinHeavy,39,I_customer,INSERT,0.1436,True
3,9,JoinHeavy,0,Q5,SELECT,5.7252,True
3,9,JoinHeavy,1,Q18,SELECT,61.0561,True
3,9,JoinHeavy,2,Q5,SELECT,6.0169,True
3,9,JoinHeavy,3,Q7,SELECT,10.7932,True
3,9,JoinHeavy,4,Q5,SELECT,4.9894,True
3,9,JoinHeavy,5,Q5,SELECT,4.4605,True
3,9,JoinHeavy,6,Q3,SELECT,13.9546,True
3,9,JoinHeavy,7,Q3,SELECT,14.2142,True
3,9,JoinHeavy,8,Q5,SELECT,6.3406,True
3,9,JoinHeavy,9,Q3,SELECT,13.3847,True
3,9,JoinHeavy,10,Q5,SELECT,5.5988,True
3,9,JoinHeavy,11,Q10,SELECT,13.2731,True
3,9,JoinHeavy,12,Q5,SELECT,5.4033,True
3,9,JoinHeavy,13,Q5,SELECT,4.4986,True
3,9,JoinHeavy,14,Q18,SELECT,59.7072,True
3,9,JoinHeavy,15,Q10,SELECT,13.3331,True
3,9,JoinHeavy,16,Q5,SELECT,5.7941,True
3,9,JoinHeavy,17,Q10,SELECT,13.0637,True
3,9,JoinHeavy,18,Q3,SELECT,13.7485,True
3,9,JoinHeavy,19,Q3,SELECT,13.9193,True
3,9,JoinHeavy,20,Q18,SELECT,59.3566,True
3,9,JoinHeavy,21,Q3,SELECT,14.4989,True
3,9,JoinHeavy,22,I_customer,INSERT,0.6788,True
3,9,JoinHeavy,23,I_customer,INSERT,0.2167,True
3,9,JoinHeavy,24,I_customer,INSERT,0.1693,True
3,9,JoinHeavy,25,I_customer,INSERT,0.1575,True
3,9,JoinHeavy,26,I_customer,INSERT,0.1595,True
3,9,JoinHeavy,27,I_customer,INSERT,0.1515,True
3,9,JoinHeavy,28,I_customer,INSERT,0.143,True
3,9,JoinHeavy,29,I_customer,INSERT,0.138,True
3,9,JoinHeavy,30,I_customer,INSERT,0.135,True
3,9,JoinHeavy,31,I_customer,INSERT,0.1307,True
3,9,JoinHeavy,32,I_customer,INSERT,0.135,True
3,9,JoinHeavy,33,I_customer,INSERT,0.1259,True
3,9,JoinHeavy,34,I_customer,INSERT,0.1273,True
3,9,JoinHeavy,35,I_customer,INSERT,0.127,True
3,9,JoinHeavy,36,I_customer,INSERT,0.1271,True
3,9,JoinHeavy,37,I_customer,INSERT,0.1616,True
3,9,JoinHeavy,38,I_customer,INSERT,0.1333,True
3,9,JoinHeavy,39,I_customer,INSERT,0.1365,True
3,10,JoinHeavy,0,Q10,SELECT,13.6505,True
3,10,JoinHeavy,1,Q7,SELECT,11.4202,True
3,10,JoinHeavy,2,Q3,SELECT,14.0605,True
3,10,JoinHeavy,3,Q18,SELECT,60.6006,True
3,10,JoinHeavy,4,Q3,SELECT,14.1461,True
3,10,JoinHeavy,5,Q3,SELECT,13.59,True
3,10,JoinHeavy,6,Q3,SELECT,13.1778,True
3,10,JoinHeavy,7,Q3,SELECT,13.4737,True
3,10,JoinHeavy,8,Q5,SELECT,6.2806,True
3,10,JoinHeavy,9,Q7,SELECT,11.1155,True
3,10,JoinHeavy,10,Q3,SELECT,13.9541,True
3,10,JoinHeavy,11,Q5,SELECT,5.641,True
3,10,JoinHeavy,12,Q7,SELECT,10.7294,True
3,10,JoinHeavy,13,Q10,SELECT,13.1137,True
3,10,JoinHeavy,14,Q5,SELECT,5.5972,True
3,10,JoinHeavy,15,Q5,SELECT,4.5738,True
3,10,JoinHeavy,16,Q7,SELECT,11.2337,True
3,10,JoinHeavy,17,Q10,SELECT,13.6115,True
3,10,JoinHeavy,18,Q7,SELECT,11.4763,True
3,10,JoinHeavy,19,Q5,SELECT,5.4149,True
3,10,JoinHeavy,20,Q3,SELECT,13.9276,True
3,10,JoinHeavy,21,Q7,SELECT,11.1151,True
3,10,JoinHeavy,22,I_customer,INSERT,0.6262,True
3,10,JoinHeavy,23,I_customer,INSERT,0.456,True
3,10,JoinHeavy,24,I_customer,INSERT,0.1845,True
3,10,JoinHeavy,25,I_customer,INSERT,0.1541,True
3,10,JoinHeavy,26,I_customer,INSERT,0.1527,True
3,10,JoinHeavy,27,I_customer,INSERT,0.1633,True
3,10,JoinHeavy,28,I_customer,INSERT,0.1616,True
3,10,JoinHeavy,29,I_customer,INSERT,0.14,True
3,10,JoinHeavy,30,I_customer,INSERT,0.1188,True
3,10,JoinHeavy,31,I_customer,INSERT,0.1175,True
3,10,JoinHeavy,32,I_customer,INSERT,0.1237,True
3,10,JoinHeavy,33,I_customer,INSERT,0.1599,True
3,10,JoinHeavy,34,I_customer,INSERT,0.1722,True
3,10,JoinHeavy,35,I_customer,INSERT,0.1504,True
3,10,JoinHeavy,36,I_customer,INSERT,0.1492,True
3,10,JoinHeavy,37,I_customer,INSERT,0.151,True
3,10,JoinHeavy,38,I_customer,INSERT,0.1489,True
3,10,JoinHeavy,39,I_customer,INSERT,0.1495,True
3,11,JoinHeavy,0,Q7,SELECT,10.1714,True
3,11,JoinHeavy,1,Q3,SELECT,14.3479,True
3,11,JoinHeavy,2,Q10,SELECT,13.2494,True
3,11,JoinHeavy,3,Q3,SELECT,14.3732,True
3,11,JoinHeavy,4,Q10,SELECT,13.5992,True
3,11,JoinHeavy,5,Q7,SELECT,11.6283,True
3,11,JoinHeavy,6,Q7,SELECT,10.0769,True
3,11,JoinHeavy,7,Q7,SELECT,10.022,True
3,11,JoinHeavy,8,Q3,SELECT,14.4208,True
3,11,JoinHeavy,9,Q3,SELECT,13.9941,True
3,11,JoinHeavy,10,Q7,SELECT,11.3127,True
3,11,JoinHeavy,11,Q3,SELECT,13.6882,True
3,11,JoinHeavy,12,Q18,SELECT,59.7056,True
3,11,JoinHeavy,13,Q5,SELECT,5.9153,True
3,11,JoinHeavy,14,Q18,SELECT,59.131,True
3,11,JoinHeavy,15,Q10,SELECT,13.3155,True
3,11,JoinHeavy,16,Q5,SELECT,5.938,True
3,11,JoinHeavy,17,Q10,SELECT,12.8953,True
3,11,JoinHeavy,18,Q5,SELECT,5.5213,True
3,11,JoinHeavy,19,Q5,SELECT,4.6132,True
3,11,JoinHeavy,20,Q10,SELECT,12.8787,True
3,11,JoinHeavy,21,Q5,SELECT,5.3875,True
3,11,JoinHeavy,22,I_customer,INSERT,0.5835,True
3,11,JoinHeavy,23,I_customer,INSERT,0.4643,True
3,11,JoinHeavy,24,I_customer,INSERT,0.2453,True
3,11,JoinHeavy,25,I_customer,INSERT,0.1617,True
3,11,JoinHeavy,26,I_customer,INSERT,0.1467,True
3,11,JoinHeavy,27,I_customer,INSERT,0.138,True
3,11,JoinHeavy,28,I_customer,INSERT,0.1361,True
3,11,JoinHeavy,29,I_customer,INSERT,0.1325,True
3,11,JoinHeavy,30,I_customer,INSERT,0.1293,True
3,11,JoinHeavy,31,I_customer,INSERT,0.1337,True
3,11,JoinHeavy,32,I_customer,INSERT,0.1258,True
3,11,JoinHeavy,33,I_customer,INSERT,0.1291,True
3,11,JoinHeavy,34,I_customer,INSERT,0.13,True
3,11,JoinHeavy,35,I_customer,INSERT,0.1279,True
3,11,JoinHeavy,36,I_customer,INSERT,0.1332,True
3,11,JoinHeavy,37,I_customer,INSERT,0.1364,True
3,11,JoinHeavy,38,I_customer,INSERT,0.1437,True
3,11,JoinHeavy,39,I_customer,INSERT,0.1588,True
3,12,JoinHeavy,0,Q7,SELECT,11.4725,True
3,12,JoinHeavy,1,Q5,SELECT,5.5145,True
3,12,JoinHeavy,2,Q18,SELECT,60.3636,True
3,12,JoinHeavy,3,Q3,SELECT,14.2095,True
3,12,JoinHeavy,4,Q7,SELECT,11.2614,True
3,12,JoinHeavy,5,Q5,SELECT,5.4586,True
3,12,JoinHeavy,6,Q7,SELECT,9.8685,True
3,12,JoinHeavy,7,Q7,SELECT,9.6071,True
3,12,JoinHeavy,8,Q3,SELECT,13.8625,True
3,12,JoinHeavy,9,Q10,SELECT,13.184,True
3,12,JoinHeavy,10,Q3,SELECT,14.4488,True
3,12,JoinHeavy,11,Q10,SELECT,13.1105,True
3,12,JoinHeavy,12,Q5,SELECT,6.0582,True
3,12,JoinHeavy,13,Q5,SELECT,4.5861,True
3,12,JoinHeavy,14,Q10,SELECT,12.993,True
3,12,JoinHeavy,15,Q7,SELECT,11.2219,True
3,12,JoinHeavy,16,Q10,SELECT,13.165,True
3,12,JoinHeavy,17,Q7,SELECT,11.4082,True
3,12,JoinHeavy,18,Q3,SELECT,13.9997,True
3,12,JoinHeavy,19,Q7,SELECT,11.0727,True
3,12,JoinHeavy,20,Q18,SELECT,59.4254,True
3,12,JoinHeavy,21,Q7,SELECT,11.2655,True
3,12,JoinHeavy,22,I_customer,INSERT,0.7467,True
3,12,JoinHeavy,23,I_customer,INSERT,0.2691,True
3,12,JoinHeavy,24,I_customer,INSERT,0.2754,True
3,12,JoinHeavy,25,I_customer,INSERT,0.2238,True
3,12,JoinHeavy,26,I_customer,INSERT,0.2306,True
3,12,JoinHeavy,27,I_customer,INSERT,0.197,True
3,12,JoinHeavy,28,I_customer,INSERT,0.1871,True
3,12,JoinHeavy,29,I_customer,INSERT,0.21,True
3,12,JoinHeavy,30,I_customer,INSERT,0.1712,True
3,12,JoinHeavy,31,I_customer,INSERT,0.2054,True
3,12,JoinHeavy,32,I_customer,INSERT,0.188,True
3,12,JoinHeavy,33,I_customer,INSERT,0.1564,True
3,12,JoinHeavy,34,I_customer,INSERT,0.1528,True
3,12,JoinHeavy,35,I_customer,INSERT,0.1472,True
3,12,JoinHeavy,36,I_customer,INSERT,0.1465,True
3,12,JoinHeavy,37,I_customer,INSERT,0.1482,True
3,12,JoinHeavy,38,I_customer,INSERT,0.1453,True
3,12,JoinHeavy,39,I_customer,INSERT,0.1737,True
3,13,JoinHeavy,0,Q3,SELECT,13.8153,True
3,13,JoinHeavy,1,Q7,SELECT,11.003,True
3,13,JoinHeavy,2,Q5,SELECT,5.4135,True
3,13,JoinHeavy,3,Q3,SELECT,13.7713,True
3,13,JoinHeavy,4,Q3,SELECT,14.4184,True
3,13,JoinHeavy,5,Q10,SELECT,13.2453,True
3,13,JoinHeavy,6,Q7,SELECT,11.3371,True
3,13,JoinHeavy,7,Q18,SELECT,59.7838,True
3,13,JoinHeavy,8,Q7,SELECT,11.4661,True
3,13,JoinHeavy,9,Q3,SELECT,13.9741,True
3,13,JoinHeavy,10,Q5,SELECT,5.751,True
3,13,JoinHeavy,11,Q7,SELECT,10.5691,True
3,13,JoinHeavy,12,Q10,SELECT,13.3287,True
3,13,JoinHeavy,13,Q5,SELECT,5.9021,True
3,13,JoinHeavy,14,Q18,SELECT,59.6332,True
3,13,JoinHeavy,15,Q7,SELECT,11.272,True
3,13,JoinHeavy,16,Q3,SELECT,13.9977,True
3,13,JoinHeavy,17,Q3,SELECT,13.9453,True
3,13,JoinHeavy,18,Q7,SELECT,11.3934,True
3,13,JoinHeavy,19,Q7,SELECT,10.0485,True
3,13,JoinHeavy,20,Q7,SELECT,9.7371,True
3,13,JoinHeavy,21,Q18,SELECT,58.3893,True
3,13,JoinHeavy,22,I_customer,INSERT,0.6886,True
3,13,JoinHeavy,23,I_customer,INSERT,0.1975,True
3,13,JoinHeavy,24,I_customer,INSERT,0.2166,True
3,13,JoinHeavy,25,I_customer,INSERT,0.1825,True
3,13,JoinHeavy,26,I_customer,INSERT,0.1595,True
3,13,JoinHeavy,27,I_customer,INSERT,0.337,True
3,13,JoinHeavy,28,I_customer,INSERT,0.1964,True
3,13,JoinHeavy,29,I_customer,INSERT,0.1581,True
3,13,JoinHeavy,30,I_customer,INSERT,0.1468,True
3,13,JoinHeavy,31,I_customer,INSERT,0.1464,True
3,13,JoinHeavy,32,I_customer,INSERT,0.1453,True
3,13,JoinHeavy,33,I_customer,INSERT,0.1431,True
3,13,JoinHeavy,34,I_customer,INSERT,0.1428,True
3,13,JoinHeavy,35,I_customer,INSERT,0.1409,True
3,13,JoinHeavy,36,I_customer,INSERT,0.1405,True
3,13,JoinHeavy,37,I_customer,INSERT,0.1676,True
3,13,JoinHeavy,38,I_customer,INSERT,0.1449,True
3,13,JoinHeavy,39,I_customer,INSERT,0.135,True
3,14,JoinHeavy,0,Q7,SELECT,11.0631,True
3,14,JoinHeavy,1,Q7,SELECT,9.8086,True
3,14,JoinHeavy,2,Q3,SELECT,13.7973,True
3,14,JoinHeavy,3,Q5,SELECT,6.0728,True
3,14,JoinHeavy,4,Q18,SELECT,60.2561,True
3,14,JoinHeavy,5,Q7,SELECT,11.172,True
3,14,JoinHeavy,6,Q3,SELECT,13.8169,True
3,14,JoinHeavy,7,Q10,SELECT,13.4406,True
3,14,JoinHeavy,8,Q5,SELECT,6.2565,True
3,14,JoinHeavy,9,Q7,SELECT,10.9505,True
3,14,JoinHeavy,10,Q10,SELECT,13.2178,True
3,14,JoinHeavy,11,Q18,SELECT,59.2797,True
3,14,JoinHeavy,12,Q7,SELECT,11.5775,True
3,14,JoinHeavy,13,Q3,SELECT,13.8523,True
3,14,JoinHeavy,14,Q3,SELECT,13.5116,True
3,14,JoinHeavy,15,Q5,SELECT,6.1336,True
3,14,JoinHeavy,16,Q5,SELECT,5.6813,True
3,14,JoinHeavy,17,Q5,SELECT,4.4177,True
3,14,JoinHeavy,18,Q3,SELECT,13.9653,True
3,14,JoinHeavy,19,Q10,SELECT,13.5462,True
3,14,JoinHeavy,20,Q5,SELECT,6.3027,True
3,14,JoinHeavy,21,Q7,SELECT,11.2095,True
3,14,JoinHeavy,22,I_customer,INSERT,0.63,True
3,14,JoinHeavy,23,I_customer,INSERT,0.2011,True
3,14,JoinHeavy,24,I_customer,INSERT,0.1584,True
3,14,JoinHeavy,25,I_customer,INSERT,0.2243,True
3,14,JoinHeavy,26,I_customer,INSERT,0.4289,True
3,14,JoinHeavy,27,I_customer,INSERT,0.1497,True
3,14,JoinHeavy,28,I_customer,INSERT,0.1493,True
3,14,JoinHeavy,29,I_customer,INSERT,0.1388,True
3,14,JoinHeavy,30,I_customer,INSERT,0.1284,True
3,14,JoinHeavy,31,I_customer,INSERT,0.1297,True
3,14,JoinHeavy,32,I_customer,INSERT,0.1415,True
3,14,JoinHeavy,33,I_customer,INSERT,0.2263,True
3,14,JoinHeavy,34,I_customer,INSERT,0.2069,True
3,14,JoinHeavy,35,I_customer,INSERT,0.205,True
3,14,JoinHeavy,36,I_customer,INSERT,0.2055,True
3,14,JoinHeavy,37,I_customer,INSERT,0.2021,True
3,14,JoinHeavy,38,I_customer,INSERT,0.2061,True
3,14,JoinHeavy,39,I_customer,INSERT,0.2026,True
3,15,JoinHeavy,0,Q5,SELECT,5.3229,True
3,15,JoinHeavy,1,Q7,SELECT,10.2078,True
3,15,JoinHeavy,2,Q3,SELECT,13.7963,True
3,15,JoinHeavy,3,Q5,SELECT,5.9132,True
3,15,JoinHeavy,4,Q18,SELECT,59.9937,True
3,15,JoinHeavy,5,Q5,SELECT,5.8786,True
3,15,JoinHeavy,6,Q3,SELECT,13.6927,True
3,15,JoinHeavy,7,Q3,SELECT,13.3799,True
3,15,JoinHeavy,8,Q7,SELECT,11.0967,True
3,15,JoinHeavy,9,Q5,SELECT,5.4335,True
3,15,JoinHeavy,10,Q3,SELECT,13.2132,True
3,15,JoinHeavy,11,Q5,SELECT,5.33,True
3,15,JoinHeavy,12,Q5,SELECT,4.5147,True
3,15,JoinHeavy,13,Q7,SELECT,10.9465,True
3,15,JoinHeavy,14,Q3,SELECT,13.6075,True
3,15,JoinHeavy,15,Q3,SELECT,14.01,True
3,15,JoinHeavy,16,Q7,SELECT,11.5283,True
3,15,JoinHeavy,17,Q5,SELECT,5.472,True
3,15,JoinHeavy,18,Q3,SELECT,13.5566,True
3,15,JoinHeavy,19,Q10,SELECT,13.0584,True
3,15,JoinHeavy,20,Q18,SELECT,59.3484,True
3,15,JoinHeavy,21,Q5,SELECT,5.8388,True
3,15,JoinHeavy,22,I_customer,INSERT,0.6555,True
3,15,JoinHeavy,23,I_customer,INSERT,0.307,True
3,15,JoinHeavy,24,I_customer,INSERT,0.2398,True
3,15,JoinHeavy,25,I_customer,INSERT,0.2349,True
3,15,JoinHeavy,26,I_customer,INSERT,0.218,True
3,15,JoinHeavy,27,I_customer,INSERT,0.2169,True
3,15,JoinHeavy,28,I_customer,INSERT,0.2137,True
3,15,JoinHeavy,29,I_customer,INSERT,0.2152,True
3,15,JoinHeavy,30,I_customer,INSERT,0.2112,True
3,15,JoinHeavy,31,I_customer,INSERT,0.1778,True
3,15,JoinHeavy,32,I_customer,INSERT,0.144,True
3,15,JoinHeavy,33,I_customer,INSERT,0.1443,True
3,15,JoinHeavy,34,I_customer,INSERT,0.1462,True
3,15,JoinHeavy,35,I_customer,INSERT,0.1493,True
3,15,JoinHeavy,36,I_customer,INSERT,0.1437,True
3,15,JoinHeavy,37,I_customer,INSERT,0.1746,True
3,15,JoinHeavy,38,I_customer,INSERT,0.1508,True
3,15,JoinHeavy,39,I_customer,INSERT,0.1465,True
3,16,Procurement,0,D_orders,DELETE,0.1712,True
3,16,Procurement,1,D_orders,DELETE,0.0865,True
3,16,Procurement,2,D_orders,DELETE,0.075,True
3,16,Procurement,3,D_orders,DELETE,0.074,True
3,16,Procurement,4,Q1,SELECT,27.9147,True
3,16,Procurement,5,Q11,SELECT,7.6216,True
3,16,Procurement,6,Q11,SELECT,7.6202,True
3,16,Procurement,7,Q11,SELECT,7.4564,True
3,16,Procurement,8,Q11,SELECT,7.2609,True
3,16,Procurement,9,Q6,SELECT,8.9917,True
3,16,Procurement,10,Q11,SELECT,7.434,True
3,16,Procurement,11,Q6,SELECT,7.5845,True
3,16,Procurement,12,Q11,SELECT,7.4362,True
3,16,Procurement,13,Q11,SELECT,7.6047,True
3,16,Procurement,14,Q17,SELECT,44.8022,True
3,16,Procurement,15,Q11,SELECT,7.5994,True
3,16,Procurement,16,Q6,SELECT,8.886,True
3,16,Procurement,17,Q14,SELECT,2.9282,True
3,16,Procurement,18,Q14,SELECT,2.3634,True
3,16,Procurement,19,Q11,SELECT,7.2102,True
3,16,Procurement,20,Q1,SELECT,27.304,True
3,16,Procurement,21,Q17,SELECT,44.3516,True
3,16,Procurement,22,Q11,SELECT,7.9586,True
3,16,Procurement,23,Q14,SELECT,3.1291,True
3,16,Procurement,24,Q17,SELECT,44.7308,True
3,17,Procurement,0,D_orders,DELETE,0.8,True
3,17,Procurement,1,D_orders,DELETE,0.1279,True
3,17,Procurement,2,D_orders,DELETE,0.182,True
3,17,Procurement,3,D_orders,DELETE,0.2294,True
3,17,Procurement,4,Q1,SELECT,28.6168,True
3,17,Procurement,5,Q17,SELECT,46.8974,True
3,17,Procurement,6,Q17,SELECT,47.2117,True
3,17,Procurement,7,Q1,SELECT,28.4532,True
3,17,Procurement,8,Q11,SELECT,7.7149,True
3,17,Procurement,9,Q11,SELECT,7.5097,True
3,17,Procurement,10,Q17,SELECT,44.3781,True
3,17,Procurement,11,Q11,SELECT,7.5647,True
3,17,Procurement,12,Q11,SELECT,7.5346,True
3,17,Procurement,13,Q17,SELECT,45.4288,True
3,17,Procurement,14,Q11,SELECT,7.6034,True
3,17,Procurement,15,Q17,SELECT,45.9943,True
3,17,Procurement,16,Q17,SELECT,44.8102,True
3,17,Procurement,17,Q17,SELECT,45.1056,True
3,17,Procurement,18,Q11,SELECT,7.8703,True
3,17,Procurement,19,Q17,SELECT,44.6527,True
3,17,Procurement,20,Q11,SELECT,7.7907,True
3,17,Procurement,21,Q6,SELECT,8.9986,True
3,17,Procurement,22,Q11,SELECT,7.3017,True
3,17,Procurement,23,Q11,SELECT,7.1329,True
3,17,Procurement,24,Q17,SELECT,48.9479,True
3,18,Procurement,0,D_orders,DELETE,0.6903,True
3,18,Procurement,1,D_orders,DELETE,0.2882,True
3,18,Procurement,2,D_orders,DELETE,0.158,True
3,18,Procurement,3,D_orders,DELETE,0.1914,True
3,18,Procurement,4,Q1,SELECT,27.9094,True
3,18,Procurement,5,Q14,SELECT,3.2921,True
3,18,Procurement,6,Q14,SELECT,2.4327,True
3,18,Procurement,7,Q6,SELECT,8.9444,True
3,18,Procurement,8,Q1,SELECT,28.3647,True
3,18,Procurement,9,Q1,SELECT,28.0818,True
3,18,Procurement,10,Q6,SELECT,8.8495,True
3,18,Procurement,11,Q17,SELECT,45.294,True
3,18,Procurement,12,Q6,SELECT,9.0356,True
3,18,Procurement,13,Q6,SELECT,7.485,True
3,18,Procurement,14,Q17,SELECT,45.5443,True
3,18,Procurement,15,Q6,SELECT,8.6932,True
3,18,Procurement,16,Q14,SELECT,2.9333,True
3,18,Procurement,17,Q6,SELECT,7.7549,True
3,18,Procurement,18,Q17,SELECT,45.0544,True
3,18,Procurement,19,Q11,SELECT,8.0258,True
3,18,Procurement,20,Q17,SELECT,45.1854,True
3,18,Procurement,21,Q11,SELECT,7.7503,True
3,18,Procurement,22,Q11,SELECT,7.5942,True
3,18,Procurement,23,Q14,SELECT,3.1945,True
3,18,Procurement,24,Q1,SELECT,27.2147,True
3,19,Procurement,0,D_orders,DELETE,0.3253,True
3,19,Procurement,1,D_orders,DELETE,0.1024,True
3,19,Procurement,2,D_orders,DELETE,0.0847,True
3,19,Procurement,3,D_orders,DELETE,0.0807,True
3,19,Procurement,4,Q1,SELECT,27.6224,True
3,19,Procurement,5,Q17,SELECT,45.466,True
3,19,Procurement,6,Q17,SELECT,44.99,True
3,19,Procurement,7,Q17,SELECT,44.1012,True
3,19,Procurement,8,Q6,SELECT,8.7454,True
3,19,Procurement,9,Q1,SELECT,28.136,True
3,19,Procurement,10,Q6,SELECT,8.7321,True
3,19,Procurement,11,Q14,SELECT,3.002,True
3,19,Procurement,12,Q17,SELECT,44.8339,True
3,19,Procurement,13,Q17,SELECT,45.3271,True
3,19,Procurement,14,Q14,SELECT,3.1219,True
3,19,Procurement,15,Q6,SELECT,8.3776,True
3,19,Procurement,16,Q11,SELECT,7.6517,True
3,19,Procurement,17,Q11,SELECT,7.4542,True
3,19,Procurement,18,Q1,SELECT,27.9333,True
3,19,Procurement,19,Q6,SELECT,8.8064,True
3,19,Procurement,20,Q6,SELECT,7.33,True
3,19,Procurement,21,Q11,SELECT,7.8852,True
3,19,Procurement,22,Q17,SELECT,63.4828,True
3,19,Procurement,23,Q6,SELECT,8.9254,True
3,19,Procurement,24,Q11,SELECT,8.0507,True
3,20,Procurement,0,D_orders,DELETE,0.2624,True
3,20,Procurement,1,D_orders,DELETE,0.5297,True
3,20,Procurement,2,D_orders,DELETE,0.1731,True
3,20,Procurement,3,D_orders,DELETE,0.1637,True
3,20,Procurement,4,Q6,SELECT,8.3856,True
3,20,Procurement,5,Q6,SELECT,7.2786,True
3,20,Procurement,6,Q11,SELECT,7.8624,True
3,20,Procurement,7,Q6,SELECT,7.6703,True
3,20,Procurement,8,Q11,SELECT,7.7602,True
3,20,Procurement,9,Q17,SELECT,46.1868,True
3,20,Procurement,10,Q17,SELECT,45.7345,True
3,20,Procurement,11,Q17,SELECT,44.9023,True
3,20,Procurement,12,Q17,SELECT,44.9928,True
3,20,Procurement,13,Q11,SELECT,7.7361,True
3,20,Procurement,14,Q6,SELECT,9.1103,True
3,20,Procurement,15,Q11,SELECT,7.569,True
3,20,Procurement,16,Q1,SELECT,28.1433,True
3,20,Procurement,17,Q1,SELECT,27.9668,True
3,20,Procurement,18,Q11,SELECT,7.6085,True
3,20,Procurement,19,Q17,SELECT,48.5675,True
3,20,Procurement,20,Q11,SELECT,7.7969,True
3,20,Procurement,21,Q11,SELECT,7.7859,True
3,20,Procurement,22,Q1,SELECT,28.8712,True
3,20,Procurement,23,Q11,SELECT,7.8026,True
3,20,Procurement,24,Q14,SELECT,3.6767,True
3,21,Procurement,0,D_orders,DELETE,0.8578,True
3,21,Procurement,1,D_orders,DELETE,0.149,True
3,21,Procurement,2,D_orders,DELETE,0.1854,True
3,21,Procurement,3,D_orders,DELETE,0.1749,True
3,21,Procurement,4,Q6,SELECT,9.1851,True
3,21,Procurement,5,Q11,SELECT,8.0915,True
3,21,Procurement,6,Q14,SELECT,3.807,True
3,21,Procurement,7,Q17,SELECT,49.7593,True
3,21,Procurement,8,Q11,SELECT,7.5907,True
3,21,Procurement,9,Q11,SELECT,7.7963,True
3,21,Procurement,10,Q14,SELECT,3.6632,True
3,21,Procurement,11,Q17,SELECT,48.2827,True
3,21,Procurement,12,Q11,SELECT,7.7978,True
3,21,Procurement,13,Q11,SELECT,7.3952,True
3,21,Procurement,14,Q11,SELECT,7.4836,True
3,21,Procurement,15,Q11,SELECT,7.4021,True
3,21,Procurement,16,Q17,SELECT,47.4046,True
3,21,Procurement,17,Q11,SELECT,7.4377,True
3,21,Procurement,18,Q11,SELECT,7.5185,True
3,21,Procurement,19,Q11,SELECT,7.6546,True
3,21,Procurement,20,Q17,SELECT,45.5573,True
3,21,Procurement,21,Q17,SELECT,43.5762,True
3,21,Procurement,22,Q14,SELECT,3.2855,True
3,21,Procurement,23,Q11,SELECT,7.7977,True
3,21,Procurement,24,Q17,SELECT,44.7625,True
3,22,Procurement,0,D_orders,DELETE,0.3865,True
3,22,Procurement,1,D_orders,DELETE,0.1679,True
3,22,Procurement,2,D_orders,DELETE,0.2799,True
3,22,Procurement,3,D_orders,DELETE,0.1927,True
3,22,Procurement,4,Q11,SELECT,7.6017,True
3,22,Procurement,5,Q1,SELECT,28.5036,True
3,22,Procurement,6,Q17,SELECT,45.5794,True
3,22,Procurement,7,Q1,SELECT,27.5201,True
3,22,Procurement,8,Q14,SELECT,3.3682,True
3,22,Procurement,9,Q11,SELECT,7.7116,True
3,22,Procurement,10,Q6,SELECT,8.703,True
3,22,Procurement,11,Q6,SELECT,7.2751,True
3,22,Procurement,12,Q14,SELECT,2.8483,True
3,22,Procurement,13,Q6,SELECT,7.1833,True
3,22,Procurement,14,Q11,SELECT,7.8195,True
3,22,Procurement,15,Q11,SELECT,7.2512,True
3,22,Procurement,16,Q17,SELECT,45.8017,True
3,22,Procurement,17,Q6,SELECT,8.775,True
3,22,Procurement,18,Q17,SELECT,45.2049,True
3,22,Procurement,19,Q6,SELECT,9.0849,True
3,22,Procurement,20,Q11,SELECT,7.4621,True
3,22,Procurement,21,Q6,SELECT,7.8367,True
3,22,Procurement,22,Q11,SELECT,7.8053,True
3,22,Procurement,23,Q17,SELECT,44.6287,True
3,22,Procurement,24,Q14,SELECT,3.2115,True
3,23,Procurement,0,D_orders,DELETE,0.1746,True
3,23,Procurement,1,D_orders,DELETE,0.1067,True
3,23,Procurement,2,D_orders,DELETE,0.0857,True
3,23,Procurement,3,D_orders,DELETE,0.488,True
3,23,Procurement,4,Q17,SELECT,44.7832,True
3,23,Procurement,5,Q17,SELECT,45.6827,True
3,23,Procurement,6,Q11,SELECT,8.1547,True
3,23,Procurement,7,Q1,SELECT,28.3292,True
3,23,Procurement,8,Q6,SELECT,9.0172,True
3,23,Procurement,9,Q6,SELECT,7.4759,True
3,23,Procurement,10,Q17,SELECT,45.4918,True
3,23,Procurement,11,Q11,SELECT,8.0179,True
3,23,Procurement,12,Q6,SELECT,8.8431,True
3,23,Procurement,13,Q11,SELECT,7.5606,True
3,23,Procurement,14,Q14,SELECT,2.9943,True
3,23,Procurement,15,Q17,SELECT,45.1209,True
3,23,Procurement,16,Q6,SELECT,8.6912,True
3,23,Procurement,17,Q14,SELECT,2.917,True
3,23,Procurement,18,Q11,SELECT,7.9487,True
3,23,Procurement,19,Q11,SELECT,7.2393,True
3,23,Procurement,20,Q1,SELECT,27.5186,True
3,23,Procurement,21,Q6,SELECT,8.8799,True
3,23,Procurement,22,Q11,SELECT,8.0229,True
3,23,Procurement,23,Q11,SELECT,7.5087,True
3,23,Procurement,24,Q11,SELECT,7.3295,True
3,24,Customer,0,Q3,SELECT,14.3347,True
3,24,Customer,1,U_customer,UPDATE,0.572,True
3,24,Customer,2,Q3,SELECT,13.5746,True
3,24,Customer,3,U_customer,UPDATE,0.4074,True
3,24,Customer,4,Q3,SELECT,13.6487,True
3,24,Customer,5,U_customer,UPDATE,0.2611,True
3,24,Customer,6,Q18,SELECT,60.5789,True
3,24,Customer,7,U_customer,UPDATE,0.745,True
3,24,Customer,8,Q18,SELECT,59.8723,True
3,24,Customer,9,U_customer,UPDATE,0.6207,True
3,24,Customer,10,Q10,SELECT,13.5096,True
3,24,Customer,11,U_customer,UPDATE,0.4092,True
3,24,Customer,12,Q3,SELECT,13.65,True
3,24,Customer,13,U_customer,UPDATE,0.3605,True
3,24,Customer,14,Q3,SELECT,13.4642,True
3,24,Customer,15,U_customer,UPDATE,0.3115,True
3,24,Customer,16,Q3,SELECT,13.8246,True
3,24,Customer,17,U_customer,UPDATE,0.3743,True
3,24,Customer,18,Q5,SELECT,5.956,True
3,24,Customer,19,U_customer,UPDATE,0.2551,True
3,25,Customer,0,Q10,SELECT,13.4468,True
3,25,Customer,1,U_customer,UPDATE,0.3415,True
3,25,Customer,2,Q10,SELECT,12.9998,True
3,25,Customer,3,U_customer,UPDATE,0.293,True
3,25,Customer,4,Q10,SELECT,13.0321,True
3,25,Customer,5,U_customer,UPDATE,0.2934,True
3,25,Customer,6,Q18,SELECT,60.6903,True
3,25,Customer,7,U_customer,UPDATE,0.4222,True
3,25,Customer,8,Q10,SELECT,13.4807,True
3,25,Customer,9,U_customer,UPDATE,0.3261,True
3,25,Customer,10,Q5,SELECT,5.9686,True
3,25,Customer,11,U_customer,UPDATE,0.1979,True
3,25,Customer,12,Q10,SELECT,13.4439,True
3,25,Customer,13,U_customer,UPDATE,0.372,True
3,25,Customer,14,Q7,SELECT,12.3106,True
3,25,Customer,15,U_customer,UPDATE,0.9808,True
3,25,Customer,16,Q10,SELECT,13.7645,True
3,25,Customer,17,U_customer,UPDATE,0.4817,True
3,25,Customer,18,Q7,SELECT,11.6653,True
3,25,Customer,19,U_customer,UPDATE,0.3043,True
3,26,Customer,0,Q18,SELECT,60.4418,True
3,26,Customer,1,U_customer,UPDATE,0.5556,True
3,26,Customer,2,Q18,SELECT,59.229,True
3,26,Customer,3,U_customer,UPDATE,0.6301,True
3,26,Customer,4,Q10,SELECT,13.5416,True
3,26,Customer,5,U_customer,UPDATE,0.3313,True
3,26,Customer,6,Q3,SELECT,14.2105,True
3,26,Customer,7,U_customer,UPDATE,0.315,True
3,26,Customer,8,Q18,SELECT,59.4761,True
3,26,Customer,9,U_customer,UPDATE,0.6178,True
3,26,Customer,10,Q10,SELECT,14.0879,True
3,26,Customer,11,U_customer,UPDATE,0.3643,True
3,26,Customer,12,Q5,SELECT,6.1922,True
3,26,Customer,13,U_customer,UPDATE,0.2818,True
3,26,Customer,14,Q7,SELECT,11.172,True
3,26,Customer,15,U_customer,UPDATE,0.2247,True
3,26,Customer,16,Q18,SELECT,59.6594,True
3,26,Customer,17,U_customer,UPDATE,0.7353,True
3,26,Customer,18,Q5,SELECT,5.929,True
3,26,Customer,19,U_customer,UPDATE,0.2657,True
3,27,Customer,0,Q3,SELECT,13.9698,True
3,27,Customer,1,U_customer,UPDATE,0.3529,True
3,27,Customer,2,Q10,SELECT,13.289,True
3,27,Customer,3,U_customer,UPDATE,0.3337,True
3,27,Customer,4,Q3,SELECT,14.2617,True
3,27,Customer,5,U_customer,UPDATE,0.316,True
3,27,Customer,6,Q18,SELECT,60.6029,True
3,27,Customer,7,U_customer,UPDATE,0.6424,True
3,27,Customer,8,Q10,SELECT,13.4378,True
3,27,Customer,9,U_customer,UPDATE,0.3967,True
3,27,Customer,10,Q3,SELECT,14.0138,True
3,27,Customer,11,U_customer,UPDATE,0.3897,True
3,27,Customer,12,Q18,SELECT,60.4749,True
3,27,Customer,13,U_customer,UPDATE,0.6529,True
3,27,Customer,14,Q3,SELECT,14.1032,True
3,27,Customer,15,U_customer,UPDATE,0.2335,True
3,27,Customer,16,Q7,SELECT,11.6147,True
3,27,Customer,17,U_customer,UPDATE,0.2423,True
3,27,Customer,18,Q18,SELECT,59.3857,True
3,27,Customer,19,U_customer,UPDATE,0.6531,True
3,28,Customer,0,Q5,SELECT,5.7,True
3,28,Customer,1,U_customer,UPDATE,0.212,True
3,28,Customer,2,Q18,SELECT,59.8797,True
3,28,Customer,3,U_customer,UPDATE,0.6273,True
3,28,Customer,4,Q10,SELECT,13.5489,True
3,28,Customer,5,U_customer,UPDATE,0.3845,True
3,28,Customer,6,Q18,SELECT,60.0057,True
3,28,Customer,7,U_customer,UPDATE,0.6023,True
3,28,Customer,8,Q18,SELECT,59.3733,True
3,28,Customer,9,U_customer,UPDATE,0.6913,True
3,28,Customer,10,Q18,SELECT,58.8585,True
3,28,Customer,11,U_customer,UPDATE,0.5429,True
3,28,Customer,12,Q10,SELECT,13.6515,True
3,28,Customer,13,U_customer,UPDATE,0.3666,True
3,28,Customer,14,Q10,SELECT,13.0466,True
3,28,Customer,15,U_customer,UPDATE,0.3879,True
3,28,Customer,16,Q3,SELECT,14.0433,True
3,28,Customer,17,U_customer,UPDATE,0.2933,True
3,28,Customer,18,Q3,SELECT,13.7635,True
3,28,Customer,19,U_customer,UPDATE,0.2775,True
3,29,Customer,0,Q7,SELECT,11.4072,True
3,29,Customer,1,U_customer,UPDATE,0.3184,True
3,29,Customer,2,Q3,SELECT,14.3456,True
3,29,Customer,3,U_customer,UPDATE,0.3445,True
3,29,Customer,4,Q7,SELECT,11.598,True
3,29,Customer,5,U_customer,UPDATE,0.2412,True
3,29,Customer,6,Q18,SELECT,59.435,True
3,29,Customer,7,U_customer,UPDATE,0.6741,True
3,29,Customer,8,Q5,SELECT,5.885,True
3,29,Customer,9,U_customer,UPDATE,0.2765,True
3,29,Customer,10,Q18,SELECT,60.2758,True
3,29,Customer,11,U_customer,UPDATE,0.6095,True
3,29,Customer,12,Q18,SELECT,59.7173,True
3,29,Customer,13,U_customer,UPDATE,0.7062,True
3,29,Customer,14,Q18,SELECT,59.3183,True
3,29,Customer,15,U_customer,UPDATE,0.621,True
3,29,Customer,16,Q10,SELECT,13.4888,True
3,29,Customer,17,U_customer,UPDATE,0.3895,True
3,29,Customer,18,Q3,SELECT,13.8878,True
3,29,Customer,19,U_customer,UPDATE,0.3943,True
3,30,Customer,0,Q5,SELECT,5.8125,True
3,30,Customer,1,U_customer,UPDATE,0.2084,True
3,30,Customer,2,Q10,SELECT,13.045,True
3,30,Customer,3,U_customer,UPDATE,0.2457,True
3,30,Customer,4,Q18,SELECT,59.9736,True
3,30,Customer,5,U_customer,UPDATE,0.6395,True
3,30,Customer,6,Q10,SELECT,13.4361,True
3,30,Customer,7,U_customer,UPDATE,0.3982,True
3,30,Customer,8,Q3,SELECT,13.9217,True
3,30,Customer,9,U_customer,UPDATE,0.389,True
3,30,Customer,10,Q7,SELECT,11.3115,True
3,30,Customer,11,U_customer,UPDATE,0.2581,True
3,30,Customer,12,Q18,SELECT,59.8564,True
3,30,Customer,13,U_customer,UPDATE,0.6838,True
3,30,Customer,14,Q18,SELECT,59.6941,True
3,30,Customer,15,U_customer,UPDATE,0.696,True
3,30,Customer,16,Q10,SELECT,13.4476,True
3,30,Customer,17,U_customer,UPDATE,0.3234,True
3,30,Customer,18,Q5,SELECT,6.123,True
3,30,Customer,19,U_customer,UPDATE,0.2548,True
3,31,Customer,0,Q18,SELECT,60.7543,True
3,31,Customer,1,U_customer,UPDATE,0.7158,True
3,31,Customer,2,Q10,SELECT,13.47,True
3,31,Customer,3,U_customer,UPDATE,0.3525,True
3,31,Customer,4,Q18,SELECT,59.7517,True
3,31,Customer,5,U_customer,UPDATE,0.7256,True
3,31,Customer,6,Q3,SELECT,14.0268,True
3,31,Customer,7,U_customer,UPDATE,0.2833,True
3,31,Customer,8,Q7,SELECT,11.1138,True
3,31,Customer,9,U_customer,UPDATE,0.5601,True
3,31,Customer,10,Q3,SELECT,13.663,True
3,31,Customer,11,U_customer,UPDATE,0.2609,True
3,31,Customer,12,Q3,SELECT,14.421,True
3,31,Customer,13,U_customer,UPDATE,0.313,True
3,31,Customer,14,Q10,SELECT,13.272,True
3,31,Customer,15,U_customer,UPDATE,0.3971,True
3,31,Customer,16,Q7,SELECT,11.1835,True
3,31,Customer,17,U_customer,UPDATE,0.2415,True
3,31,Customer,18,Q18,SELECT,59.1747,True
3,31,Customer,19,U_customer,UPDATE,0.7126,True
