run,window,phase,seq,query,op_type,exec_ms,ok
1,0,Reporting,0,Q6,SELECT,44.9823,True
1,0,Reporting,1,U_orders,UPDATE,0.3813,True
1,0,Reporting,2,U_orders,UPDATE,0.1524,True
1,0,Reporting,3,Q1,SELECT,266.998,True
1,0,Reporting,4,Q1,SELECT,264.2057,True
1,0,Reporting,5,Q1,SELECT,263.7039,True
1,0,Reporting,6,U_orders,UPDATE,0.7815,True
1,0,Reporting,7,Q14,SELECT,43.3253,True
1,0,Reporting,8,Q14,SELECT,42.7095,True
1,0,Reporting,9,Q14,SELECT,43.4399,True
1,0,Reporting,10,Q1,SELECT,266.1401,True
1,0,Reporting,11,Q6,SELECT,40.9694,True
1,0,Reporting,12,Q4,SELECT,22.4256,True
1,0,Reporting,13,Q6,SELECT,40.4206,True
1,0,Reporting,14,Q1,SELECT,264.5164,True
1,0,Reporting,15,Q14,SELECT,43.3902,True
1,0,Reporting,16,Q1,SELECT,262.7224,True
1,0,Reporting,17,Q14,SELECT,42.9655,True
1,0,Reporting,18,Q4,SELECT,22.2965,True
1,0,Reporting,19,Q6,SELECT,40.6877,True
1,0,Reporting,20,Q14,SELECT,43.5154,True
1,0,Reporting,21,U_orders,UPDATE,0.7255,True
1,0,Reporting,22,U_orders,UPDATE,0.2193,True
1,0,Reporting,23,Q14,SELECT,43.3997,True
1,0,Reporting,24,Q14,SELECT,43.3766,True
1,0,Reporting,25,Q1,SELECT,263.3652,True
1,0,Reporting,26,Q1,SELECT,263.8382,True
1,0,Reporting,27,Q14,SELECT,43.123,True
1,0,Reporting,28,Q1,SELECT,264.7622,True
1,0,Reporting,29,U_orders,UPDATE,0.5908,True
1,1,Reporting,0,Q1,SELECT,264.3036,True
1,1,Reporting,1,U_orders,UPDATE,0.7533,True
1,1,Reporting,2,Q12,SELECT,51.2107,True
1,1,Reporting,3,Q14,SELECT,43.3807,True
1,1,Reporting,4,Q6,SELECT,40.875,True
1,1,Reporting,5,U_orders,UPDATE,0.5744,True
1,1,Reporting,6,Q14,SELECT,42.8939,True
1,1,Reporting,7,Q14,SELECT,42.5758,True
1,1,Reporting,8,U_orders,UPDATE,0.7098,True
1,1,Reporting,9,Q12,SELECT,50.2678,True
1,1,Reporting,10,Q12,SELECT,49.3477,True
1,1,Reporting,11,Q6,SELECT,39.7482,True
1,1,Reporting,12,Q1,SELECT,268.7522,True
1,1,Reporting,13,Q6,SELECT,39.7252,True
1,1,Reporting,14,Q1,SELECT,264.7169,True
1,1,Reporting,15,Q1,SELECT,266.2771,True
1,1,Reporting,16,Q6,SELECT,39.8355,True
1,1,Reporting,17,Q6,SELECT,39.359,True
1,1,Reporting,18,Q12,SELECT,50.5303,True
1,1,Reporting,19,Q6,SELECT,39.8602,True
1,1,Reporting,20,Q1,SELECT,267.5949,True
1,1,Reporting,21,Q6,SELECT,39.5136,True
1,1,Reporting,22,Q6,SELECT,39.6342,True
1,1,Reporting,23,Q14,SELECT,43.7202,True
1,1,Reporting,24,U_orders,UPDATE,0.5807,True
1,1,Reporting,25,Q1,SELECT,267.3017,True
1,1,Reporting,26,Q14,SELECT,44.0749,True
1,1,Reporting,27,U_orders,UPDATE,0.4571,True
1,1,Reporting,28,U_orders,UPDATE,0.2192,True
1,1,Reporting,29,Q1,SELECT,264.1927,True
1,2,Reporting,0,Q12,SELECT,50.5956,True
1,2,Reporting,1,Q1,SELECT,267.1635,True
1,2,Reporting,2,Q4,SELECT,22.3493,True
1,2,Reporting,3,Q6,SELECT,39.5482,True
1,2,Reporting,4,Q14,SELECT,43.7066,True
1,2,Reporting,5,Q12,SELECT,50.4321,True
1,2,Reporting,6,Q6,SELECT,40.8245,True
1,2,Reporting,7,Q12,SELECT,49.431,True
1,2,Reporting,8,Q1,SELECT,265.8961,True
1,2,Reporting,9,U_orders,UPDATE,0.6426,True
1,2,Reporting,10,U_orders,UPDATE,0.2002,True
1,2,Reporting,11,Q1,SELECT,267.6254,True
1,2,Reporting,12,Q1,SELECT,264.6647,True
1,2,Reporting,13,Q12,SELECT,50.9856,True
1,2,Reporting,14,Q12,SELECT,51.3607,True
1,2,Reporting,15,Q6,SELECT,39.681,True
1,2,Reporting,16,Q4,SELECT,22.9966,True
1,2,Reporting,17,Q6,SELECT,40.2945,True
1,2,Reporting,18,U_orders,UPDATE,0.3207,True
1,2,Reporting,19,Q1,SELECT,271.4074,True
1,2,Reporting,20,Q1,SELECT,266.6365,True
1,2,Reporting,21,Q4,SELECT,23.1443,True
1,2,Reporting,22,Q14,SELECT,43.7183,True
1,2,Reporting,23,Q1,SELECT,268.3303,True
1,2,Reporting,24,U_orders,UPDATE,0.7725,True
1,2,Reporting,25,Q12,SELECT,51.3449,True
1,2,Reporting,26,Q1,SELECT,268.6926,True
1,2,Reporting,27,U_orders,UPDATE,0.7197,True
1,2,Reporting,28,Q1,SELECT,267.5105,True
1,2,Reporting,29,U_orders,UPDATE,0.7445,True
1,3,Reporting,0,Q6,SELECT,40.682,True
1,3,Reporting,1,Q14,SELECT,43.2442,True
1,3,Reporting,2,Q6,SELECT,40.1378,True
1,3,Reporting,3,Q14,SELECT,43.1649,True
1,3,Reporting,4,Q12,SELECT,51.5119,True
1,3,Reporting,5,Q6,SELECT,39.8806,True
1,3,Reporting,6,U_orders,UPDATE,0.6811,True
1,3,Reporting,7,Q6,SELECT,39.724,True
1,3,Reporting,8,U_orders,UPDATE,0.433,True
1,3,Reporting,9,Q6,SELECT,39.6336,True
1,3,Reporting,10,Q14,SELECT,43.0712,True
1,3,Reporting,11,U_orders,UPDATE,0.706,True
1,3,Reporting,12,Q1,SELECT,269.9413,True
1,3,Reporting,13,Q1,SELECT,267.8923,True
1,3,Reporting,14,U_orders,UPDATE,0.7151,True
1,3,Reporting,15,Q14,SELECT,43.5769,True
1,3,Reporting,16,Q12,SELECT,51.5417,True
1,3,Reporting,17,Q6,SELECT,39.7394,True
1,3,Reporting,18,Q14,SELECT,42.9789,True
1,3,Reporting,19,Q1,SELECT,265.5882,True
1,3,Reporting,20,Q1,SELECT,267.7985,True
1,3,Reporting,21,U_orders,UPDATE,0.7743,True
1,3,Reporting,22,Q6,SELECT,40.2825,True
1,3,Reporting,23,Q1,SELECT,264.7869,True
1,3,Reporting,24,U_orders,UPDATE,0.628,True
1,3,Reporting,25,Q1,SELECT,264.222,True
1,3,Reporting,26,Q1,SELECT,264.1475,True
1,3,Reporting,27,Q1,SELECT,265.6573,True
1,3,Reporting,28,Q14,SELECT,43.6293,True
1,3,Reporting,29,Q14,SELECT,43.327,True
1,4,Reporting,0,Q6,SELECT,39.89,True
1,4,Reporting,1,Q12,SELECT,51.2913,True
1,4,Reporting,2,Q1,SELECT,267.0463,True
1,4,Reporting,3,Q1,SELECT,266.4698,True
1,4,Reporting,4,Q14,SELECT,43.6645,True
1,4,Reporting,5,Q1,SELECT,269.0521,True
1,4,Reporting,6,Q6,SELECT,39.9826,True
1,4,Reporting,7,Q1,SELECT,267.4348,True
1,4,Reporting,8,Q4,SELECT,22.2437,True
1,4,Reporting,9,Q14,SELECT,43.177,True
1,4,Reporting,10,U_orders,UPDATE,0.7258,True
1,4,Reporting,11,Q12,SELECT,50.2892,True
1,4,Reporting,12,U_orders,UPDATE,0.4342,True
1,4,Reporting,13,Q6,SELECT,39.5292,True
1,4,Reporting,14,Q1,SELECT,268.5459,True
1,4,Reporting,15,Q1,SELECT,269.9778,True
1,4,Reporting,16,Q6,SELECT,40.0458,True
1,4,Reporting,17,Q14,SELECT,43.6687,True
1,4,Reporting,18,Q4,SELECT,22.8535,True
1,4,Reporting,19,U_orders,UPDATE,0.6595,True
1,4,Reporting,20,U_orders,UPDATE,0.187,True
1,4,Reporting,21,Q14,SELECT,44.1831,True
1,4,Reporting,22,Q14,SELECT,43.3755,True
1,4,Reporting,23,Q14,SELECT,43.2169,True
1,4,Reporting,24,Q1,SELECT,268.9989,True
1,4,Reporting,25,Q4,SELECT,22.3161,True
1,4,Reporting,26,U_orders,UPDATE,0.7131,True
1,4,Reporting,27,U_orders,UPDATE,0.2692,True
1,4,Reporting,28,Q12,SELECT,50.4811,True
1,4,Reporting,29,Q1,SELECT,272.3192,True
1,5,Reporting,0,Q12,SELECT,51.4301,True
1,5,Reporting,1,U_orders,UPDATE,0.7343,True
1,5,Reporting,2,Q1,SELECT,268.0511,True
1,5,Reporting,3,Q12,SELECT,50.4149,True
1,5,Reporting,4,U_orders,UPDATE,0.7634,True
1,5,Reporting,5,Q1,SELECT,270.3176,True
1,5,Reporting,6,Q6,SELECT,40.0357,True
1,5,Reporting,7,Q1,SELECT,267.3894,True
1,5,Reporting,8,U_orders,UPDATE,0.7844,True
1,5,Reporting,9,Q12,SELECT,50.6105,True
1,5,Reporting,10,U_orders,UPDATE,0.3896,True
1,5,Reporting,11,Q14,SELECT,43.4205,True
1,5,Reporting,12,Q1,SELECT,268.4462,True
1,5,Reporting,13,Q6,SELECT,40.2395,True
1,5,Reporting,14,Q14,SELECT,43.6837,True
1,5,Reporting,15,Q6,SELECT,39.3778,True
1,5,Reporting,16,U_orders,UPDATE,0.7401,True
1,5,Reporting,17,Q12,SELECT,49.9377,True
1,5,Reporting,18,Q14,SELECT,42.7694,True
1,5,Reporting,19,Q1,SELECT,268.4707,True
1,5,Reporting,20,Q4,SELECT,22.345,True
1,5,Reporting,21,Q6,SELECT,39.5141,True
1,5,Reporting,22,Q12,SELECT,50.5985,True
1,5,Reporting,23,Q1,SELECT,271.0208,True
1,5,Reporting,24,U_orders,UPDATE,0.6569,True
1,5,Reporting,25,Q6,SELECT,40.1999,True
1,5,Reporting,26,Q1,SELECT,268.9827,True
1,5,Reporting,27,Q4,SELECT,22.5749,True
1,5,Reporting,28,Q4,SELECT,22.2056,True
1,5,Reporting,29,Q1,SELECT,271.3255,True
1,6,Reporting,0,U_orders,UPDATE,0.8799,True
1,6,Reporting,1,Q14,SELECT,43.6335,True
1,6,Reporting,2,Q6,SELECT,40.3024,True
1,6,Reporting,3,Q4,SELECT,22.6645,True
1,6,Reporting,4,Q6,SELECT,39.3162,True
1,6,Reporting,5,Q1,SELECT,268.4413,True
1,6,Reporting,6,Q6,SELECT,40.177,True
1,6,Reporting,7,Q1,SELECT,270.2748,True
1,6,Reporting,8,Q6,SELECT,40.301,True
1,6,Reporting,9,Q1,SELECT,270.8994,True
1,6,Reporting,10,Q14,SELECT,43.9338,True
1,6,Reporting,11,U_orders,UPDATE,0.7406,True
1,6,Reporting,12,Q14,SELECT,43.2777,True
1,6,Reporting,13,U_orders,UPDATE,0.3492,True
1,6,Reporting,14,Q1,SELECT,267.6744,True
1,6,Reporting,15,Q1,SELECT,263.739,True
1,6,Reporting,16,U_orders,UPDATE,0.7,True
1,6,Reporting,17,Q6,SELECT,40.0856,True
1,6,Reporting,18,Q6,SELECT,39.9325,True
1,6,Reporting,19,Q1,SELECT,268.3774,True
1,6,Reporting,20,Q4,SELECT,22.8044,True
1,6,Reporting,21,Q12,SELECT,51.3678,True
1,6,Reporting,22,Q14,SELECT,43.5317,True
1,6,Reporting,23,U_orders,UPDATE,0.4321,True
1,6,Reporting,24,Q1,SELECT,267.9167,True
1,6,Reporting,25,U_orders,UPDATE,0.7577,True
1,6,Reporting,26,Q6,SELECT,39.9836,True
1,6,Reporting,27,Q14,SELECT,43.6046,True
1,6,Reporting,28,Q14,SELECT,43.016,True
1,6,Reporting,29,Q6,SELECT,40.1147,True
1,7,Reporting,0,Q1,SELECT,270.3748,True
1,7,Reporting,1,Q14,SELECT,43.1347,True
1,7,Reporting,2,U_orders,UPDATE,0.6369,True
1,7,Reporting,3,Q14,SELECT,43.0038,True
1,7,Reporting,4,Q1,SELECT,268.2435,True
1,7,Reporting,5,Q14,SELECT,43.2263,True
1,7,Reporting,6,U_orders,UPDATE,0.7343,True
1,7,Reporting,7,Q14,SELECT,42.2855,True
1,7,Reporting,8,Q4,SELECT,22.3052,True
1,7,Reporting,9,Q6,SELECT,39.6442,True
1,7,Reporting,10,Q12,SELECT,51.0871,True
1,7,Reporting,11,Q6,SELECT,40.4949,True
1,7,Reporting,12,Q1,SELECT,269.9743,True
1,7,Reporting,13,Q4,SELECT,22.9301,True
1,7,Reporting,14,U_orders,UPDATE,0.7442,True
1,7,Reporting,15,Q1,SELECT,270.8728,True
1,7,Reporting,16,Q14,SELECT,43.2431,True
1,7,Reporting,17,Q1,SELECT,269.9454,True
1,7,Reporting,18,Q6,SELECT,40.1604,True
1,7,Reporting,19,Q12,SELECT,50.8134,True
1,7,Reporting,20,Q14,SELECT,43.3591,True
1,7,Reporting,21,Q14,SELECT,43.6247,True
1,7,Reporting,22,Q1,SELECT,269.4885,True
1,7,Reporting,23,Q12,SELECT,51.0855,True
1,7,Reporting,24,U_orders,UPDATE,0.6309,True
1,7,Reporting,25,U_orders,UPDATE,0.1791,True
1,7,Reporting,26,Q6,SELECT,40.3656,True
1,7,Reporting,27,U_orders,UPDATE,0.3646,True
1,7,Reporting,28,Q12,SELECT,51.3925,True
1,7,Reporting,29,Q4,SELECT,23.117,True
1,8,JoinHeavy,0,Q3,SELECT,70.205,True
1,8,JoinHeavy,1,Q7,SELECT,66.0413,True
1,8,JoinHeavy,2,Q18,SELECT,176.7149,True
1,8,JoinHeavy,3,Q7,SELECT,65.8976,True
1,8,JoinHeavy,4,Q5,SELECT,44.4927,True
1,8,JoinHeavy,5,Q5,SELECT,45.053,True
1,8,JoinHeavy,6,Q3,SELECT,69.7701,True
1,8,JoinHeavy,7,Q10,SELECT,145.588,True
1,8,JoinHeavy,8,Q5,SELECT,45.2187,True
1,8,JoinHeavy,9,Q10,SELECT,143.2393,True
1,8,JoinHeavy,10,Q3,SELECT,71.2388,True
1,8,JoinHeavy,11,Q3,SELECT,70.6465,True
1,8,JoinHeavy,12,Q10,SELECT,143.9504,True
1,8,JoinHeavy,13,Q10,SELECT,146.7329,True
1,8,JoinHeavy,14,Q7,SELECT,65.562,True
1,8,JoinHeavy,15,Q3,SELECT,69.4178,True
1,8,JoinHeavy,16,Q5,SELECT,44.916,True
1,8,JoinHeavy,17,Q5,SELECT,45.9891,True
1,8,JoinHeavy,18,Q5,SELECT,44.3428,True
1,8,JoinHeavy,19,Q10,SELECT,147.3797,True
1,8,JoinHeavy,20,Q18,SELECT,168.3719,True
1,8,JoinHeavy,21,Q5,SELECT,46.3034,True
1,8,JoinHeavy,22,I_customer,INSERT,0.4264,True
1,8,JoinHeavy,23,I_customer,INSERT,0.1715,True
1,8,JoinHeavy,24,I_customer,INSERT,0.1522,True
1,8,JoinHeavy,25,I_customer,INSERT,0.1583,True
1,8,JoinHeavy,26,I_customer,INSERT,0.164,True
1,8,JoinHeavy,27,I_customer,INSERT,0.1486,True
1,8,JoinHeavy,28,I_customer,INSERT,0.1426,True
1,8,JoinHeavy,29,I_customer,INSERT,0.1418,True
1,8,JoinHeavy,30,I_customer,INSERT,0.141,True
1,8,JoinHeavy,31,I_customer,INSERT,0.1315,True
1,8,JoinHeavy,32,I_customer,INSERT,0.1415,True
1,8,JoinHeavy,33,I_customer,INSERT,0.1404,True
1,8,JoinHeavy,34,I_customer,INSERT,0.14,True
1,8,JoinHeavy,35,I_customer,INSERT,0.1397,True
1,8,JoinHeavy,36,I_customer,INSERT,0.1471,True
1,8,JoinHeavy,37,I_customer,INSERT,0.138,True
1,8,JoinHeavy,38,I_customer,INSERT,0.1407,True
1,8,JoinHeavy,39,I_customer,INSERT,0.3603,True
1,9,JoinHeavy,0,Q7,SELECT,66.951,True
1,9,JoinHeavy,1,Q18,SELECT,167.2071,True
1,9,JoinHeavy,2,Q10,SELECT,143.0695,True
1,9,JoinHeavy,3,Q10,SELECT,143.2067,True
1,9,JoinHeavy,4,Q18,SELECT,168.4954,True
1,9,JoinHeavy,5,Q5,SELECT,44.2252,True
1,9,JoinHeavy,6,Q3,SELECT,69.8338,True
1,9,JoinHeavy,7,Q10,SELECT,144.8348,True
1,9,JoinHeavy,8,Q10,SELECT,144.1295,True
1,9,JoinHeavy,9,Q5,SELECT,45.266,True
1,9,JoinHeavy,10,Q3,SELECT,69.4009,True
1,9,JoinHeavy,11,Q10,SELECT,147.5537,True
1,9,JoinHeavy,12,Q3,SELECT,70.5598,True
1,9,JoinHeavy,13,Q3,SELECT,70.992,True
1,9,JoinHeavy,14,Q3,SELECT,70.5632,True
1,9,JoinHeavy,15,Q3,SELECT,71.0412,True
1,9,JoinHeavy,16,Q7,SELECT,65.4103,True
1,9,JoinHeavy,17,Q18,SELECT,171.0486,True
1,9,JoinHeavy,18,Q3,SELECT,70.1318,True
1,9,JoinHeavy,19,Q5,SELECT,45.9641,True
1,9,JoinHeavy,20,Q10,SELECT,150.7037,True
1,9,JoinHeavy,21,Q5,SELECT,44.9223,True
1,9,JoinHeavy,22,I_customer,INSERT,0.5694,True
1,9,JoinHeavy,23,I_customer,INSERT,0.1707,True
1,9,JoinHeavy,24,I_customer,INSERT,0.1386,True
1,9,JoinHeavy,25,I_customer,INSERT,0.1365,True
1,9,JoinHeavy,26,I_customer,INSERT,0.1304,True
1,9,JoinHeavy,27,I_customer,INSERT,0.5065,True
1,9,JoinHeavy,28,I_customer,INSERT,0.132,True
1,9,JoinHeavy,29,I_customer,INSERT,0.1284,True
1,9,JoinHeavy,30,I_customer,INSERT,0.1239,True
1,9,JoinHeavy,31,I_customer,INSERT,0.1229,True
1,9,JoinHeavy,32,I_customer,INSERT,0.1264,True
1,9,JoinHeavy,33,I_customer,INSERT,0.1268,True
1,9,JoinHeavy,34,I_customer,INSERT,0.1226,True
1,9,JoinHeavy,35,I_customer,INSERT,0.1182,True
1,9,JoinHeavy,36,I_customer,INSERT,0.1221,True
1,9,JoinHeavy,37,I_customer,INSERT,0.1222,True
1,9,JoinHeavy,38,I_customer,INSERT,0.1244,True
1,9,JoinHeavy,39,I_customer,INSERT,0.1205,True
1,10,JoinHeavy,0,Q7,SELECT,65.9605,True
1,10,JoinHeavy,1,Q5,SELECT,45.2572,True
1,10,JoinHeavy,2,Q5,SELECT,44.1682,True
1,10,JoinHeavy,3,Q7,SELECT,66.5073,True
1,10,JoinHeavy,4,Q7,SELECT,64.7001,True
1,10,JoinHeavy,5,Q5,SELECT,43.7167,True
1,10,JoinHeavy,6,Q5,SELECT,44.6176,True
1,10,JoinHeavy,7,Q5,SELECT,44.4399,True
1,10,JoinHeavy,8,Q7,SELECT,64.8444,True
1,10,JoinHeavy,9,Q7,SELECT,65.3005,True
1,10,JoinHeavy,10,Q18,SELECT,170.5974,True
1,10,JoinHeavy,11,Q7,SELECT,65.9815,True
1,10,JoinHeavy,12,Q10,SELECT,147.1389,True
1,10,JoinHeavy,13,Q3,SELECT,69.2138,True
1,10,JoinHeavy,14,Q3,SELECT,69.5793,True
1,10,JoinHeavy,15,Q3,SELECT,70.2685,True
1,10,JoinHeavy,16,Q10,SELECT,144.725,True
1,10,JoinHeavy,17,Q5,SELECT,46.5156,True
1,10,JoinHeavy,18,Q5,SELECT,43.7235,True
1,10,JoinHeavy,19,Q5,SELECT,46.1072,True
1,10,JoinHeavy,20,Q3,SELECT,69.6512,True
1,10,JoinHeavy,21,Q7,SELECT,65.5225,True
1,10,JoinHeavy,22,I_customer,INSERT,0.7887,True
1,10,JoinHeavy,23,I_customer,INSERT,0.2807,True
1,10,JoinHeavy,24,I_customer,INSERT,0.2319,True
1,10,JoinHeavy,25,I_customer,INSERT,0.2237,True
1,10,JoinHeavy,26,I_customer,INSERT,0.2194,True
1,10,JoinHeavy,27,I_customer,INSERT,0.2109,True
1,10,JoinHeavy,28,I_customer,INSERT,0.2078,True
1,10,JoinHeavy,29,I_customer,INSERT,0.2068,True
1,10,JoinHeavy,30,I_customer,INSERT,0.2047,True
1,10,JoinHeavy,31,I_customer,INSERT,0.2071,True
1,10,JoinHeavy,32,I_customer,INSERT,0.2055,True
1,10,JoinHeavy,33,I_customer,INSERT,0.2085,True
1,10,JoinHeavy,34,I_customer,INSERT,0.2033,True
1,10,JoinHeavy,35,I_customer,INSERT,0.2066,True
1,10,JoinHeavy,36,I_customer,INSERT,0.1814,True
1,10,JoinHeavy,37,I_customer,INSERT,0.1523,True
1,10,JoinHeavy,38,I_customer,INSERT,0.1587,True
1,10,JoinHeavy,39,I_customer,INSERT,0.412,True
1,11,JoinHeavy,0,Q5,SELECT,43.7097,True
1,11,JoinHeavy,1,Q7,SELECT,65.5024,True
1,11,JoinHeavy,2,Q3,SELECT,69.5724,True
1,11,JoinHeavy,3,Q18,SELECT,168.9045,True
1,11,JoinHeavy,4,Q3,SELECT,69.6142,True
1,11,JoinHeavy,5,Q5,SELECT,45.8298,True
1,11,JoinHeavy,6,Q5,SELECT,45.812,True
1,11,JoinHeavy,7,Q3,SELECT,68.6572,True
1,11,JoinHeavy,8,Q7,SELECT,65.437,True
1,11,JoinHeavy,9,Q5,SELECT,43.7673,True
1,11,JoinHeavy,10,Q18,SELECT,168.8853,True
1,11,JoinHeavy,11,Q5,SELECT,44.2321,True
1,11,JoinHeavy,12,Q3,SELECT,69.141,True
1,11,JoinHeavy,13,Q3,SELECT,70.0539,True
1,11,JoinHeavy,14,Q7,SELECT,65.7417,True
1,11,JoinHeavy,15,Q3,SELECT,70.0396,True
1,11,JoinHeavy,16,Q3,SELECT,69.9279,True
1,11,JoinHeavy,17,Q5,SELECT,44.4767,True
1,11,JoinHeavy,18,Q3,SELECT,69.7982,True
1,11,JoinHeavy,19,Q3,SELECT,70.2094,True
1,11,JoinHeavy,20,Q3,SELECT,71.5648,True
1,11,JoinHeavy,21,Q7,SELECT,64.8889,True
1,11,JoinHeavy,22,I_customer,INSERT,0.8476,True
1,11,JoinHeavy,23,I_customer,INSERT,0.2935,True
1,11,JoinHeavy,24,I_customer,INSERT,0.2356,True
1,11,JoinHeavy,25,I_customer,INSERT,0.2171,True
1,11,JoinHeavy,26,I_customer,INSERT,0.2112,True
1,11,JoinHeavy,27,I_customer,INSERT,0.2159,True
1,11,JoinHeavy,28,I_customer,INSERT,0.2115,True
1,11,JoinHeavy,29,I_customer,INSERT,0.208,True
1,11,JoinHeavy,30,I_customer,INSERT,0.2183,True
1,11,JoinHeavy,31,I_customer,INSERT,0.2303,True
1,11,JoinHeavy,32,I_customer,INSERT,0.1618,True
1,11,JoinHeavy,33,I_customer,INSERT,0.1536,True
1,11,JoinHeavy,34,I_customer,INSERT,0.1513,True
1,11,JoinHeavy,35,I_customer,INSERT,0.1477,True
1,11,JoinHeavy,36,I_customer,INSERT,0.1483,True
1,11,JoinHeavy,37,I_customer,INSERT,0.1793,True
1,11,JoinHeavy,38,I_customer,INSERT,0.1473,True
1,11,JoinHeavy,39,I_customer,INSERT,0.1538,True
1,12,JoinHeavy,0,Q3,SELECT,70.4842,True
1,12,JoinHeavy,1,Q5,SELECT,45.0915,True
1,12,JoinHeavy,2,Q3,SELECT,69.6849,True
1,12,JoinHeavy,3,Q3,SELECT,69.8083,True
1,12,JoinHeavy,4,Q7,SELECT,65.6527,True
1,12,JoinHeavy,5,Q3,SELECT,70.1668,True
1,12,JoinHeavy,6,Q10,SELECT,145.9491,True
1,12,JoinHeavy,7,Q3,SELECT,70.3643,True
1,12,JoinHeavy,8,Q7,SELECT,65.638,True
1,12,JoinHeavy,9,Q7,SELECT,65.2335,True
1,12,JoinHeavy,10,Q5,SELECT,43.457,True
1,12,JoinHeavy,11,Q3,SELECT,70.0659,True
1,12,JoinHeavy,12,Q5,SELECT,45.8117,True
1,12,JoinHeavy,13,Q3,SELECT,69.7006,True
1,12,JoinHeavy,14,Q7,SELECT,66.0076,True
1,12,JoinHeavy,15,Q10,SELECT,145.4439,True
1,12,JoinHeavy,16,Q3,SELECT,69.458,True
1,12,JoinHeavy,17,Q10,SELECT,144.8965,True
1,12,JoinHeavy,18,Q18,SELECT,171.606,True
1,12,JoinHeavy,19,Q10,SELECT,143.3613,True
1,12,JoinHeavy,20,Q3,SELECT,69.209,True
1,12,JoinHeavy,21,Q3,SELECT,70.8842,True
1,12,JoinHeavy,22,I_customer,INSERT,0.6685,True
1,12,JoinHeavy,23,I_customer,INSERT,0.271,True
1,12,JoinHeavy,24,I_customer,INSERT,0.3856,True
1,12,JoinHeavy,25,I_customer,INSERT,0.1688,True
1,12,JoinHeavy,26,I_customer,INSERT,0.1392,True
1,12,JoinHeavy,27,I_customer,INSERT,0.4137,True
1,12,JoinHeavy,28,I_customer,INSERT,0.2384,True
1,12,JoinHeavy,29,I_customer,INSERT,0.229,True
1,12,JoinHeavy,30,I_customer,INSERT,0.2086,True
1,12,JoinHeavy,31,I_customer,INSERT,0.2076,True
1,12,JoinHeavy,32,I_customer,INSERT,0.2067,True
1,12,JoinHeavy,33,I_customer,INSERT,0.2089,True
1,12,JoinHeavy,34,I_customer,INSERT,0.233,True
1,12,JoinHeavy,35,I_customer,INSERT,0.2122,True
1,12,JoinHeavy,36,I_customer,INSERT,0.2145,True
1,12,JoinHeavy,37,I_customer,INSERT,0.2149,True
1,12,JoinHeavy,38,I_customer,INSERT,0.1956,True
1,12,JoinHeavy,39,I_customer,INSERT,0.157,True
1,13,JoinHeavy,0,Q3,SELECT,70.6923,True
1,13,JoinHeavy,1,Q5,SELECT,44.338,True
1,13,JoinHeavy,2,Q10,SELECT,145.4769,True
1,13,JoinHeavy,3,Q5,SELECT,45.6402,True
1,13,JoinHeavy,4,Q3,SELECT,70.8545,True
1,13,JoinHeavy,5,Q10,SELECT,145.2198,True
1,13,JoinHeavy,6,Q5,SELECT,44.6502,True
1,13,JoinHeavy,7,Q3,SELECT,70.1557,True
1,13,JoinHeavy,8,Q7,SELECT,65.6255,True
1,13,JoinHeavy,9,Q7,SELECT,64.656,True
1,13,JoinHeavy,10,Q5,SELECT,45.9687,True
1,13,JoinHeavy,11,Q5,SELECT,43.837,True
1,13,JoinHeavy,12,Q3,SELECT,69.9417,True
1,13,JoinHeavy,13,Q3,SELECT,69.8052,True
1,13,JoinHeavy,14,Q5,SELECT,44.8251,True
1,13,JoinHeavy,15,Q10,SELECT,147.5995,True
1,13,JoinHeavy,16,Q3,SELECT,71.2794,True
1,13,JoinHeavy,17,Q10,SELECT,154.3633,True
1,13,JoinHeavy,18,Q3,SELECT,70.2375,True
1,13,JoinHeavy,19,Q5,SELECT,45.824,True
1,13,JoinHeavy,20,Q3,SELECT,70.1836,True
1,13,JoinHeavy,21,Q10,SELECT,146.5526,True
1,13,JoinHeavy,22,I_customer,INSERT,0.8938,True
1,13,JoinHeavy,23,I_customer,INSERT,0.3023,True
1,13,JoinHeavy,24,I_customer,INSERT,0.2343,True
1,13,JoinHeavy,25,I_customer,INSERT,0.2246,True
1,13,JoinHeavy,26,I_customer,INSERT,0.217,True
1,13,JoinHeavy,27,I_customer,INSERT,0.229,True
1,13,JoinHeavy,28,I_customer,INSERT,0.2607,True
1,13,JoinHeavy,29,I_customer,INSERT,0.2283,True
1,13,JoinHeavy,30,I_customer,INSERT,0.219,True
1,13,JoinHeavy,31,I_customer,INSERT,0.213,True
1,13,JoinHeavy,32,I_customer,INSERT,0.2054,True
1,13,JoinHeavy,33,I_customer,INSERT,0.1809,True
1,13,JoinHeavy,34,I_customer,INSERT,0.1475,True
1,13,JoinHeavy,35,I_customer,INSERT,0.1472,True
1,13,JoinHeavy,36,I_customer,INSERT,0.1487,True
1,13,JoinHeavy,37,I_customer,INSERT,0.1507,True
1,13,JoinHeavy,38,I_customer,INSERT,0.1474,True
1,13,JoinHeavy,39,I_customer,INSERT,0.1471,True
1,14,JoinHeavy,0,Q10,SELECT,149.7344,True
1,14,JoinHeavy,1,Q10,SELECT,153.3343,True
1,14,JoinHeavy,2,Q3,SELECT,67.7398,True
1,14,JoinHeavy,3,Q3,SELECT,67.5838,True
1,14,JoinHeavy,4,Q5,SELECT,35.6282,True
1,14,JoinHeavy,5,Q10,SELECT,143.5759,True
1,14,JoinHeavy,6,Q10,SELECT,149.4464,True
1,14,JoinHeavy,7,Q3,SELECT,65.5937,True
1,14,JoinHeavy,8,Q7,SELECT,65.4389,True
1,14,JoinHeavy,9,Q3,SELECT,66.4265,True
1,14,JoinHeavy,10,Q3,SELECT,66.8185,True
1,14,JoinHeavy,11,Q3,SELECT,67.3902,True
1,14,JoinHeavy,12,Q5,SELECT,35.1945,True
1,14,JoinHeavy,13,Q3,SELECT,65.2417,True
1,14,JoinHeavy,14,Q5,SELECT,34.1241,True
1,14,JoinHeavy,15,Q7,SELECT,64.9919,True
1,14,JoinHeavy,16,Q10,SELECT,148.2593,True
1,14,JoinHeavy,17,Q3,SELECT,65.8312,True
1,14,JoinHeavy,18,Q7,SELECT,67.0936,True
1,14,JoinHeavy,19,Q3,SELECT,65.2629,True
1,14,JoinHeavy,20,Q3,SELECT,64.6148,True
1,14,JoinHeavy,21,Q5,SELECT,33.7228,True
1,14,JoinHeavy,22,I_customer,INSERT,1.33,True
1,14,JoinHeavy,23,I_customer,INSERT,0.303,True
1,14,JoinHeavy,24,I_customer,INSERT,0.2453,True
1,14,JoinHeavy,25,I_customer,INSERT,0.359,True
1,14,JoinHeavy,26,I_customer,INSERT,0.2549,True
1,14,JoinHeavy,27,I_customer,INSERT,0.3178,True
1,14,JoinHeavy,28,I_customer,INSERT,0.23,True
1,14,JoinHeavy,29,I_customer,INSERT,0.2131,True
1,14,JoinHeavy,30,I_customer,INSERT,0.1793,True
1,14,JoinHeavy,31,I_customer,INSERT,0.1706,True
1,14,JoinHeavy,32,I_customer,INSERT,0.1708,True
1,14,JoinHeavy,33,I_customer,INSERT,0.2318,True
1,14,JoinHeavy,34,I_customer,INSERT,0.3335,True
1,14,JoinHeavy,35,I_customer,INSERT,0.3567,True
1,14,JoinHeavy,36,I_customer,INSERT,0.1494,True
1,14,JoinHeavy,37,I_customer,INSERT,0.1491,True
1,14,JoinHeavy,38,I_customer,INSERT,0.1497,True
1,14,JoinHeavy,39,I_customer,INSERT,0.1447,True
1,15,JoinHeavy,0,Q3,SELECT,65.257,True
1,15,JoinHeavy,1,Q3,SELECT,65.6547,True
1,15,JoinHeavy,2,Q3,SELECT,65.6141,True
1,15,JoinHeavy,3,Q5,SELECT,34.3288,True
1,15,JoinHeavy,4,Q3,SELECT,65.2616,True
1,15,JoinHeavy,5,Q10,SELECT,147.3796,True
1,15,JoinHeavy,6,Q3,SELECT,65.3197,True
1,15,JoinHeavy,7,Q7,SELECT,64.5078,True
1,15,JoinHeavy,8,Q3,SELECT,64.9137,True
1,15,JoinHeavy,9,Q5,SELECT,26.5944,True
1,15,JoinHeavy,10,Q7,SELECT,64.1536,True
1,15,JoinHeavy,11,Q10,SELECT,59.6281,True
1,15,JoinHeavy,12,Q5,SELECT,26.9152,True
1,15,JoinHeavy,13,Q3,SELECT,65.4977,True
1,15,JoinHeavy,14,Q7,SELECT,64.378,True
1,15,JoinHeavy,15,Q18,SELECT,171.195,True
1,15,JoinHeavy,16,Q10,SELECT,59.6995,True
1,15,JoinHeavy,17,Q3,SELECT,65.6714,True
1,15,JoinHeavy,18,Q5,SELECT,26.5185,True
1,15,JoinHeavy,19,Q5,SELECT,26.5812,True
1,15,JoinHeavy,20,Q10,SELECT,60.177,True
1,15,JoinHeavy,21,Q3,SELECT,66.7548,True
1,15,JoinHeavy,22,I_customer,INSERT,0.7428,True
1,15,JoinHeavy,23,I_customer,INSERT,0.2932,True
1,15,JoinHeavy,24,I_customer,INSERT,0.269,True
1,15,JoinHeavy,25,I_customer,INSERT,0.2236,True
1,15,JoinHeavy,26,I_customer,INSERT,0.2129,True
1,15,JoinHeavy,27,I_customer,INSERT,0.2096,True
1,15,JoinHeavy,28,I_customer,INSERT,0.208,True
1,15,JoinHeavy,29,I_customer,INSERT,0.21,True
1,15,JoinHeavy,30,I_customer,INSERT,0.2055,True
1,15,JoinHeavy,31,I_customer,INSERT,0.2137,True
1,15,JoinHeavy,32,I_customer,INSERT,0.1773,True
1,15,JoinHeavy,33,I_customer,INSERT,0.1515,True
1,15,JoinHeavy,34,I_customer,INSERT,0.1471,True
1,15,JoinHeavy,35,I_customer,INSERT,0.1481,True
1,15,JoinHeavy,36,I_customer,INSERT,0.1455,True
1,15,JoinHeavy,37,I_customer,INSERT,0.1448,True
1,15,JoinHeavy,38,I_customer,INSERT,0.1413,True
1,15,JoinHeavy,39,I_customer,INSERT,0.1517,True
1,16,Procurement,0,D_orders,DELETE,0.1549,True
1,16,Procurement,1,D_orders,DELETE,0.1929,True
1,16,Procurement,2,D_orders,DELETE,0.1265,True
1,16,Procurement,3,D_orders,DELETE,0.0793,True
1,16,Procurement,4,Q14,SELECT,42.8769,True
1,16,Procurement,5,Q17,SELECT,150.1923,True
1,16,Procurement,6,Q17,SELECT,150.5055,True
1,16,Procurement,7,Q17,SELECT,153.1397,True
1,16,Procurement,8,Q11,SELECT,16.7154,True
1,16,Procurement,9,Q17,SELECT,156.0149,True
1,16,Procurement,10,Q6,SELECT,38.7447,True
1,16,Procurement,11,Q6,SELECT,38.57,True
1,16,Procurement,12,Q11,SELECT,15.3371,True
1,16,Procurement,13,Q17,SELECT,152.763,True
1,16,Procurement,14,Q6,SELECT,38.9939,True
1,16,Procurement,15,Q17,SELECT,156.1838,True
1,16,Procurement,16,Q11,SELECT,15.1322,True
1,16,Procurement,17,Q6,SELECT,38.1058,True
1,16,Procurement,18,Q11,SELECT,15.0502,True
1,16,Procurement,19,Q17,SELECT,158.2669,True
1,16,Procurement,20,Q6,SELECT,38.8654,True
1,16,Procurement,21,Q17,SELECT,156.5158,True
1,16,Procurement,22,Q6,SELECT,38.7247,True
1,16,Procurement,23,Q14,SELECT,41.7943,True
1,16,Procurement,24,Q11,SELECT,15.0704,True
1,17,Procurement,0,D_orders,DELETE,0.3948,True
1,17,Procurement,1,D_orders,DELETE,0.1189,True
1,17,Procurement,2,D_orders,DELETE,0.1137,True
1,17,Procurement,3,D_orders,DELETE,0.1316,True
1,17,Procurement,4,Q11,SELECT,13.3723,True
1,17,Procurement,5,Q11,SELECT,13.2887,True
1,17,Procurement,6,Q17,SELECT,155.3147,True
1,17,Procurement,7,Q17,SELECT,153.8272,True
1,17,Procurement,8,Q14,SELECT,40.9578,True
1,17,Procurement,9,Q17,SELECT,153.4046,True
1,17,Procurement,10,Q11,SELECT,14.8835,True
1,17,Procurement,11,Q11,SELECT,13.6709,True
1,17,Procurement,12,Q14,SELECT,41.7378,True
1,17,Procurement,13,Q17,SELECT,154.3846,True
1,17,Procurement,14,Q6,SELECT,39.4135,True
1,17,Procurement,15,Q6,SELECT,38.8347,True
1,17,Procurement,16,Q11,SELECT,14.7396,True
1,17,Procurement,17,Q6,SELECT,38.9074,True
1,17,Procurement,18,Q11,SELECT,15.3602,True
1,17,Procurement,19,Q1,SELECT,108.6064,True
1,17,Procurement,20,Q17,SELECT,153.4861,True
1,17,Procurement,21,Q11,SELECT,14.937,True
1,17,Procurement,22,Q17,SELECT,153.0095,True
1,17,Procurement,23,Q11,SELECT,14.852,True
1,17,Procurement,24,Q1,SELECT,108.94,True
1,18,Procurement,0,D_orders,DELETE,0.4315,True
1,18,Procurement,1,D_orders,DELETE,0.1419,True
1,18,Procurement,2,D_orders,DELETE,0.1142,True
1,18,Procurement,3,D_orders,DELETE,0.1083,True
1,18,Procurement,4,Q17,SELECT,157.1941,True
1,18,Procurement,5,Q11,SELECT,14.9229,True
1,18,Procurement,6,Q17,SELECT,154.6889,True
1,18,Procurement,7,Q17,SELECT,155.6144,True
1,18,Procurement,8,Q6,SELECT,38.9483,True
1,18,Procurement,9,Q14,SELECT,42.178,True
1,18,Procurement,10,Q17,SELECT,156.549,True
1,18,Procurement,11,Q6,SELECT,38.3228,True
1,18,Procurement,12,Q1,SELECT,106.97,True
1,18,Procurement,13,Q14,SELECT,41.577,True
1,18,Procurement,14,Q11,SELECT,15.4558,True
1,18,Procurement,15,Q17,SELECT,154.1669,True
1,18,Procurement,16,Q11,SELECT,15.6629,True
1,18,Procurement,17,Q11,SELECT,13.6192,True
1,18,Procurement,18,Q6,SELECT,38.3694,True
1,18,Procurement,19,Q6,SELECT,38.2825,True
1,18,Procurement,20,Q6,SELECT,38.7375,True
1,18,Procurement,21,Q17,SELECT,154.6306,True
1,18,Procurement,22,Q14,SELECT,43.3084,True
1,18,Procurement,23,Q11,SELECT,15.1551,True
1,18,Procurement,24,Q17,SELECT,163.0737,True
1,19,Procurement,0,D_orders,DELETE,0.1825,True
1,19,Procurement,1,D_orders,DELETE,0.0886,True
1,19,Procurement,2,D_orders,DELETE,0.0813,True
1,19,Procurement,3,D_orders,DELETE,0.4985,True
1,19,Procurement,4,Q6,SELECT,38.982,True
1,19,Procurement,5,Q11,SELECT,15.628,True
1,19,Procurement,6,Q1,SELECT,110.4176,True
1,19,Procurement,7,Q11,SELECT,15.3814,True
1,19,Procurement,8,Q17,SELECT,152.8904,True
1,19,Procurement,9,Q6,SELECT,39.0681,True
1,19,Procurement,10,Q17,SELECT,155.3622,True
1,19,Procurement,11,Q11,SELECT,15.4214,True
1,19,Procurement,12,Q17,SELECT,154.7341,True
1,19,Procurement,13,Q17,SELECT,152.4768,True
1,19,Procurement,14,Q11,SELECT,15.0552,True
1,19,Procurement,15,Q11,SELECT,13.3765,True
1,19,Procurement,16,Q17,SELECT,156.4653,True
1,19,Procurement,17,Q6,SELECT,38.2922,True
1,19,Procurement,18,Q17,SELECT,156.0648,True
1,19,Procurement,19,Q17,SELECT,157.4113,True
1,19,Procurement,20,Q14,SELECT,41.553,True
1,19,Procurement,21,Q11,SELECT,14.9798,True
1,19,Procurement,22,Q17,SELECT,155.569,True
1,19,Procurement,23,Q17,SELECT,153.684,True
1,19,Procurement,24,Q6,SELECT,38.3641,True
1,20,Procurement,0,D_orders,DELETE,0.7858,True
1,20,Procurement,1,D_orders,DELETE,0.3189,True
1,20,Procurement,2,D_orders,DELETE,0.2325,True
1,20,Procurement,3,D_orders,DELETE,0.2178,True
1,20,Procurement,4,Q6,SELECT,39.1903,True
1,20,Procurement,5,Q17,SELECT,157.1751,True
1,20,Procurement,6,Q6,SELECT,38.4985,True
1,20,Procurement,7,Q1,SELECT,109.1043,True
1,20,Procurement,8,Q17,SELECT,153.5845,True
1,20,Procurement,9,Q11,SELECT,15.0202,True
1,20,Procurement,10,Q6,SELECT,38.8605,True
1,20,Procurement,11,Q17,SELECT,153.7832,True
1,20,Procurement,12,Q14,SELECT,41.9735,True
1,20,Procurement,13,Q17,SELECT,155.4771,True
1,20,Procurement,14,Q1,SELECT,109.095,True
1,20,Procurement,15,Q17,SELECT,154.615,True
1,20,Procurement,16,Q11,SELECT,15.0931,True
1,20,Procurement,17,Q17,SELECT,157.2314,True
1,20,Procurement,18,Q17,SELECT,157.7862,True
1,20,Procurement,19,Q17,SELECT,154.4392,True
1,20,Procurement,20,Q11,SELECT,14.7866,True
1,20,Procurement,21,Q6,SELECT,38.6595,True
1,20,Procurement,22,Q14,SELECT,42.1309,True
1,20,Procurement,23,Q1,SELECT,109.8493,True
1,20,Procurement,24,Q6,SELECT,38.3464,True
1,21,Procurement,0,D_orders,DELETE,0.4152,True
1,21,Procurement,1,D_orders,DELETE,0.1348,True
1,21,Procurement,2,D_orders,DELETE,0.536,True
1,21,Procurement,3,D_orders,DELETE,0.1176,True
1,21,Procurement,4,Q17,SELECT,158.0688,True
1,21,Procurement,5,Q17,SELECT,154.725,True
1,21,Procurement,6,Q1,SELECT,108.1762,True
1,21,Procurement,7,Q11,SELECT,15.2232,True
1,21,Procurement,8,Q6,SELECT,38.5309,True
1,21,Procurement,9,Q17,SELECT,155.2573,True
1,21,Procurement,10,Q17,SELECT,155.8225,True
1,21,Procurement,11,Q11,SELECT,14.8526,True
1,21,Procurement,12,Q17,SELECT,157.8184,True
1,21,Procurement,13,Q14,SELECT,43.5429,True
1,21,Procurement,14,Q17,SELECT,156.0343,True
1,21,Procurement,15,Q11,SELECT,15.3438,True
1,21,Procurement,16,Q11,SELECT,13.2595,True
1,21,Procurement,17,Q17,SELECT,156.5445,True
1,21,Procurement,18,Q11,SELECT,14.7244,True
1,21,Procurement,19,Q17,SELECT,155.4179,True
1,21,Procurement,20,Q14,SELECT,42.0273,True
1,21,Procurement,21,Q17,SELECT,155.4285,True
1,21,Procurement,22,Q6,SELECT,39.2557,True
1,21,Procurement,23,Q11,SELECT,15.0931,True
1,21,Procurement,24,Q1,SELECT,109.7743,True
1,22,Procurement,0,D_orders,DELETE,0.347,True
1,22,Procurement,1,D_orders,DELETE,0.1353,True
1,22,Procurement,2,D_orders,DELETE,0.1268,True
1,22,Procurement,3,D_orders,DELETE,0.1083,True
1,22,Procurement,4,Q11,SELECT,15.294,True
1,22,Procurement,5,Q14,SELECT,42.1048,True
1,22,Procurement,6,Q11,SELECT,15.309,True
1,22,Procurement,7,Q1,SELECT,109.3073,True
1,22,Procurement,8,Q6,SELECT,38.8499,True
1,22,Procurement,9,Q6,SELECT,37.9496,True
1,22,Procurement,10,Q17,SELECT,154.1866,True
1,22,Procurement,11,Q11,SELECT,15.1371,True
1,22,Procurement,12,Q17,SELECT,154.7449,True
1,22,Procurement,13,Q11,SELECT,15.1162,True
1,22,Procurement,14,Q1,SELECT,110.3983,True
1,22,Procurement,15,Q6,SELECT,38.5448,True
1,22,Procurement,16,Q6,SELECT,38.2512,True
1,22,Procurement,17,Q1,SELECT,107.3127,True
1,22,Procurement,18,Q1,SELECT,108.7621,True
1,22,Procurement,19,Q6,SELECT,38.8551,True
1,22,Procurement,20,Q11,SELECT,15.1256,True
1,22,Procurement,21,Q6,SELECT,38.8022,True
1,22,Procurement,22,Q11,SELECT,14.9733,True
1,22,Procurement,23,Q17,SELECT,166.9742,True
1,22,Procurement,24,Q17,SELECT,161.8332,True
1,23,Procurement,0,D_orders,DELETE,0.4229,True
1,23,Procurement,1,D_orders,DELETE,0.1315,True
1,23,Procurement,2,D_orders,DELETE,1.0624,True
1,23,Procurement,3,D_orders,DELETE,0.1075,True
1,23,Procurement,4,Q17,SELECT,156.4575,True
1,23,Procurement,5,Q11,SELECT,15.4584,True
1,23,Procurement,6,Q17,SELECT,155.4687,True
1,23,Procurement,7,Q17,SELECT,156.3949,True
1,23,Procurement,8,Q11,SELECT,15.0824,True
1,23,Procurement,9,Q11,SELECT,13.4137,True
1,23,Procurement,10,Q11,SELECT,13.424,True
1,23,Procurement,11,Q6,SELECT,38.3785,True
1,23,Procurement,12,Q6,SELECT,38.0404,True
1,23,Procurement,13,Q17,SELECT,154.8082,True
1,23,Procurement,14,Q1,SELECT,111.2257,True
1,23,Procurement,15,Q11,SELECT,15.2285,True
1,23,Procurement,16,Q11,SELECT,13.9757,True
1,23,Procurement,17,Q11,SELECT,13.4673,True
1,23,Procurement,18,Q14,SELECT,42.0602,True
1,23,Procurement,19,Q11,SELECT,15.2148,True
1,23,Procurement,20,Q1,SELECT,108.9237,True
1,23,Procurement,21,Q1,SELECT,109.0432,True
1,23,Procurement,22,Q14,SELECT,41.3727,True
1,23,Procurement,23,Q6,SELECT,38.4238,True
1,23,Procurement,24,Q17,SELECT,157.3089,True
1,24,Customer,0,Q7,SELECT,35.0115,True
1,24,Customer,1,U_customer,UPDATE,0.6592,True
1,24,Customer,2,Q3,SELECT,52.1612,True
1,24,Customer,3,U_customer,UPDATE,0.4118,True
1,24,Customer,4,Q18,SELECT,265.7385,True
1,24,Customer,5,U_customer,UPDATE,0.7602,True
1,24,Customer,6,Q7,SELECT,35.4578,True
1,24,Customer,7,U_customer,UPDATE,0.4225,True
1,24,Customer,8,Q5,SELECT,26.2221,True
1,24,Customer,9,U_customer,UPDATE,0.4017,True
1,24,Customer,10,Q18,SELECT,261.2423,True
1,24,Customer,11,U_customer,UPDATE,0.7384,True
1,24,Customer,12,Q10,SELECT,57.472,True
1,24,Customer,13,U_customer,UPDATE,0.7171,True
1,24,Customer,14,Q10,SELECT,56.5216,True
1,24,Customer,15,U_customer,UPDATE,0.6976,True
1,24,Customer,16,Q3,SELECT,51.7058,True
1,24,Customer,17,U_customer,UPDATE,0.4384,True
1,24,Customer,18,Q18,SELECT,264.8885,True
1,24,Customer,19,U_customer,UPDATE,0.7284,True
1,25,Customer,0,Q7,SELECT,35.1578,True
1,25,Customer,1,U_customer,UPDATE,0.3962,True
1,25,Customer,2,Q18,SELECT,262.6102,True
1,25,Customer,3,U_customer,UPDATE,0.732,True
1,25,Customer,4,Q10,SELECT,56.5065,True
1,25,Customer,5,U_customer,UPDATE,0.772,True
1,25,Customer,6,Q7,SELECT,34.1582,True
1,25,Customer,7,U_customer,UPDATE,0.4486,True
1,25,Customer,8,Q18,SELECT,259.548,True
1,25,Customer,9,U_customer,UPDATE,0.643,True
1,25,Customer,10,Q3,SELECT,52.4513,True
1,25,Customer,11,U_customer,UPDATE,0.449,True
1,25,Customer,12,Q18,SELECT,262.4615,True
1,25,Customer,13,U_customer,UPDATE,0.6387,True
1,25,Customer,14,Q18,SELECT,260.1163,True
1,25,Customer,15,U_customer,UPDATE,1.3595,True
1,25,Customer,16,Q3,SELECT,51.4885,True
1,25,Customer,17,U_customer,UPDATE,0.4486,True
1,25,Customer,18,Q18,SELECT,260.7818,True
1,25,Customer,19,U_customer,UPDATE,0.608,True
1,26,Customer,0,Q3,SELECT,52.3597,True
1,26,Customer,1,U_customer,UPDATE,0.42,True
1,26,Customer,2,Q3,SELECT,52.1055,True
1,26,Customer,3,U_customer,UPDATE,0.4584,True
1,26,Customer,4,Q10,SELECT,57.143,True
1,26,Customer,5,U_customer,UPDATE,0.8291,True
1,26,Customer,6,Q18,SELECT,258.2684,True
1,26,Customer,7,U_customer,UPDATE,0.7544,True
1,26,Customer,8,Q3,SELECT,51.5842,True
1,26,Customer,9,U_customer,UPDATE,0.3213,True
1,26,Customer,10,Q10,SELECT,57.5719,True
1,26,Customer,11,U_customer,UPDATE,0.4235,True
1,26,Customer,12,Q10,SELECT,56.9712,True
1,26,Customer,13,U_customer,UPDATE,0.7335,True
1,26,Customer,14,Q10,SELECT,57.0571,True
1,26,Customer,15,U_customer,UPDATE,0.4316,True
1,26,Customer,16,Q10,SELECT,57.0032,True
1,26,Customer,17,U_customer,UPDATE,0.4197,True
1,26,Customer,18,Q5,SELECT,26.658,True
1,26,Customer,19,U_customer,UPDATE,0.442,True
1,27,Customer,0,Q3,SELECT,51.4856,True
1,27,Customer,1,U_customer,UPDATE,0.4849,True
1,27,Customer,2,Q10,SELECT,56.7546,True
1,27,Customer,3,U_customer,UPDATE,0.7083,True
1,27,Customer,4,Q18,SELECT,261.9434,True
1,27,Customer,5,U_customer,UPDATE,0.7333,True
1,27,Customer,6,Q7,SELECT,34.9683,True
1,27,Customer,7,U_customer,UPDATE,0.4234,True
1,27,Customer,8,Q7,SELECT,34.1749,True
1,27,Customer,9,U_customer,UPDATE,0.3541,True
1,27,Customer,10,Q3,SELECT,52.6617,True
1,27,Customer,11,U_customer,UPDATE,0.3535,True
1,27,Customer,12,Q10,SELECT,57.0723,True
1,27,Customer,13,U_customer,UPDATE,0.3433,True
1,27,Customer,14,Q3,SELECT,52.2684,True
1,27,Customer,15,U_customer,UPDATE,0.2978,True
1,27,Customer,16,Q18,SELECT,265.0195,True
1,27,Customer,17,U_customer,UPDATE,0.7029,True
1,27,Customer,18,Q18,SELECT,258.0592,True
1,27,Customer,19,U_customer,UPDATE,0.7416,True
1,28,Customer,0,Q3,SELECT,51.9326,True
1,28,Customer,1,U_customer,UPDATE,0.3943,True
1,28,Customer,2,Q5,SELECT,27.0571,True
1,28,Customer,3,U_customer,UPDATE,0.4103,True
1,28,Customer,4,Q10,SELECT,56.9538,True
1,28,Customer,5,U_customer,UPDATE,0.5997,True
1,28,Customer,6,Q18,SELECT,260.5425,True
1,28,Customer,7,U_customer,UPDATE,0.7273,True
1,28,Customer,8,Q3,SELECT,51.7385,True
1,28,Customer,9,U_customer,UPDATE,0.3125,True
1,28,Customer,10,Q18,SELECT,261.1537,True
1,28,Customer,11,U_customer,UPDATE,0.6875,True
1,28,Customer,12,Q18,SELECT,261.8201,True
1,28,Customer,13,U_customer,UPDATE,0.7253,True
1,28,Customer,14,Q10,SELECT,56.1435,True
1,28,Customer,15,U_customer,UPDATE,0.7617,True
1,28,Customer,16,Q10,SELECT,56.615,True
1,28,Customer,17,U_customer,UPDATE,0.7344,True
1,28,Customer,18,Q18,SELECT,258.8537,True
1,28,Customer,19,U_customer,UPDATE,0.7428,True
1,29,Customer,0,Q7,SELECT,35.1601,True
1,29,Customer,1,U_customer,UPDATE,0.4464,True
1,29,Customer,2,Q10,SELECT,57.0588,True
1,29,Customer,3,U_customer,UPDATE,0.712,True
1,29,Customer,4,Q3,SELECT,51.8747,True
1,29,Customer,5,U_customer,UPDATE,0.4595,True
1,29,Customer,6,Q3,SELECT,52.164,True
1,29,Customer,7,U_customer,UPDATE,0.4093,True
1,29,Customer,8,Q10,SELECT,57.5436,True
1,29,Customer,9,U_customer,UPDATE,0.531,True
1,29,Customer,10,Q10,SELECT,57.5037,True
1,29,Customer,11,U_customer,UPDATE,0.5815,True
1,29,Customer,12,Q18,SELECT,261.5816,True
1,29,Customer,13,U_customer,UPDATE,1.335,True
1,29,Customer,14,Q18,SELECT,258.3576,True
1,29,Customer,15,U_customer,UPDATE,0.7526,True
1,29,Customer,16,Q7,SELECT,33.9587,True
1,29,Customer,17,U_customer,UPDATE,0.341,True
1,29,Customer,18,Q10,SELECT,56.827,True
1,29,Customer,19,U_customer,UPDATE,0.6952,True
1,30,Customer,0,Q18,SELECT,259.3778,True
1,30,Customer,1,U_customer,UPDATE,0.5927,True
1,30,Customer,2,Q18,SELECT,258.4201,True
1,30,Customer,3,U_customer,UPDATE,0.7124,True
1,30,Customer,4,Q3,SELECT,51.2432,True
1,30,Customer,5,U_customer,UPDATE,0.382,True
1,30,Customer,6,Q5,SELECT,26.6938,True
1,30,Customer,7,U_customer,UPDATE,0.419,True
1,30,Customer,8,Q5,SELECT,26.4354,True
1,30,Customer,9,U_customer,UPDATE,0.2982,True
1,30,Customer,10,Q18,SELECT,258.9809,True
1,30,Customer,11,U_customer,UPDATE,0.7724,True
1,30,Customer,12,Q10,SELECT,57.3102,True
1,30,Customer,13,U_customer,UPDATE,0.4225,True
1,30,Customer,14,Q18,SELECT,262.2578,True
1,30,Customer,15,U_customer,UPDATE,0.7453,True
1,30,Customer,16,Q10,SELECT,57.7311,True
1,30,Customer,17,U_customer,UPDATE,0.8293,True
1,30,Customer,18,Q18,SELECT,261.3909,True
1,30,Customer,19,U_customer,UPDATE,0.316,True
1,31,Customer,0,Q18,SELECT,261.3214,True
1,31,Customer,1,U_customer,UPDATE,0.6939,True
1,31,Customer,2,Q18,SELECT,258.661,True
1,31,Customer,3,U_customer,UPDATE,0.7315,True
1,31,Customer,4,Q10,SELECT,56.4225,True
1,31,Customer,5,U_customer,UPDATE,0.7049,True
1,31,Customer,6,Q18,SELECT,258.7262,True
1,31,Customer,7,U_customer,UPDATE,0.7577,True
1,31,Customer,8,Q10,SELECT,57.7404,True
1,31,Customer,9,U_customer,UPDATE,0.8075,True
1,31,Customer,10,Q3,SELECT,51.8175,True
1,31,Customer,11,U_customer,UPDATE,0.4277,True
1,31,Customer,12,Q18,SELECT,264.2338,True
1,31,Customer,13,U_customer,UPDATE,1.0285,True
1,31,Customer,14,Q3,SELECT,52.7362,True
1,31,Customer,15,U_customer,UPDATE,0.491,True
1,31,Customer,16,Q5,SELECT,26.9859,True
1,31,Customer,17,U_customer,UPDATE,0.4424,True
1,31,Customer,18,Q3,SELECT,52.8019,True
1,31,Customer,19,U_customer,UPDATE,0.4,True
2,0,Reporting,0,Q14,SELECT,16.7354,True
2,0,Reporting,1,Q6,SELECT,33.4932,True
2,0,Reporting,2,U_orders,UPDATE,0.8704,True
2,0,Reporting,3,Q6,SELECT,33.8181,True
2,0,Reporting,4,Q6,SELECT,32.2836,True
2,0,Reporting,5,Q14,SELECT,15.7895,True
2,0,Reporting,6,U_orders,UPDATE,0.5395,True
2,0,Reporting,7,Q6,SELECT,32.7262,True
2,0,Reporting,8,U_orders,UPDATE,0.6063,True
2,0,Reporting,9,Q1,SELECT,107.4055,True
2,0,Reporting,10,Q1,SELECT,105.8712,True
2,0,Reporting,11,Q14,SELECT,16.649,True
2,0,Reporting,12,U_orders,UPDATE,0.5865,True
2,0,Reporting,13,Q6,SELECT,31.9661,True
2,0,Reporting,14,Q12,SELECT,49.1245,True
2,0,Reporting,15,Q14,SELECT,16.6443,True
2,0,Reporting,16,Q1,SELECT,110.7515,True
2,0,Reporting,17,Q6,SELECT,33.3008,True
2,0,Reporting,18,Q1,SELECT,110.0373,True
2,0,Reporting,19,Q14,SELECT,16.801,True
2,0,Reporting,20,U_orders,UPDATE,1.3262,True
2,0,Reporting,21,Q6,SELECT,32.4449,True
2,0,Reporting,22,Q1,SELECT,109.7819,True
2,0,Reporting,23,U_orders,UPDATE,1.3231,True
2,0,Reporting,24,Q12,SELECT,48.909,True
2,0,Reporting,25,Q14,SELECT,16.5904,True
2,0,Reporting,26,Q4,SELECT,31.6419,True
2,0,Reporting,27,Q1,SELECT,107.822,True
2,0,Reporting,28,Q14,SELECT,16.5876,True
2,0,Reporting,29,Q6,SELECT,32.4655,True
2,1,Reporting,0,Q1,SELECT,107.6485,True
2,1,Reporting,1,Q1,SELECT,113.0228,True
2,1,Reporting,2,Q4,SELECT,19.6297,True
2,1,Reporting,3,U_orders,UPDATE,0.5462,True
2,1,Reporting,4,Q1,SELECT,108.4745,True
2,1,Reporting,5,Q1,SELECT,109.2207,True
2,1,Reporting,6,Q6,SELECT,32.7258,True
2,1,Reporting,7,Q1,SELECT,110.2195,True
2,1,Reporting,8,Q1,SELECT,110.2495,True
2,1,Reporting,9,Q14,SELECT,16.345,True
2,1,Reporting,10,Q1,SELECT,109.3343,True
2,1,Reporting,11,U_orders,UPDATE,1.3916,True
2,1,Reporting,12,Q6,SELECT,32.2158,True
2,1,Reporting,13,Q12,SELECT,47.8812,True
2,1,Reporting,14,U_orders,UPDATE,1.3539,True
2,1,Reporting,15,Q12,SELECT,48.2585,True
2,1,Reporting,16,Q1,SELECT,107.8233,True
2,1,Reporting,17,Q14,SELECT,16.2619,True
2,1,Reporting,18,Q1,SELECT,107.3822,True
2,1,Reporting,19,Q14,SELECT,16.5025,True
2,1,Reporting,20,Q14,SELECT,14.4064,True
2,1,Reporting,21,Q6,SELECT,32.0118,True
2,1,Reporting,22,Q14,SELECT,15.7088,True
2,1,Reporting,23,Q1,SELECT,112.4831,True
2,1,Reporting,24,Q14,SELECT,16.6399,True
2,1,Reporting,25,Q1,SELECT,108.3529,True
2,1,Reporting,26,U_orders,UPDATE,0.5729,True
2,1,Reporting,27,Q14,SELECT,17.281,True
2,1,Reporting,28,U_orders,UPDATE,0.3033,True
2,1,Reporting,29,U_orders,UPDATE,0.1757,True
2,2,Reporting,0,Q6,SELECT,32.255,True
2,2,Reporting,1,Q14,SELECT,17.1591,True
2,2,Reporting,2,Q1,SELECT,108.6057,True
2,2,Reporting,3,Q14,SELECT,16.6476,True
2,2,Reporting,4,Q12,SELECT,48.4286,True
2,2,Reporting,5,Q1,SELECT,107.2791,True
2,2,Reporting,6,Q1,SELECT,109.6513,True
2,2,Reporting,7,Q1,SELECT,107.7307,True
2,2,Reporting,8,Q1,SELECT,111.0,True
2,2,Reporting,9,Q6,SELECT,31.9252,True
2,2,Reporting,10,Q6,SELECT,32.3921,True
2,2,Reporting,11,Q14,SELECT,16.3675,True
2,2,Reporting,12,Q6,SELECT,32.5881,True
2,2,Reporting,13,U_orders,UPDATE,0.6777,True
2,2,Reporting,14,U_orders,UPDATE,0.2525,True
2,2,Reporting,15,U_orders,UPDATE,0.2075,True
2,2,Reporting,16,Q1,SELECT,107.7556,True
2,2,Reporting,17,U_orders,UPDATE,0.6295,True
2,2,Reporting,18,Q6,SELECT,32.4444,True
2,2,Reporting,19,Q14,SELECT,15.8035,True
2,2,Reporting,20,Q12,SELECT,48.5984,True
2,2,Reporting,21,Q14,SELECT,16.2167,True
2,2,Reporting,22,Q6,SELECT,31.9096,True
2,2,Reporting,23,Q1,SELECT,110.8165,True
2,2,Reporting,24,Q6,SELECT,31.9801,True
2,2,Reporting,25,Q4,SELECT,17.9211,True
2,2,Reporting,26,Q14,SELECT,16.0185,True
2,2,Reporting,27,U_orders,UPDATE,0.7466,True
2,2,Reporting,28,U_orders,UPDATE,0.2317,True
2,2,Reporting,29,Q1,SELECT,107.5089,True
2,3,Reporting,0,Q1,SELECT,107.2498,True
2,3,Reporting,1,Q1,SELECT,109.0236,True
2,3,Reporting,2,Q4,SELECT,18.3573,True
2,3,Reporting,3,Q4,SELECT,17.7618,True
2,3,Reporting,4,U_orders,UPDATE,1.315,True
2,3,Reporting,5,Q6,SELECT,32.6704,True
2,3,Reporting,6,U_orders,UPDATE,0.7379,True
2,3,Reporting,7,U_orders,UPDATE,0.3975,True
2,3,Reporting,8,U_orders,UPDATE,0.5393,True
2,3,Reporting,9,Q12,SELECT,49.061,True
2,3,Reporting,10,Q1,SELECT,107.497,True
2,3,Reporting,11,Q6,SELECT,32.3098,True
2,3,Reporting,12,Q1,SELECT,107.9665,True
2,3,Reporting,13,Q12,SELECT,48.9613,True
2,3,Reporting,14,Q6,SELECT,32.305,True
2,3,Reporting,15,Q6,SELECT,32.8411,True
2,3,Reporting,16,Q1,SELECT,109.3733,True
2,3,Reporting,17,Q14,SELECT,16.768,True
2,3,Reporting,18,U_orders,UPDATE,0.5416,True
2,3,Reporting,19,Q12,SELECT,48.7149,True
2,3,Reporting,20,Q14,SELECT,16.3009,True
2,3,Reporting,21,Q1,SELECT,106.8381,True
2,3,Reporting,22,Q14,SELECT,17.1374,True
2,3,Reporting,23,U_orders,UPDATE,1.302,True
2,3,Reporting,24,Q6,SELECT,32.4156,True
2,3,Reporting,25,Q14,SELECT,16.0703,True
2,3,Reporting,26,Q6,SELECT,33.2901,True
2,3,Reporting,27,Q14,SELECT,16.2859,True
2,3,Reporting,28,Q6,SELECT,32.1323,True
2,3,Reporting,29,Q14,SELECT,16.0635,True
2,4,Reporting,0,Q1,SELECT,107.1545,True
2,4,Reporting,1,Q1,SELECT,105.6496,True
2,4,Reporting,2,Q4,SELECT,18.309,True
2,4,Reporting,3,Q1,SELECT,110.4257,True
2,4,Reporting,4,Q14,SELECT,16.4673,True
2,4,Reporting,5,Q14,SELECT,11.7506,True
2,4,Reporting,6,Q14,SELECT,11.5686,True
2,4,Reporting,7,Q6,SELECT,32.6953,True
2,4,Reporting,8,Q4,SELECT,17.65,True
2,4,Reporting,9,Q1,SELECT,107.1748,True
2,4,Reporting,10,Q1,SELECT,106.3171,True
2,4,Reporting,11,Q1,SELECT,107.6951,True
2,4,Reporting,12,Q12,SELECT,49.0057,True
2,4,Reporting,13,Q1,SELECT,107.0052,True
2,4,Reporting,14,U_orders,UPDATE,0.6307,True
2,4,Reporting,15,Q14,SELECT,16.5413,True
2,4,Reporting,16,U_orders,UPDATE,0.4867,True
2,4,Reporting,17,U_orders,UPDATE,0.3857,True
2,4,Reporting,18,Q1,SELECT,107.9621,True
2,4,Reporting,19,Q14,SELECT,17.4033,True
2,4,Reporting,20,Q14,SELECT,15.5006,True
2,4,Reporting,21,U_orders,UPDATE,0.6869,True
2,4,Reporting,22,Q6,SELECT,32.2877,True
2,4,Reporting,23,U_orders,UPDATE,0.4106,True
2,4,Reporting,24,U_orders,UPDATE,0.2236,True
2,4,Reporting,25,Q12,SELECT,49.0626,True
2,4,Reporting,26,Q12,SELECT,48.9211,True
2,4,Reporting,27,Q6,SELECT,32.8937,True
2,4,Reporting,28,Q6,SELECT,32.759,True
2,4,Reporting,29,Q14,SELECT,16.1691,True
2,5,Reporting,0,U_orders,UPDATE,0.4543,True
2,5,Reporting,1,Q14,SELECT,13.7835,True
2,5,Reporting,2,Q1,SELECT,105.932,True
2,5,Reporting,3,Q12,SELECT,48.4521,True
2,5,Reporting,4,Q6,SELECT,32.3629,True
2,5,Reporting,5,Q4,SELECT,18.1939,True
2,5,Reporting,6,Q1,SELECT,110.373,True
2,5,Reporting,7,Q12,SELECT,48.5733,True
2,5,Reporting,8,Q1,SELECT,109.6032,True
2,5,Reporting,9,Q4,SELECT,18.4331,True
2,5,Reporting,10,Q14,SELECT,17.0698,True
2,5,Reporting,11,U_orders,UPDATE,0.2877,True
2,5,Reporting,12,Q12,SELECT,47.8629,True
2,5,Reporting,13,Q1,SELECT,108.1101,True
2,5,Reporting,14,Q1,SELECT,108.2434,True
2,5,Reporting,15,Q1,SELECT,109.9376,True
2,5,Reporting,16,U_orders,UPDATE,1.2961,True
2,5,Reporting,17,Q4,SELECT,17.6982,True
2,5,Reporting,18,U_orders,UPDATE,0.5714,True
2,5,Reporting,19,U_orders,UPDATE,0.3952,True
2,5,Reporting,20,Q1,SELECT,108.5187,True
2,5,Reporting,21,Q14,SELECT,16.7568,True
2,5,Reporting,22,Q1,SELECT,105.7575,True
2,5,Reporting,23,Q1,SELECT,110.8962,True
2,5,Reporting,24,Q12,SELECT,48.4202,True
2,5,Reporting,25,Q6,SELECT,32.0764,True
2,5,Reporting,26,Q14,SELECT,16.1737,True
2,5,Reporting,27,U_orders,UPDATE,0.4114,True
2,5,Reporting,28,Q14,SELECT,13.7275,True
2,5,Reporting,29,Q1,SELECT,109.5536,True
2,6,Reporting,0,Q1,SELECT,109.5955,True
2,6,Reporting,1,Q14,SELECT,17.2298,True
2,6,Reporting,2,Q1,SELECT,109.4712,True
2,6,Reporting,3,Q1,SELECT,108.5442,True
2,6,Reporting,4,U_orders,UPDATE,0.7572,True
2,6,Reporting,5,U_orders,UPDATE,1.2433,True
2,6,Reporting,6,Q1,SELECT,107.7828,True
2,6,Reporting,7,Q6,SELECT,32.1019,True
2,6,Reporting,8,U_orders,UPDATE,0.6261,True
2,6,Reporting,9,Q6,SELECT,32.0334,True
2,6,Reporting,10,Q4,SELECT,18.3661,True
2,6,Reporting,11,Q6,SELECT,32.3901,True
2,6,Reporting,12,Q14,SELECT,16.0247,True
2,6,Reporting,13,Q6,SELECT,32.5908,True
2,6,Reporting,14,U_orders,UPDATE,0.641,True
2,6,Reporting,15,Q6,SELECT,31.8102,True
2,6,Reporting,16,Q6,SELECT,32.3041,True
2,6,Reporting,17,Q14,SELECT,15.9342,True
2,6,Reporting,18,Q1,SELECT,107.1897,True
2,6,Reporting,19,Q6,SELECT,32.2895,True
2,6,Reporting,20,Q6,SELECT,32.0255,True
2,6,Reporting,21,Q12,SELECT,48.611,True
2,6,Reporting,22,Q6,SELECT,32.6936,True
2,6,Reporting,23,Q1,SELECT,109.7187,True
2,6,Reporting,24,Q1,SELECT,106.9613,True
2,6,Reporting,25,Q6,SELECT,32.4762,True
2,6,Reporting,26,U_orders,UPDATE,0.5919,True
2,6,Reporting,27,Q1,SELECT,110.7096,True
2,6,Reporting,28,U_orders,UPDATE,0.7506,True
2,6,Reporting,29,Q1,SELECT,111.1436,True
2,7,Reporting,0,Q1,SELECT,107.0344,True
2,7,Reporting,1,Q1,SELECT,107.0965,True
2,7,Reporting,2,Q6,SELECT,32.4709,True
2,7,Reporting,3,Q1,SELECT,107.8905,True
2,7,Reporting,4,Q1,SELECT,105.7064,True
2,7,Reporting,5,U_orders,UPDATE,0.6163,True
2,7,Reporting,6,Q1,SELECT,109.0231,True
2,7,Reporting,7,U_orders,UPDATE,0.6024,True
2,7,Reporting,8,Q1,SELECT,108.154,True
2,7,Reporting,9,Q1,SELECT,106.4579,True
2,7,Reporting,10,U_orders,UPDATE,0.5852,True
2,7,Reporting,11,Q6,SELECT,32.6585,True
2,7,Reporting,12,Q1,SELECT,109.0889,True
2,7,Reporting,13,U_orders,UPDATE,1.2432,True
2,7,Reporting,14,Q6,SELECT,32.7208,True
2,7,Reporting,15,Q14,SELECT,16.0659,True
2,7,Reporting,16,Q1,SELECT,109.9537,True
2,7,Reporting,17,U_orders,UPDATE,0.5918,True
2,7,Reporting,18,Q6,SELECT,34.0001,True
2,7,Reporting,19,Q1,SELECT,110.2512,True
2,7,Reporting,20,Q12,SELECT,48.677,True
2,7,Reporting,21,Q6,SELECT,32.9856,True
2,7,Reporting,22,Q4,SELECT,18.3765,True
2,7,Reporting,23,Q1,SELECT,106.8191,True
2,7,Reporting,24,Q4,SELECT,17.851,True
2,7,Reporting,25,Q14,SELECT,16.0812,True
2,7,Reporting,26,U_orders,UPDATE,1.103,True
2,7,Reporting,27,Q6,SELECT,32.914,True
2,7,Reporting,28,Q4,SELECT,17.7561,True
2,7,Reporting,29,Q14,SELECT,15.8504,True
2,8,JoinHeavy,0,Q7,SELECT,33.5812,True
2,8,JoinHeavy,1,Q5,SELECT,28.0122,True
2,8,JoinHeavy,2,Q7,SELECT,33.3484,True
2,8,JoinHeavy,3,Q5,SELECT,27.6328,True
2,8,JoinHeavy,4,Q7,SELECT,33.352,True
2,8,JoinHeavy,5,Q3,SELECT,50.4282,True
2,8,JoinHeavy,6,Q3,SELECT,50.6791,True
2,8,JoinHeavy,7,Q18,SELECT,264.9994,True
2,8,JoinHeavy,8,Q3,SELECT,50.5964,True
2,8,JoinHeavy,9,Q7,SELECT,33.9884,True
2,8,JoinHeavy,10,Q5,SELECT,28.212,True
2,8,JoinHeavy,11,Q3,SELECT,51.1016,True
2,8,JoinHeavy,12,Q3,SELECT,50.4106,True
2,8,JoinHeavy,13,Q5,SELECT,28.2723,True
2,8,JoinHeavy,14,Q3,SELECT,51.0817,True
2,8,JoinHeavy,15,Q18,SELECT,260.739,True
2,8,JoinHeavy,16,Q10,SELECT,29.3513,True
2,8,JoinHeavy,17,Q7,SELECT,33.219,True
2,8,JoinHeavy,18,Q18,SELECT,261.4399,True
2,8,JoinHeavy,19,Q7,SELECT,33.8704,True
2,8,JoinHeavy,20,Q5,SELECT,27.8746,True
2,8,JoinHeavy,21,Q7,SELECT,34.4005,True
2,8,JoinHeavy,22,I_customer,INSERT,0.758,True
2,8,JoinHeavy,23,I_customer,INSERT,0.3043,True
2,8,JoinHeavy,24,I_customer,INSERT,0.2456,True
2,8,JoinHeavy,25,I_customer,INSERT,0.2551,True
2,8,JoinHeavy,26,I_customer,INSERT,0.2224,True
2,8,JoinHeavy,27,I_customer,INSERT,0.2231,True
2,8,JoinHeavy,28,I_customer,INSERT,0.219,True
2,8,JoinHeavy,29,I_customer,INSERT,0.2501,True
2,8,JoinHeavy,30,I_customer,INSERT,0.2343,True
2,8,JoinHeavy,31,I_customer,INSERT,0.2171,True
2,8,JoinHeavy,32,I_customer,INSERT,0.2167,True
2,8,JoinHeavy,33,I_customer,INSERT,0.2169,True
2,8,JoinHeavy,34,I_customer,INSERT,0.1695,True
2,8,JoinHeavy,35,I_customer,INSERT,0.1623,True
2,8,JoinHeavy,36,I_customer,INSERT,0.1742,True
2,8,JoinHeavy,37,I_customer,INSERT,0.1522,True
2,8,JoinHeavy,38,I_customer,INSERT,0.1509,True
2,8,JoinHeavy,39,I_customer,INSERT,0.146,True
2,9,JoinHeavy,0,Q10,SELECT,29.0835,True
2,9,JoinHeavy,1,Q10,SELECT,29.9369,True
2,9,JoinHeavy,2,Q3,SELECT,50.6668,True
2,9,JoinHeavy,3,Q7,SELECT,34.3655,True
2,9,JoinHeavy,4,Q7,SELECT,33.0968,True
2,9,JoinHeavy,5,Q18,SELECT,261.7359,True
2,9,JoinHeavy,6,Q18,SELECT,262.2285,True
2,9,JoinHeavy,7,Q18,SELECT,263.7653,True
2,9,JoinHeavy,8,Q3,SELECT,49.9077,True
2,9,JoinHeavy,9,Q5,SELECT,28.1461,True
2,9,JoinHeavy,10,Q3,SELECT,50.5606,True
2,9,JoinHeavy,11,Q18,SELECT,261.742,True
2,9,JoinHeavy,12,Q3,SELECT,50.0013,True
2,9,JoinHeavy,13,Q10,SELECT,28.87,True
2,9,JoinHeavy,14,Q5,SELECT,27.6615,True
2,9,JoinHeavy,15,Q10,SELECT,28.9515,True
2,9,JoinHeavy,16,Q3,SELECT,51.5112,True
2,9,JoinHeavy,17,Q3,SELECT,51.4053,True
2,9,JoinHeavy,18,Q5,SELECT,28.8853,True
2,9,JoinHeavy,19,Q7,SELECT,33.2513,True
2,9,JoinHeavy,20,Q5,SELECT,27.9887,True
2,9,JoinHeavy,21,Q5,SELECT,25.2552,True
2,9,JoinHeavy,22,I_customer,INSERT,0.3947,True
2,9,JoinHeavy,23,I_customer,INSERT,0.2477,True
2,9,JoinHeavy,24,I_customer,INSERT,0.2307,True
2,9,JoinHeavy,25,I_customer,INSERT,0.2311,True
2,9,JoinHeavy,26,I_customer,INSERT,0.264,True
2,9,JoinHeavy,27,I_customer,INSERT,0.2187,True
2,9,JoinHeavy,28,I_customer,INSERT,0.2165,True
2,9,JoinHeavy,29,I_customer,INSERT,0.2205,True
2,9,JoinHeavy,30,I_customer,INSERT,0.2157,True
2,9,JoinHeavy,31,I_customer,INSERT,0.2115,True
2,9,JoinHeavy,32,I_customer,INSERT,0.2115,True
2,9,JoinHeavy,33,I_customer,INSERT,0.2048,True
2,9,JoinHeavy,34,I_customer,INSERT,0.2056,True
2,9,JoinHeavy,35,I_customer,INSERT,0.2069,True
2,9,JoinHeavy,36,I_customer,INSERT,0.2273,True
2,9,JoinHeavy,37,I_customer,INSERT,0.2072,True
2,9,JoinHeavy,38,I_customer,INSERT,0.2053,True
2,9,JoinHeavy,39,I_customer,INSERT,0.377,True
2,10,JoinHeavy,0,Q18,SELECT,263.0811,True
2,10,JoinHeavy,1,Q5,SELECT,27.7272,True
2,10,JoinHeavy,2,Q3,SELECT,50.34,True
2,10,JoinHeavy,3,Q7,SELECT,33.5144,True
2,10,JoinHeavy,4,Q10,SELECT,28.8127,True
2,10,JoinHeavy,5,Q5,SELECT,28.4422,True
2,10,JoinHeavy,6,Q3,SELECT,50.6971,True
2,10,JoinHeavy,7,Q18,SELECT,263.6087,True
2,10,JoinHeavy,8,Q3,SELECT,50.3961,True
2,10,JoinHeavy,9,Q7,SELECT,34.1472,True
2,10,JoinHeavy,10,Q5,SELECT,28.1246,True
2,10,JoinHeavy,11,Q5,SELECT,24.8926,True
2,10,JoinHeavy,12,Q7,SELECT,34.4655,True
2,10,JoinHeavy,13,Q5,SELECT,27.2081,True
2,10,JoinHeavy,14,Q3,SELECT,51.4174,True
2,10,JoinHeavy,15,Q3,SELECT,50.6446,True
2,10,JoinHeavy,16,Q10,SELECT,29.2595,True
2,10,JoinHeavy,17,Q3,SELECT,51.166,True
2,10,JoinHeavy,18,Q3,SELECT,51.4554,True
2,10,JoinHeavy,19,Q18,SELECT,267.0814,True
2,10,JoinHeavy,20,Q5,SELECT,27.7936,True
2,10,JoinHeavy,21,Q18,SELECT,261.8271,True
2,10,JoinHeavy,22,I_customer,INSERT,0.426,True
2,10,JoinHeavy,23,I_customer,INSERT,0.268,True
2,10,JoinHeavy,24,I_customer,INSERT,0.242,True
2,10,JoinHeavy,25,I_customer,INSERT,0.2294,True
2,10,JoinHeavy,26,I_customer,INSERT,0.2183,True
2,10,JoinHeavy,27,I_customer,INSERT,0.2338,True
2,10,JoinHeavy,28,I_customer,INSERT,0.2793,True
2,10,JoinHeavy,29,I_customer,INSERT,0.223,True
2,10,JoinHeavy,30,I_customer,INSERT,0.2153,True
2,10,JoinHeavy,31,I_customer,INSERT,0.2172,True
2,10,JoinHeavy,32,I_customer,INSERT,0.1851,True
2,10,JoinHeavy,33,I_customer,INSERT,0.1635,True
2,10,JoinHeavy,34,I_customer,INSERT,0.159,True
2,10,JoinHeavy,35,I_customer,INSERT,0.153,True
2,10,JoinHeavy,36,I_customer,INSERT,0.1507,True
2,10,JoinHeavy,37,I_customer,INSERT,0.1496,True
2,10,JoinHeavy,38,I_customer,INSERT,0.1535,True
2,10,JoinHeavy,39,I_customer,INSERT,0.1591,True
2,11,JoinHeavy,0,Q5,SELECT,26.7585,True
2,11,JoinHeavy,1,Q5,SELECT,27.3137,True
2,11,JoinHeavy,2,Q10,SELECT,29.3823,True
2,11,JoinHeavy,3,Q3,SELECT,51.1678,True
2,11,JoinHeavy,4,Q5,SELECT,28.3132,True
2,11,JoinHeavy,5,Q10,SELECT,29.2714,True
2,11,JoinHeavy,6,Q7,SELECT,34.0087,True
2,11,JoinHeavy,7,Q18,SELECT,263.8671,True
2,11,JoinHeavy,8,Q3,SELECT,50.9224,True
2,11,JoinHeavy,9,Q3,SELECT,51.485,True
2,11,JoinHeavy,10,Q7,SELECT,33.9897,True
2,11,JoinHeavy,11,Q10,SELECT,28.6903,True
2,11,JoinHeavy,12,Q3,SELECT,50.6744,True
2,11,JoinHeavy,13,Q5,SELECT,28.7911,True
2,11,JoinHeavy,14,Q18,SELECT,262.274,True
2,11,JoinHeavy,15,Q3,SELECT,51.4754,True
2,11,JoinHeavy,16,Q10,SELECT,34.1777,True
2,11,JoinHeavy,17,Q5,SELECT,27.9688,True
2,11,JoinHeavy,18,Q7,SELECT,34.215,True
2,11,JoinHeavy,19,Q10,SELECT,29.034,True
2,11,JoinHeavy,20,Q5,SELECT,28.2691,True
2,11,JoinHeavy,21,Q5,SELECT,25.7352,True
2,11,JoinHeavy,22,I_customer,INSERT,0.4447,True
2,11,JoinHeavy,23,I_customer,INSERT,0.2795,True
2,11,JoinHeavy,24,I_customer,INSERT,0.2261,True
2,11,JoinHeavy,25,I_customer,INSERT,0.2216,True
2,11,JoinHeavy,26,I_customer,INSERT,0.2219,True
2,11,JoinHeavy,27,I_customer,INSERT,0.212,True
2,11,JoinHeavy,28,I_customer,INSERT,0.2145,True
2,11,JoinHeavy,29,I_customer,INSERT,0.2115,True
2,11,JoinHeavy,30,I_customer,INSERT,0.2106,True
2,11,JoinHeavy,31,I_customer,INSERT,0.2196,True
2,11,JoinHeavy,32,I_customer,INSERT,0.2385,True
2,11,JoinHeavy,33,I_customer,INSERT,0.1545,True
2,11,JoinHeavy,34,I_customer,INSERT,0.1611,True
2,11,JoinHeavy,35,I_customer,INSERT,0.1499,True
2,11,JoinHeavy,36,I_customer,INSERT,0.1493,True
2,11,JoinHeavy,37,I_customer,INSERT,0.1479,True
2,11,JoinHeavy,38,I_customer,INSERT,0.1461,True
2,11,JoinHeavy,39,I_customer,INSERT,0.1456,True
2,12,JoinHeavy,0,Q5,SELECT,27.1682,True
2,12,JoinHeavy,1,Q18,SELECT,266.6406,True
2,12,JoinHeavy,2,Q5,SELECT,27.7892,True
2,12,JoinHeavy,3,Q3,SELECT,51.1175,True
2,12,JoinHeavy,4,Q7,SELECT,33.8361,True
2,12,JoinHeavy,5,Q10,SELECT,28.7755,True
2,12,JoinHeavy,6,Q10,SELECT,27.9517,True
2,12,JoinHeavy,7,Q7,SELECT,33.7686,True
2,12,JoinHeavy,8,Q3,SELECT,50.6409,True
2,12,JoinHeavy,9,Q3,SELECT,51.4042,True
2,12,JoinHeavy,10,Q5,SELECT,28.515,True
2,12,JoinHeavy,11,Q5,SELECT,26.7053,True
2,12,JoinHeavy,12,Q5,SELECT,26.1264,True
2,12,JoinHeavy,13,Q10,SELECT,28.7216,True
2,12,JoinHeavy,14,Q18,SELECT,261.5035,True
2,12,JoinHeavy,15,Q10,SELECT,28.7795,True
2,12,JoinHeavy,16,Q18,SELECT,262.001,True
2,12,JoinHeavy,17,Q5,SELECT,27.6869,True
2,12,JoinHeavy,18,Q5,SELECT,26.4897,True
2,12,JoinHeavy,19,Q18,SELECT,261.4217,True
2,12,JoinHeavy,20,Q18,SELECT,260.0236,True
2,12,JoinHeavy,21,Q18,SELECT,261.9836,True
2,12,JoinHeavy,22,I_customer,INSERT,0.5681,True
2,12,JoinHeavy,23,I_customer,INSERT,0.3065,True
2,12,JoinHeavy,24,I_customer,INSERT,0.291,True
2,12,JoinHeavy,25,I_customer,INSERT,0.2386,True
2,12,JoinHeavy,26,I_customer,INSERT,0.2222,True
2,12,JoinHeavy,27,I_customer,INSERT,0.217,True
2,12,JoinHeavy,28,I_customer,INSERT,0.2148,True
2,12,JoinHeavy,29,I_customer,INSERT,0.2168,True
2,12,JoinHeavy,30,I_customer,INSERT,0.2136,True
2,12,JoinHeavy,31,I_customer,INSERT,0.22,True
2,12,JoinHeavy,32,I_customer,INSERT,0.2135,True
2,12,JoinHeavy,33,I_customer,INSERT,0.1966,True
2,12,JoinHeavy,34,I_customer,INSERT,0.1631,True
2,12,JoinHeavy,35,I_customer,INSERT,0.1636,True
2,12,JoinHeavy,36,I_customer,INSERT,0.1585,True
2,12,JoinHeavy,37,I_customer,INSERT,0.1552,True
2,12,JoinHeavy,38,I_customer,INSERT,0.1492,True
2,12,JoinHeavy,39,I_customer,INSERT,0.1554,True
2,13,JoinHeavy,0,Q3,SELECT,50.623,True
2,13,JoinHeavy,1,Q7,SELECT,33.7643,True
2,13,JoinHeavy,2,Q3,SELECT,50.7253,True
2,13,JoinHeavy,3,Q10,SELECT,28.8862,True
2,13,JoinHeavy,4,Q3,SELECT,50.5526,True
2,13,JoinHeavy,5,Q3,SELECT,50.8347,True
2,13,JoinHeavy,6,Q5,SELECT,28.9032,True
2,13,JoinHeavy,7,Q3,SELECT,51.3972,True
2,13,JoinHeavy,8,Q18,SELECT,261.6334,True
2,13,JoinHeavy,9,Q3,SELECT,51.1675,True
2,13,JoinHeavy,10,Q5,SELECT,27.9832,True
2,13,JoinHeavy,11,Q7,SELECT,33.9345,True
2,13,JoinHeavy,12,Q10,SELECT,30.146,True
2,13,JoinHeavy,13,Q5,SELECT,28.345,True
2,13,JoinHeavy,14,Q10,SELECT,28.6822,True
2,13,JoinHeavy,15,Q18,SELECT,262.2356,True
2,13,JoinHeavy,16,Q7,SELECT,34.6587,True
2,13,JoinHeavy,17,Q18,SELECT,261.8103,True
2,13,JoinHeavy,18,Q7,SELECT,33.2566,True
2,13,JoinHeavy,19,Q5,SELECT,27.866,True
2,13,JoinHeavy,20,Q5,SELECT,26.5224,True
2,13,JoinHeavy,21,Q7,SELECT,32.787,True
2,13,JoinHeavy,22,I_customer,INSERT,1.3,True
2,13,JoinHeavy,23,I_customer,INSERT,0.2965,True
2,13,JoinHeavy,24,I_customer,INSERT,0.4112,True
2,13,JoinHeavy,25,I_customer,INSERT,0.2211,True
2,13,JoinHeavy,26,I_customer,INSERT,0.2187,True
2,13,JoinHeavy,27,I_customer,INSERT,0.2147,True
2,13,JoinHeavy,28,I_customer,INSERT,0.2113,True
2,13,JoinHeavy,29,I_customer,INSERT,0.2193,True
2,13,JoinHeavy,30,I_customer,INSERT,0.2218,True
2,13,JoinHeavy,31,I_customer,INSERT,0.2493,True
2,13,JoinHeavy,32,I_customer,INSERT,0.2375,True
2,13,JoinHeavy,33,I_customer,INSERT,0.2565,True
2,13,JoinHeavy,34,I_customer,INSERT,0.2121,True
2,13,JoinHeavy,35,I_customer,INSERT,0.2197,True
2,13,JoinHeavy,36,I_customer,INSERT,0.2115,True
2,13,JoinHeavy,37,I_customer,INSERT,0.2094,True
2,13,JoinHeavy,38,I_customer,INSERT,0.2052,True
2,13,JoinHeavy,39,I_customer,INSERT,0.2417,True
2,14,JoinHeavy,0,Q18,SELECT,262.7198,True
2,14,JoinHeavy,1,Q5,SELECT,27.4027,True
2,14,JoinHeavy,2,Q7,SELECT,33.7398,True
2,14,JoinHeavy,3,Q3,SELECT,50.8389,True
2,14,JoinHeavy,4,Q7,SELECT,34.7679,True
2,14,JoinHeavy,5,Q7,SELECT,33.575,True
2,14,JoinHeavy,6,Q3,SELECT,51.1206,True
2,14,JoinHeavy,7,Q10,SELECT,30.1817,True
2,14,JoinHeavy,8,Q10,SELECT,28.635,True
2,14,JoinHeavy,9,Q5,SELECT,28.4298,True
2,14,JoinHeavy,10,Q3,SELECT,51.8228,True
2,14,JoinHeavy,11,Q10,SELECT,29.3318,True
2,14,JoinHeavy,12,Q5,SELECT,28.4,True
2,14,JoinHeavy,13,Q5,SELECT,24.7885,True
2,14,JoinHeavy,14,Q3,SELECT,51.125,True
2,14,JoinHeavy,15,Q7,SELECT,33.7008,True
2,14,JoinHeavy,16,Q10,SELECT,28.9613,True
2,14,JoinHeavy,17,Q5,SELECT,27.8846,True
2,14,JoinHeavy,18,Q5,SELECT,27.514,True
2,14,JoinHeavy,19,Q7,SELECT,33.8778,True
2,14,JoinHeavy,20,Q3,SELECT,50.8381,True
2,14,JoinHeavy,21,Q3,SELECT,51.2652,True
2,14,JoinHeavy,22,I_customer,INSERT,0.6237,True
2,14,JoinHeavy,23,I_customer,INSERT,0.1587,True
2,14,JoinHeavy,24,I_customer,INSERT,0.138,True
2,14,JoinHeavy,25,I_customer,INSERT,0.1552,True
2,14,JoinHeavy,26,I_customer,INSERT,0.131,True
2,14,JoinHeavy,27,I_customer,INSERT,0.1325,True
2,14,JoinHeavy,28,I_customer,INSERT,0.131,True
2,14,JoinHeavy,29,I_customer,INSERT,0.1308,True
2,14,JoinHeavy,30,I_customer,INSERT,0.1267,True
2,14,JoinHeavy,31,I_customer,INSERT,0.1285,True
2,14,JoinHeavy,32,I_customer,INSERT,0.1276,True
2,14,JoinHeavy,33,I_customer,INSERT,0.1275,True
2,14,JoinHeavy,34,I_customer,INSERT,0.126,True
2,14,JoinHeavy,35,I_customer,INSERT,0.1237,True
2,14,JoinHeavy,36,I_customer,INSERT,0.1248,True
2,14,JoinHeavy,37,I_customer,INSERT,0.1269,True
2,14,JoinHeavy,38,I_customer,INSERT,0.1277,True
2,14,JoinHeavy,39,I_customer,INSERT,0.1279,True
2,15,JoinHeavy,0,Q3,SELECT,52.1423,True
2,15,JoinHeavy,1,Q5,SELECT,28.577,True
2,15,JoinHeavy,2,Q5,SELECT,26.3784,True
2,15,JoinHeavy,3,Q5,SELECT,27.1685,True
2,15,JoinHeavy,4,Q7,SELECT,33.0153,True
2,15,JoinHeavy,5,Q3,SELECT,51.2413,True
2,15,JoinHeavy,6,Q7,SELECT,33.5098,True
2,15,JoinHeavy,7,Q5,SELECT,28.0668,True
2,15,JoinHeavy,8,Q3,SELECT,49.9736,True
2,15,JoinHeavy,9,Q10,SELECT,29.3556,True
2,15,JoinHeavy,10,Q3,SELECT,50.9502,True
2,15,JoinHeavy,11,Q7,SELECT,33.7419,True
2,15,JoinHeavy,12,Q10,SELECT,28.7298,True
2,15,JoinHeavy,13,Q7,SELECT,33.8964,True
2,15,JoinHeavy,14,Q3,SELECT,50.7057,True
2,15,JoinHeavy,15,Q7,SELECT,34.1761,True
2,15,JoinHeavy,16,Q7,SELECT,33.2665,True
2,15,JoinHeavy,17,Q18,SELECT,261.8485,True
2,15,JoinHeavy,18,Q10,SELECT,29.5295,True
2,15,JoinHeavy,19,Q3,SELECT,51.3714,True
2,15,JoinHeavy,20,Q5,SELECT,28.4293,True
2,15,JoinHeavy,21,Q10,SELECT,29.9534,True
2,15,JoinHeavy,22,I_customer,INSERT,0.4051,True
2,15,JoinHeavy,23,I_customer,INSERT,0.2812,True
2,15,JoinHeavy,24,I_customer,INSERT,0.2345,True
2,15,JoinHeavy,25,I_customer,INSERT,0.2503,True
2,15,JoinHeavy,26,I_customer,INSERT,0.2637,True
2,15,JoinHeavy,27,I_customer,INSERT,0.2225,True
2,15,JoinHeavy,28,I_customer,INSERT,0.2155,True
2,15,JoinHeavy,29,I_customer,INSERT,0.2197,True
2,15,JoinHeavy,30,I_customer,INSERT,0.2155,True
2,15,JoinHeavy,31,I_customer,INSERT,0.2158,True
2,15,JoinHeavy,32,I_customer,INSERT,0.2108,True
2,15,JoinHeavy,33,I_customer,INSERT,0.2062,True
2,15,JoinHeavy,34,I_customer,INSERT,0.1726,True
2,15,JoinHeavy,35,I_customer,INSERT,0.1578,True
2,15,JoinHeavy,36,I_customer,INSERT,0.1508,True
2,15,JoinHeavy,37,I_customer,INSERT,0.1503,True
2,15,JoinHeavy,38,I_customer,INSERT,0.146,True
2,15,JoinHeavy,39,I_customer,INSERT,0.1449,True
2,16,Procurement,0,D_orders,DELETE,0.1349,True
2,16,Procurement,1,D_orders,DELETE,0.0895,True
2,16,Procurement,2,D_orders,DELETE,0.3533,True
2,16,Procurement,3,D_orders,DELETE,0.1593,True
2,16,Procurement,4,Q11,SELECT,14.8582,True
2,16,Procurement,5,Q17,SELECT,159.6905,True
2,16,Procurement,6,Q1,SELECT,109.8383,True
2,16,Procurement,7,Q11,SELECT,14.9595,True
2,16,Procurement,8,Q17,SELECT,154.0873,True
2,16,Procurement,9,Q11,SELECT,15.7117,True
2,16,Procurement,10,Q17,SELECT,155.6868,True
2,16,Procurement,11,Q11,SELECT,15.3664,True
2,16,Procurement,12,Q17,SELECT,156.6195,True
2,16,Procurement,13,Q6,SELECT,33.1103,True
2,16,Procurement,14,Q17,SELECT,157.7657,True
2,16,Procurement,15,Q1,SELECT,108.1465,True
2,16,Procurement,16,Q17,SELECT,156.5815,True
2,16,Procurement,17,Q11,SELECT,15.0855,True
2,16,Procurement,18,Q6,SELECT,32.4293,True
2,16,Procurement,19,Q11,SELECT,15.3421,True
2,16,Procurement,20,Q11,SELECT,13.4408,True
2,16,Procurement,21,Q11,SELECT,13.097,True
2,16,Procurement,22,Q11,SELECT,12.9845,True
2,16,Procurement,23,Q17,SELECT,158.5608,True
2,16,Procurement,24,Q14,SELECT,16.0627,True
2,17,Procurement,0,D_orders,DELETE,0.6234,True
2,17,Procurement,1,D_orders,DELETE,0.1313,True
2,17,Procurement,2,D_orders,DELETE,0.1317,True
2,17,Procurement,3,D_orders,DELETE,0.1915,True
2,17,Procurement,4,Q17,SELECT,157.9219,True
2,17,Procurement,5,Q14,SELECT,16.0018,True
2,17,Procurement,6,Q1,SELECT,111.5428,True
2,17,Procurement,7,Q17,SELECT,155.8762,True
2,17,Procurement,8,Q1,SELECT,107.8423,True
2,17,Procurement,9,Q14,SELECT,16.6588,True
2,17,Procurement,10,Q1,SELECT,109.4907,True
2,17,Procurement,11,Q6,SELECT,32.45,True
2,17,Procurement,12,Q11,SELECT,14.9958,True
2,17,Procurement,13,Q17,SELECT,156.4702,True
2,17,Procurement,14,Q11,SELECT,15.1235,True
2,17,Procurement,15,Q14,SELECT,16.9113,True
2,17,Procurement,16,Q17,SELECT,154.0151,True
2,17,Procurement,17,Q11,SELECT,16.0602,True
2,17,Procurement,18,Q6,SELECT,34.3129,True
2,17,Procurement,19,Q11,SELECT,15.9427,True
2,17,Procurement,20,Q14,SELECT,16.3269,True
2,17,Procurement,21,Q11,SELECT,14.9925,True
2,17,Procurement,22,Q11,SELECT,13.4591,True
2,17,Procurement,23,Q14,SELECT,14.9796,True
2,17,Procurement,24,Q11,SELECT,14.3892,True
2,18,Procurement,0,D_orders,DELETE,0.2858,True
2,18,Procurement,1,D_orders,DELETE,0.1026,True
2,18,Procurement,2,D_orders,DELETE,1.0864,True
2,18,Procurement,3,D_orders,DELETE,0.1357,True
2,18,Procurement,4,Q17,SELECT,156.2757,True
2,18,Procurement,5,Q6,SELECT,33.5471,True
2,18,Procurement,6,Q6,SELECT,32.7494,True
2,18,Procurement,7,Q1,SELECT,112.4115,True
2,18,Procurement,8,Q6,SELECT,32.5067,True
2,18,Procurement,9,Q6,SELECT,32.1195,True
2,18,Procurement,10,Q17,SELECT,155.6177,True
2,18,Procurement,11,Q14,SELECT,16.4755,True
2,18,Procurement,12,Q17,SELECT,153.4359,True
2,18,Procurement,13,Q6,SELECT,32.9832,True
2,18,Procurement,14,Q17,SELECT,155.0249,True
2,18,Procurement,15,Q1,SELECT,111.0304,True
2,18,Procurement,16,Q17,SELECT,156.0407,True
2,18,Procurement,17,Q1,SELECT,109.8988,True
2,18,Procurement,18,Q6,SELECT,32.4032,True
2,18,Procurement,19,Q17,SELECT,155.724,True
2,18,Procurement,20,Q6,SELECT,32.3008,True
2,18,Procurement,21,Q17,SELECT,154.3538,True
2,18,Procurement,22,Q11,SELECT,15.8961,True
2,18,Procurement,23,Q11,SELECT,14.4554,True
2,18,Procurement,24,Q14,SELECT,16.4798,True
2,19,Procurement,0,D_orders,DELETE,1.2888,True
2,19,Procurement,1,D_orders,DELETE,0.1255,True
2,19,Procurement,2,D_orders,DELETE,0.1087,True
2,19,Procurement,3,D_orders,DELETE,0.1057,True
2,19,Procurement,4,Q1,SELECT,109.644,True
2,19,Procurement,5,Q11,SELECT,15.6487,True
2,19,Procurement,6,Q11,SELECT,13.2967,True
2,19,Procurement,7,Q14,SELECT,16.8776,True
2,19,Procurement,8,Q17,SELECT,157.2141,True
2,19,Procurement,9,Q17,SELECT,154.4822,True
2,19,Procurement,10,Q1,SELECT,107.8059,True
2,19,Procurement,11,Q6,SELECT,32.1872,True
2,19,Procurement,12,Q11,SELECT,15.2507,True
2,19,Procurement,13,Q11,SELECT,14.5196,True
2,19,Procurement,14,Q6,SELECT,32.2901,True
2,19,Procurement,15,Q17,SELECT,156.6692,True
2,19,Procurement,16,Q1,SELECT,111.521,True
2,19,Procurement,17,Q11,SELECT,15.3752,True
2,19,Procurement,18,Q14,SELECT,16.8784,True
2,19,Procurement,19,Q6,SELECT,31.784,True
2,19,Procurement,20,Q14,SELECT,16.6574,True
2,19,Procurement,21,Q17,SELECT,155.1075,True
2,19,Procurement,22,Q11,SELECT,15.1981,True
2,19,Procurement,23,Q6,SELECT,32.2816,True
2,19,Procurement,24,Q14,SELECT,15.8856,True
2,20,Procurement,0,D_orders,DELETE,0.8001,True
2,20,Procurement,1,D_orders,DELETE,0.4504,True
2,20,Procurement,2,D_orders,DELETE,0.1869,True
2,20,Procurement,3,D_orders,DELETE,0.3434,True
2,20,Procurement,4,Q17,SELECT,154.4459,True
2,20,Procurement,5,Q17,SELECT,156.7828,True
2,20,Procurement,6,Q11,SELECT,15.2646,True
2,20,Procurement,7,Q6,SELECT,33.1656,True
2,20,Procurement,8,Q11,SELECT,15.3718,True
2,20,Procurement,9,Q1,SELECT,111.5167,True
2,20,Procurement,10,Q17,SELECT,155.9913,True
2,20,Procurement,11,Q14,SELECT,16.3996,True
2,20,Procurement,12,Q14,SELECT,13.1787,True
2,20,Procurement,13,Q14,SELECT,13.0035,True
2,20,Procurement,14,Q6,SELECT,31.8907,True
2,20,Procurement,15,Q14,SELECT,16.2282,True
2,20,Procurement,16,Q17,SELECT,154.9014,True
2,20,Procurement,17,Q11,SELECT,15.4843,True
2,20,Procurement,18,Q14,SELECT,16.6771,True
2,20,Procurement,19,Q11,SELECT,14.4949,True
2,20,Procurement,20,Q11,SELECT,13.3673,True
2,20,Procurement,21,Q6,SELECT,32.3158,True
2,20,Procurement,22,Q6,SELECT,32.4004,True
2,20,Procurement,23,Q17,SELECT,158.5003,True
2,20,Procurement,24,Q6,SELECT,32.4058,True
2,21,Procurement,0,D_orders,DELETE,0.7348,True
2,21,Procurement,1,D_orders,DELETE,0.4235,True
2,21,Procurement,2,D_orders,DELETE,0.1102,True
2,21,Procurement,3,D_orders,DELETE,0.1053,True
2,21,Procurement,4,Q14,SELECT,16.3812,True
2,21,Procurement,5,Q17,SELECT,156.9968,True
2,21,Procurement,6,Q1,SELECT,111.3837,True
2,21,Procurement,7,Q11,SELECT,15.4005,True
2,21,Procurement,8,Q17,SELECT,155.6487,True
2,21,Procurement,9,Q11,SELECT,14.826,True
2,21,Procurement,10,Q11,SELECT,13.5093,True
2,21,Procurement,11,Q1,SELECT,108.9368,True
2,21,Procurement,12,Q17,SELECT,153.483,True
2,21,Procurement,13,Q1,SELECT,110.6905,True
2,21,Procurement,14,Q1,SELECT,111.2912,True
2,21,Procurement,15,Q1,SELECT,109.5192,True
2,21,Procurement,16,Q6,SELECT,32.7326,True
2,21,Procurement,17,Q17,SELECT,151.962,True
2,21,Procurement,18,Q14,SELECT,16.0235,True
2,21,Procurement,19,Q14,SELECT,12.6836,True
2,21,Procurement,20,Q1,SELECT,108.6787,True
2,21,Procurement,21,Q11,SELECT,15.3598,True
2,21,Procurement,22,Q14,SELECT,16.8073,True
2,21,Procurement,23,Q1,SELECT,108.0978,True
2,21,Procurement,24,Q17,SELECT,155.0429,True
2,22,Procurement,0,D_orders,DELETE,0.4612,True
2,22,Procurement,1,D_orders,DELETE,0.4261,True
2,22,Procurement,2,D_orders,DELETE,0.183,True
2,22,Procurement,3,D_orders,DELETE,0.1765,True
2,22,Procurement,4,Q1,SELECT,108.9471,True
2,22,Procurement,5,Q11,SELECT,15.1911,True
2,22,Procurement,6,Q14,SELECT,16.6954,True
2,22,Procurement,7,Q11,SELECT,14.2465,True
2,22,Procurement,8,Q14,SELECT,15.9936,True
2,22,Procurement,9,Q17,SELECT,152.8284,True
2,22,Procurement,10,Q6,SELECT,32.9278,True
2,22,Procurement,11,Q17,SELECT,156.7994,True
2,22,Procurement,12,Q6,SELECT,32.214,True
2,22,Procurement,13,Q17,SELECT,156.8225,True
2,22,Procurement,14,Q11,SELECT,15.8145,True
2,22,Procurement,15,Q11,SELECT,13.778,True
2,22,Procurement,16,Q11,SELECT,13.1954,True
2,22,Procurement,17,Q1,SELECT,109.3485,True
2,22,Procurement,18,Q17,SELECT,157.3581,True
2,22,Procurement,19,Q6,SELECT,32.6202,True
2,22,Procurement,20,Q17,SELECT,154.9135,True
2,22,Procurement,21,Q1,SELECT,107.3863,True
2,22,Procurement,22,Q6,SELECT,32.2551,True
2,22,Procurement,23,Q11,SELECT,14.9389,True
2,22,Procurement,24,Q11,SELECT,13.451,True
2,23,Procurement,0,D_orders,DELETE,0.335,True
2,23,Procurement,1,D_orders,DELETE,0.1526,True
2,23,Procurement,2,D_orders,DELETE,0.1173,True
2,23,Procurement,3,D_orders,DELETE,1.1922,True
2,23,Procurement,4,Q11,SELECT,13.6147,True
2,23,Procurement,5,Q11,SELECT,13.1351,True
2,23,Procurement,6,Q11,SELECT,13.2159,True
2,23,Procurement,7,Q6,SELECT,33.4072,True
2,23,Procurement,8,Q6,SELECT,32.5736,True
2,23,Procurement,9,Q11,SELECT,14.8278,True
2,23,Procurement,10,Q6,SELECT,32.9349,True
2,23,Procurement,11,Q11,SELECT,14.9313,True
2,23,Procurement,12,Q11,SELECT,13.1463,True
2,23,Procurement,13,Q6,SELECT,32.0841,True
2,23,Procurement,14,Q11,SELECT,15.3607,True
2,23,Procurement,15,Q14,SELECT,16.397,True
2,23,Procurement,16,Q6,SELECT,31.8588,True
2,23,Procurement,17,Q17,SELECT,159.4912,True
2,23,Procurement,18,Q11,SELECT,15.4859,True
2,23,Procurement,19,Q6,SELECT,33.0811,True
2,23,Procurement,20,Q17,SELECT,158.9009,True
2,23,Procurement,21,Q11,SELECT,15.3118,True
2,23,Procurement,22,Q17,SELECT,156.4956,True
2,23,Procurement,23,Q11,SELECT,15.1635,True
2,23,Procurement,24,Q1,SELECT,108.7193,True
2,24,Customer,0,Q3,SELECT,51.76,True
2,24,Customer,1,U_customer,UPDATE,0.6843,True
2,24,Customer,2,Q10,SELECT,29.125,True
2,24,Customer,3,U_customer,UPDATE,0.547,True
2,24,Customer,4,Q3,SELECT,51.522,True
2,24,Customer,5,U_customer,UPDATE,3.3588,True
2,24,Customer,6,Q10,SELECT,29.2842,True
2,24,Customer,7,U_customer,UPDATE,0.5355,True
2,24,Customer,8,Q5,SELECT,28.6044,True
2,24,Customer,9,U_customer,UPDATE,0.5168,True
2,24,Customer,10,Q5,SELECT,25.7313,True
2,24,Customer,11,U_customer,UPDATE,0.4823,True
2,24,Customer,12,Q18,SELECT,264.8663,True
2,24,Customer,13,U_customer,UPDATE,0.694,True
2,24,Customer,14,Q3,SELECT,50.583,True
2,24,Customer,15,U_customer,UPDATE,3.5138,True
2,24,Customer,16,Q7,SELECT,33.4758,True
2,24,Customer,17,U_customer,UPDATE,0.7495,True
2,24,Customer,18,Q10,SELECT,28.7909,True
2,24,Customer,19,U_customer,UPDATE,0.3653,True
2,25,Customer,0,Q7,SELECT,33.417,True
2,25,Customer,1,U_customer,UPDATE,0.41,True
2,25,Customer,2,Q3,SELECT,51.059,True
2,25,Customer,3,U_customer,UPDATE,0.3847,True
2,25,Customer,4,Q18,SELECT,264.4774,True
2,25,Customer,5,U_customer,UPDATE,0.3497,True
2,25,Customer,6,Q5,SELECT,27.802,True
2,25,Customer,7,U_customer,UPDATE,0.3386,True
2,25,Customer,8,Q18,SELECT,263.0883,True
2,25,Customer,9,U_customer,UPDATE,0.446,True
2,25,Customer,10,Q5,SELECT,27.332,True
2,25,Customer,11,U_customer,UPDATE,0.3712,True
2,25,Customer,12,Q18,SELECT,262.6524,True
2,25,Customer,13,U_customer,UPDATE,0.4293,True
2,25,Customer,14,Q18,SELECT,261.0592,True
2,25,Customer,15,U_customer,UPDATE,0.7191,True
2,25,Customer,16,Q5,SELECT,27.2534,True
2,25,Customer,17,U_customer,UPDATE,0.3253,True
2,25,Customer,18,Q10,SELECT,29.0028,True
2,25,Customer,19,U_customer,UPDATE,0.4211,True
2,26,Customer,0,Q18,SELECT,267.2508,True
2,26,Customer,1,U_customer,UPDATE,0.656,True
2,26,Customer,2,Q3,SELECT,50.6799,True
2,26,Customer,3,U_customer,UPDATE,0.4956,True
2,26,Customer,4,Q10,SELECT,28.9033,True
2,26,Customer,5,U_customer,UPDATE,0.4301,True
2,26,Customer,6,Q3,SELECT,51.0056,True
2,26,Customer,7,U_customer,UPDATE,0.4751,True
2,26,Customer,8,Q10,SELECT,28.7627,True
2,26,Customer,9,U_customer,UPDATE,0.7009,True
2,26,Customer,10,Q5,SELECT,28.4649,True
2,26,Customer,11,U_customer,UPDATE,0.3564,True
2,26,Customer,12,Q18,SELECT,264.3618,True
2,26,Customer,13,U_customer,UPDATE,0.7359,True
2,26,Customer,14,Q3,SELECT,50.1788,True
2,26,Customer,15,U_customer,UPDATE,0.6368,True
2,26,Customer,16,Q10,SELECT,31.7728,True
2,26,Customer,17,U_customer,UPDATE,0.6342,True
2,26,Customer,18,Q18,SELECT,275.5647,True
2,26,Customer,19,U_customer,UPDATE,0.6442,True
2,27,Customer,0,Q18,SELECT,265.6012,True
2,27,Customer,1,U_customer,UPDATE,1.3716,True
2,27,Customer,2,Q3,SELECT,52.8553,True
2,27,Customer,3,U_customer,UPDATE,0.4007,True
2,27,Customer,4,Q7,SELECT,34.0571,True
2,27,Customer,5,U_customer,UPDATE,0.6714,True
2,27,Customer,6,Q18,SELECT,263.9863,True
2,27,Customer,7,U_customer,UPDATE,0.6781,True
2,27,Customer,8,Q3,SELECT,50.3399,True
2,27,Customer,9,U_customer,UPDATE,0.4444,True
2,27,Customer,10,Q10,SELECT,32.1875,True
2,27,Customer,11,U_customer,UPDATE,0.3862,True
2,27,Customer,12,Q3,SELECT,51.5534,True
2,27,Customer,13,U_customer,UPDATE,0.5755,True
2,27,Customer,14,Q3,SELECT,51.0838,True
2,27,Customer,15,U_customer,UPDATE,0.5637,True
2,27,Customer,16,Q3,SELECT,51.2884,True
2,27,Customer,17,U_customer,UPDATE,0.4153,True
2,27,Customer,18,Q3,SELECT,50.6703,True
2,27,Customer,19,U_customer,UPDATE,0.3609,True
2,28,Customer,0,Q18,SELECT,263.257,True
2,28,Customer,1,U_customer,UPDATE,1.3236,True
2,28,Customer,2,Q3,SELECT,50.6861,True
2,28,Customer,3,U_customer,UPDATE,0.4674,True
2,28,Customer,4,Q5,SELECT,28.1849,True
2,28,Customer,5,U_customer,UPDATE,0.3658,True
2,28,Customer,6,Q18,SELECT,263.0445,True
2,28,Customer,7,U_customer,UPDATE,0.3091,True
2,28,Customer,8,Q18,SELECT,263.68,True
2,28,Customer,9,U_customer,UPDATE,1.3527,True
2,28,Customer,10,Q18,SELECT,260.9664,True
2,28,Customer,11,U_customer,UPDATE,0.4189,True
2,28,Customer,12,Q3,SELECT,50.5717,True
2,28,Customer,13,U_customer,UPDATE,0.3863,True
2,28,Customer,14,Q3,SELECT,51.7896,True
2,28,Customer,15,U_customer,UPDATE,0.399,True
2,28,Customer,16,Q18,SELECT,261.8474,True
2,28,Customer,17,U_customer,UPDATE,1.1125,True
2,28,Customer,18,Q10,SELECT,29.1868,True
2,28,Customer,19,U_customer,UPDATE,0.6031,True
2,29,Customer,0,Q18,SELECT,264.6451,True
2,29,Customer,1,U_customer,UPDATE,0.7303,True
2,29,Customer,2,Q10,SELECT,28.9274,True
2,29,Customer,3,U_customer,UPDATE,0.5861,True
2,29,Customer,4,Q10,SELECT,29.388,True
2,29,Customer,5,U_customer,UPDATE,0.5065,True
2,29,Customer,6,Q7,SELECT,33.3322,True
2,29,Customer,7,U_customer,UPDATE,0.3125,True
2,29,Customer,8,Q7,SELECT,33.9745,True
2,29,Customer,9,U_customer,UPDATE,0.4325,True
2,29,Customer,10,Q7,SELECT,33.3855,True
2,29,Customer,11,U_customer,UPDATE,0.3429,True
2,29,Customer,12,Q3,SELECT,51.4722,True
2,29,Customer,13,U_customer,UPDATE,0.4242,True
2,29,Customer,14,Q10,SELECT,28.8284,True
2,29,Customer,15,U_customer,UPDATE,0.6378,True
2,29,Customer,16,Q3,SELECT,51.2163,True
2,29,Customer,17,U_customer,UPDATE,0.6308,True
2,29,Customer,18,Q10,SELECT,28.7016,True
2,29,Customer,19,U_customer,UPDATE,0.3346,True
2,30,Customer,0,Q10,SELECT,29.0964,True
2,30,Customer,1,U_customer,UPDATE,0.354,True
2,30,Customer,2,Q10,SELECT,30.5318,True
2,30,Customer,3,U_customer,UPDATE,0.4755,True
2,30,Customer,4,Q18,SELECT,265.0202,True
2,30,Customer,5,U_customer,UPDATE,0.6722,True
2,30,Customer,6,Q3,SELECT,51.1855,True
2,30,Customer,7,U_customer,UPDATE,0.4902,True
2,30,Customer,8,Q18,SELECT,265.2208,True
2,30,Customer,9,U_customer,UPDATE,0.5231,True
2,30,Customer,10,Q10,SELECT,29.1098,True
2,30,Customer,11,U_customer,UPDATE,0.6931,True
2,30,Customer,12,Q3,SELECT,51.956,True
2,30,Customer,13,U_customer,UPDATE,0.6379,True
2,30,Customer,14,Q18,SELECT,263.0308,True
2,30,Customer,15,U_customer,UPDATE,0.4407,True
2,30,Customer,16,Q10,SELECT,29.0614,True
2,30,Customer,17,U_customer,UPDATE,0.647,True
2,30,Customer,18,Q3,SELECT,50.7771,True
2,30,Customer,19,U_customer,UPDATE,0.414,True
2,31,Customer,0,Q10,SELECT,29.085,True
2,31,Customer,1,U_customer,UPDATE,0.4029,True
2,31,Customer,2,Q10,SELECT,29.863,True
2,31,Customer,3,U_customer,UPDATE,0.5463,True
2,31,Customer,4,Q3,SELECT,52.2647,True
2,31,Customer,5,U_customer,UPDATE,0.3523,True
2,31,Customer,6,Q3,SELECT,52.1472,True
2,31,Customer,7,U_customer,UPDATE,0.5958,True
2,31,Customer,8,Q10,SELECT,28.8807,True
2,31,Customer,9,U_customer,UPDATE,0.4365,True
2,31,Customer,10,Q3,SELECT,51.103,True
2,31,Customer,11,U_customer,UPDATE,0.4241,True
2,31,Customer,12,Q18,SELECT,263.5557,True
2,31,Customer,13,U_customer,UPDATE,0.744,True
2,31,Customer,14,Q3,SELECT,50.3852,True
2,31,Customer,15,U_customer,UPDATE,0.6025,True
2,31,Customer,16,Q3,SELECT,51.5001,True
2,31,Customer,17,U_customer,UPDATE,0.627,True
2,31,Customer,18,Q7,SELECT,33.7487,True
2,31,Customer,19,U_customer,UPDATE,0.4347,True
3,0,Reporting,0,U_orders,UPDATE,0.9037,True
3,0,Reporting,1,Q1,SELECT,107.7355,True
3,0,Reporting,2,Q6,SELECT,32.6734,True
3,0,Reporting,3,Q4,SELECT,22.0905,True
3,0,Reporting,4,Q6,SELECT,32.2742,True
3,0,Reporting,5,Q14,SELECT,16.0865,True
3,0,Reporting,6,Q1,SELECT,106.0188,True
3,0,Reporting,7,Q1,SELECT,109.0106,True
3,0,Reporting,8,Q1,SELECT,109.1693,True
3,0,Reporting,9,Q4,SELECT,18.428,True
3,0,Reporting,10,Q14,SELECT,16.683,True
3,0,Reporting,11,Q12,SELECT,48.6264,True
3,0,Reporting,12,U_orders,UPDATE,1.3925,True
3,0,Reporting,13,U_orders,UPDATE,0.4653,True
3,0,Reporting,14,Q14,SELECT,16.2296,True
3,0,Reporting,15,Q1,SELECT,108.291,True
3,0,Reporting,16,Q6,SELECT,32.4606,True
3,0,Reporting,17,Q1,SELECT,108.6026,True
3,0,Reporting,18,U_orders,UPDATE,0.4746,True
3,0,Reporting,19,Q12,SELECT,48.6859,True
3,0,Reporting,20,U_orders,UPDATE,0.644,True
3,0,Reporting,21,Q4,SELECT,20.0933,True
3,0,Reporting,22,U_orders,UPDATE,0.4061,True
3,0,Reporting,23,Q4,SELECT,18.3726,True
3,0,Reporting,24,Q14,SELECT,16.6113,True
3,0,Reporting,25,Q12,SELECT,49.3834,True
3,0,Reporting,26,Q14,SELECT,16.7933,True
3,0,Reporting,27,Q4,SELECT,18.1816,True
3,0,Reporting,28,Q6,SELECT,32.1685,True
3,0,Reporting,29,Q1,SELECT,109.5624,True
3,1,Reporting,0,Q1,SELECT,110.2866,True
3,1,Reporting,1,Q1,SELECT,107.9368,True
3,1,Reporting,2,Q1,SELECT,107.9158,True
3,1,Reporting,3,Q1,SELECT,106.6482,True
3,1,Reporting,4,Q4,SELECT,18.5649,True
3,1,Reporting,5,Q12,SELECT,49.1169,True
3,1,Reporting,6,Q12,SELECT,49.7822,True
3,1,Reporting,7,U_orders,UPDATE,1.4289,True
3,1,Reporting,8,Q1,SELECT,110.6141,True
3,1,Reporting,9,U_orders,UPDATE,0.2923,True
3,1,Reporting,10,U_orders,UPDATE,0.3816,True
3,1,Reporting,11,Q12,SELECT,48.374,True
3,1,Reporting,12,Q1,SELECT,109.659,True
3,1,Reporting,13,Q1,SELECT,110.4661,True
3,1,Reporting,14,Q14,SELECT,17.3613,True
3,1,Reporting,15,Q14,SELECT,12.8398,True
3,1,Reporting,16,Q6,SELECT,31.9385,True
3,1,Reporting,17,U_orders,UPDATE,1.1681,True
3,1,Reporting,18,Q1,SELECT,107.0188,True
3,1,Reporting,19,Q14,SELECT,17.1618,True
3,1,Reporting,20,Q1,SELECT,109.8154,True
3,1,Reporting,21,Q1,SELECT,106.9906,True
3,1,Reporting,22,Q14,SELECT,17.0561,True
3,1,Reporting,23,U_orders,UPDATE,0.6588,True
3,1,Reporting,24,Q12,SELECT,49.0173,True
3,1,Reporting,25,Q4,SELECT,18.0444,True
3,1,Reporting,26,U_orders,UPDATE,0.3335,True
3,1,Reporting,27,Q1,SELECT,108.5685,True
3,1,Reporting,28,Q1,SELECT,105.5539,True
3,1,Reporting,29,Q6,SELECT,33.4725,True
3,2,Reporting,0,Q6,SELECT,33.1377,True
3,2,Reporting,1,Q14,SELECT,17.639,True
3,2,Reporting,2,Q4,SELECT,18.9805,True
3,2,Reporting,3,Q6,SELECT,32.2385,True
3,2,Reporting,4,Q14,SELECT,15.9592,True
3,2,Reporting,5,Q4,SELECT,17.6521,True
3,2,Reporting,6,Q14,SELECT,15.9998,True
3,2,Reporting,7,Q1,SELECT,109.7514,True
3,2,Reporting,8,Q1,SELECT,114.3155,True
3,2,Reporting,9,Q12,SELECT,49.5658,True
3,2,Reporting,10,Q6,SELECT,32.3451,True
3,2,Reporting,11,Q1,SELECT,109.3952,True
3,2,Reporting,12,Q14,SELECT,16.8888,True
3,2,Reporting,13,U_orders,UPDATE,0.3398,True
3,2,Reporting,14,U_orders,UPDATE,0.452,True
3,2,Reporting,15,Q1,SELECT,108.6687,True
3,2,Reporting,16,U_orders,UPDATE,1.4215,True
3,2,Reporting,17,Q6,SELECT,32.9935,True
3,2,Reporting,18,U_orders,UPDATE,0.5742,True
3,2,Reporting,19,U_orders,UPDATE,0.2292,True
3,2,Reporting,20,Q6,SELECT,31.9322,True
3,2,Reporting,21,U_orders,UPDATE,0.3448,True
3,2,Reporting,22,Q1,SELECT,111.688,True
3,2,Reporting,23,Q6,SELECT,32.4992,True
3,2,Reporting,24,Q1,SELECT,107.9564,True
3,2,Reporting,25,Q6,SELECT,32.9529,True
3,2,Reporting,26,Q14,SELECT,16.4368,True
3,2,Reporting,27,Q6,SELECT,31.5555,True
3,2,Reporting,28,Q1,SELECT,113.4283,True
3,2,Reporting,29,Q1,SELECT,111.0011,True
3,3,Reporting,0,Q1,SELECT,110.8452,True
3,3,Reporting,1,U_orders,UPDATE,0.3825,True
3,3,Reporting,2,Q12,SELECT,48.6843,True
3,3,Reporting,3,Q6,SELECT,32.5786,True
3,3,Reporting,4,Q4,SELECT,18.073,True
3,3,Reporting,5,Q6,SELECT,31.9126,True
3,3,Reporting,6,U_orders,UPDATE,0.3397,True
3,3,Reporting,7,Q1,SELECT,107.1871,True
3,3,Reporting,8,Q12,SELECT,48.5502,True
3,3,Reporting,9,Q6,SELECT,32.3226,True
3,3,Reporting,10,Q1,SELECT,109.537,True
3,3,Reporting,11,U_orders,UPDATE,0.7442,True
3,3,Reporting,12,U_orders,UPDATE,0.2428,True
3,3,Reporting,13,Q1,SELECT,107.223,True
3,3,Reporting,14,Q1,SELECT,107.5152,True
3,3,Reporting,15,Q6,SELECT,32.5713,True
3,3,Reporting,16,Q1,SELECT,109.817,True
3,3,Reporting,17,U_orders,UPDATE,0.4028,True
3,3,Reporting,18,Q12,SELECT,47.6646,True
3,3,Reporting,19,Q1,SELECT,107.5595,True
3,3,Reporting,20,Q1,SELECT,107.7925,True
3,3,Reporting,21,Q1,SELECT,106.051,True
3,3,Reporting,22,Q1,SELECT,106.7777,True
3,3,Reporting,23,Q1,SELECT,106.617,True
3,3,Reporting,24,U_orders,UPDATE,0.3894,True
3,3,Reporting,25,Q14,SELECT,16.794,True
3,3,Reporting,26,Q1,SELECT,106.0544,True
3,3,Reporting,27,Q1,SELECT,108.3,True
3,3,Reporting,28,Q6,SELECT,32.8347,True
3,3,Reporting,29,Q4,SELECT,17.8858,True
3,4,Reporting,0,Q1,SELECT,110.3065,True
3,4,Reporting,1,Q6,SELECT,32.4054,True
3,4,Reporting,2,Q6,SELECT,32.2817,True
3,4,Reporting,3,Q1,SELECT,109.0283,True
3,4,Reporting,4,Q6,SELECT,32.0143,True
3,4,Reporting,5,Q4,SELECT,18.5809,True
3,4,Reporting,6,U_orders,UPDATE,0.3195,True
3,4,Reporting,7,U_orders,UPDATE,0.4085,True
3,4,Reporting,8,Q1,SELECT,111.5204,True
3,4,Reporting,9,Q1,SELECT,109.0375,True
3,4,Reporting,10,U_orders,UPDATE,0.7043,True
3,4,Reporting,11,Q6,SELECT,32.5401,True
3,4,Reporting,12,U_orders,UPDATE,0.6433,True
3,4,Reporting,13,Q1,SELECT,110.6062,True
3,4,Reporting,14,Q6,SELECT,32.756,True
3,4,Reporting,15,Q6,SELECT,32.8227,True
3,4,Reporting,16,Q6,SELECT,31.7648,True
3,4,Reporting,17,Q4,SELECT,17.8245,True
3,4,Reporting,18,U_orders,UPDATE,1.3858,True
3,4,Reporting,19,Q1,SELECT,110.5235,True
3,4,Reporting,20,Q1,SELECT,108.9745,True
3,4,Reporting,21,Q14,SELECT,17.401,True
3,4,Reporting,22,Q1,SELECT,107.9558,True
3,4,Reporting,23,Q6,SELECT,32.4792,True
3,4,Reporting,24,Q4,SELECT,17.7513,True
3,4,Reporting,25,Q6,SELECT,33.0481,True
3,4,Reporting,26,Q6,SELECT,32.4985,True
3,4,Reporting,27,Q6,SELECT,32.6715,True
3,4,Reporting,28,Q4,SELECT,18.2142,True
3,4,Reporting,29,U_orders,UPDATE,0.428,True
3,5,Reporting,0,Q1,SELECT,107.6009,True
3,5,Reporting,1,Q1,SELECT,107.544,True
3,5,Reporting,2,Q1,SELECT,105.4113,True
3,5,Reporting,3,Q4,SELECT,18.795,True
3,5,Reporting,4,Q6,SELECT,32.5465,True
3,5,Reporting,5,U_orders,UPDATE,0.4239,True
3,5,Reporting,6,U_orders,UPDATE,0.1746,True
3,5,Reporting,7,Q12,SELECT,48.468,True
3,5,Reporting,8,Q1,SELECT,106.488,True
3,5,Reporting,9,Q1,SELECT,107.5004,True
3,5,Reporting,10,Q1,SELECT,106.1502,True
3,5,Reporting,11,Q1,SELECT,108.6453,True
3,5,Reporting,12,U_orders,UPDATE,0.6482,True
3,5,Reporting,13,Q6,SELECT,32.2239,True
3,5,Reporting,14,Q1,SELECT,107.2809,True
3,5,Reporting,15,Q6,SELECT,32.8639,True
3,5,Reporting,16,Q1,SELECT,114.1085,True
3,5,Reporting,17,Q1,SELECT,110.7918,True
3,5,Reporting,18,Q6,SELECT,33.3034,True
3,5,Reporting,19,Q4,SELECT,18.1543,True
3,5,Reporting,20,U_orders,UPDATE,1.3287,True
3,5,Reporting,21,Q4,SELECT,17.7758,True
3,5,Reporting,22,U_orders,UPDATE,0.5117,True
3,5,Reporting,23,Q6,SELECT,32.8235,True
3,5,Reporting,24,Q1,SELECT,109.4228,True
3,5,Reporting,25,Q1,SELECT,108.857,True
3,5,Reporting,26,U_orders,UPDATE,0.6637,True
3,5,Reporting,27,Q1,SELECT,107.8585,True
3,5,Reporting,28,Q1,SELECT,111.8531,True
3,5,Reporting,29,Q12,SELECT,48.6826,True
3,6,Reporting,0,Q12,SELECT,48.7854,True
3,6,Reporting,1,U_orders,UPDATE,0.5817,True
3,6,Reporting,2,U_orders,UPDATE,0.1804,True
3,6,Reporting,3,Q12,SELECT,48.571,True
3,6,Reporting,4,Q6,SELECT,32.5386,True
3,6,Reporting,5,U_orders,UPDATE,0.6583,True
3,6,Reporting,6,Q1,SELECT,112.4029,True
3,6,Reporting,7,Q1,SELECT,110.5738,True
3,6,Reporting,8,Q1,SELECT,108.0482,True
3,6,Reporting,9,Q1,SELECT,107.7076,True
3,6,Reporting,10,Q14,SELECT,16.719,True
3,6,Reporting,11,Q1,SELECT,107.4165,True
3,6,Reporting,12,Q14,SELECT,17.1236,True
3,6,Reporting,13,Q1,SELECT,106.8604,True
3,6,Reporting,14,Q4,SELECT,17.7903,True
3,6,Reporting,15,Q1,SELECT,117.2726,True
3,6,Reporting,16,Q14,SELECT,16.4637,True
3,6,Reporting,17,Q6,SELECT,31.5676,True
3,6,Reporting,18,Q14,SELECT,16.2873,True
3,6,Reporting,19,Q6,SELECT,31.4972,True
3,6,Reporting,20,Q6,SELECT,31.3696,True
3,6,Reporting,21,Q14,SELECT,16.206,True
3,6,Reporting,22,U_orders,UPDATE,0.684,True
3,6,Reporting,23,Q6,SELECT,32.0165,True
3,6,Reporting,24,Q14,SELECT,15.9183,True
3,6,Reporting,25,Q1,SELECT,106.7133,True
3,6,Reporting,26,Q6,SELECT,33.0208,True
3,6,Reporting,27,U_orders,UPDATE,0.752,True
3,6,Reporting,28,Q6,SELECT,32.0937,True
3,6,Reporting,29,U_orders,UPDATE,0.3695,True
3,7,Reporting,0,Q4,SELECT,18.529,True
3,7,Reporting,1,U_orders,UPDATE,0.6343,True
3,7,Reporting,2,Q1,SELECT,108.8928,True
3,7,Reporting,3,Q6,SELECT,32.2448,True
3,7,Reporting,4,Q6,SELECT,33.1129,True
3,7,Reporting,5,Q6,SELECT,32.2606,True
3,7,Reporting,6,U_orders,UPDATE,1.332,True
3,7,Reporting,7,Q12,SELECT,48.552,True
3,7,Reporting,8,Q12,SELECT,48.8968,True
3,7,Reporting,9,Q6,SELECT,32.8255,True
3,7,Reporting,10,Q6,SELECT,32.2221,True
3,7,Reporting,11,U_orders,UPDATE,1.2383,True
3,7,Reporting,12,Q1,SELECT,108.6937,True
3,7,Reporting,13,Q4,SELECT,18.1764,True
3,7,Reporting,14,U_orders,UPDATE,0.4297,True
3,7,Reporting,15,Q4,SELECT,17.8686,True
3,7,Reporting,16,Q1,SELECT,107.6234,True
3,7,Reporting,17,Q6,SELECT,33.1843,True
3,7,Reporting,18,Q14,SELECT,16.591,True
3,7,Reporting,19,Q4,SELECT,17.7257,True
3,7,Reporting,20,Q1,SELECT,108.7508,True
3,7,Reporting,21,Q1,SELECT,110.51,True
3,7,Reporting,22,Q6,SELECT,32.15,True
3,7,Reporting,23,U_orders,UPDATE,0.6334,True
3,7,Reporting,24,Q4,SELECT,18.4909,True
3,7,Reporting,25,U_orders,UPDATE,0.3069,True
3,7,Reporting,26,Q6,SELECT,32.5945,True
3,7,Reporting,27,Q6,SELECT,32.0263,True
3,7,Reporting,28,Q1,SELECT,109.9051,True
3,7,Reporting,29,Q4,SELECT,18.3836,True
3,8,JoinHeavy,0,Q10,SELECT,29.3123,True
3,8,JoinHeavy,1,Q18,SELECT,264.6915,True
3,8,JoinHeavy,2,Q7,SELECT,33.1603,True
3,8,JoinHeavy,3,Q3,SELECT,50.2275,True
3,8,JoinHeavy,4,Q5,SELECT,28.6596,True
3,8,JoinHeavy,5,Q3,SELECT,50.8907,True
3,8,JoinHeavy,6,Q10,SELECT,28.8796,True
3,8,JoinHeavy,7,Q3,SELECT,50.8483,True
3,8,JoinHeavy,8,Q5,SELECT,28.7873,True
3,8,JoinHeavy,9,Q3,SELECT,50.7203,True
3,8,JoinHeavy,10,Q18,SELECT,263.3049,True
3,8,JoinHeavy,11,Q3,SELECT,51.0736,True
3,8,JoinHeavy,12,Q5,SELECT,28.0229,True
3,8,JoinHeavy,13,Q3,SELECT,50.6081,True
3,8,JoinHeavy,14,Q5,SELECT,28.4815,True
3,8,JoinHeavy,15,Q3,SELECT,50.7885,True
3,8,JoinHeavy,16,Q3,SELECT,51.2497,True
3,8,JoinHeavy,17,Q3,SELECT,51.441,True
3,8,JoinHeavy,18,Q3,SELECT,51.6055,True
3,8,JoinHeavy,19,Q18,SELECT,263.3027,True
3,8,JoinHeavy,20,Q7,SELECT,33.218,True
3,8,JoinHeavy,21,Q3,SELECT,51.174,True
3,8,JoinHeavy,22,I_customer,INSERT,0.8958,True
3,8,JoinHeavy,23,I_customer,INSERT,0.2935,True
3,8,JoinHeavy,24,I_customer,INSERT,0.4105,True
3,8,JoinHeavy,25,I_customer,INSERT,0.2245,True
3,8,JoinHeavy,26,I_customer,INSERT,0.2208,True
3,8,JoinHeavy,27,I_customer,INSERT,0.2165,True
3,8,JoinHeavy,28,I_customer,INSERT,0.2172,True
3,8,JoinHeavy,29,I_customer,INSERT,0.2167,True
3,8,JoinHeavy,30,I_customer,INSERT,0.2127,True
3,8,JoinHeavy,31,I_customer,INSERT,0.2219,True
3,8,JoinHeavy,32,I_customer,INSERT,0.2295,True
3,8,JoinHeavy,33,I_customer,INSERT,0.2139,True
3,8,JoinHeavy,34,I_customer,INSERT,0.218,True
3,8,JoinHeavy,35,I_customer,INSERT,0.2176,True
3,8,JoinHeavy,36,I_customer,INSERT,0.2221,True
3,8,JoinHeavy,37,I_customer,INSERT,0.2501,True
3,8,JoinHeavy,38,I_customer,INSERT,0.2167,True
3,8,JoinHeavy,39,I_customer,INSERT,0.2126,True
3,9,JoinHeavy,0,Q5,SELECT,28.3919,True
3,9,JoinHeavy,1,Q18,SELECT,266.8869,True
3,9,JoinHeavy,2,Q5,SELECT,28.2763,True
3,9,JoinHeavy,3,Q7,SELECT,33.0698,True
3,9,JoinHeavy,4,Q5,SELECT,28.2786,True
3,9,JoinHeavy,5,Q5,SELECT,27.3158,True
3,9,JoinHeavy,6,Q3,SELECT,51.8931,True
3,9,JoinHeavy,7,Q3,SELECT,50.9103,True
3,9,JoinHeavy,8,Q5,SELECT,29.0001,True
3,9,JoinHeavy,9,Q3,SELECT,51.101,True
3,9,JoinHeavy,10,Q5,SELECT,29.0012,True
3,9,JoinHeavy,11,Q10,SELECT,28.8378,True
3,9,JoinHeavy,12,Q5,SELECT,28.3845,True
3,9,JoinHeavy,13,Q5,SELECT,27.817,True
3,9,JoinHeavy,14,Q18,SELECT,262.76,True
3,9,JoinHeavy,15,Q10,SELECT,28.7367,True
3,9,JoinHeavy,16,Q5,SELECT,28.2248,True
3,9,JoinHeavy,17,Q10,SELECT,28.6058,True
3,9,JoinHeavy,18,Q3,SELECT,51.289,True
3,9,JoinHeavy,19,Q3,SELECT,51.4699,True
3,9,JoinHeavy,20,Q18,SELECT,263.6015,True
3,9,JoinHeavy,21,Q3,SELECT,50.8203,True
3,9,JoinHeavy,22,I_customer,INSERT,0.7595,True
3,9,JoinHeavy,23,I_customer,INSERT,0.2601,True
3,9,JoinHeavy,24,I_customer,INSERT,0.2329,True
3,9,JoinHeavy,25,I_customer,INSERT,0.2316,True
3,9,JoinHeavy,26,I_customer,INSERT,0.2608,True
3,9,JoinHeavy,27,I_customer,INSERT,0.219,True
3,9,JoinHeavy,28,I_customer,INSERT,0.2152,True
3,9,JoinHeavy,29,I_customer,INSERT,0.2148,True
3,9,JoinHeavy,30,I_customer,INSERT,0.2142,True
3,9,JoinHeavy,31,I_customer,INSERT,0.2111,True
3,9,JoinHeavy,32,I_customer,INSERT,0.2012,True
3,9,JoinHeavy,33,I_customer,INSERT,0.1558,True
3,9,JoinHeavy,34,I_customer,INSERT,0.1456,True
3,9,JoinHeavy,35,I_customer,INSERT,0.1578,True
3,9,JoinHeavy,36,I_customer,INSERT,0.1491,True
3,9,JoinHeavy,37,I_customer,INSERT,0.1478,True
3,9,JoinHeavy,38,I_customer,INSERT,0.1538,True
3,9,JoinHeavy,39,I_customer,INSERT,0.1516,True
3,10,JoinHeavy,0,Q10,SELECT,29.1457,True
3,10,JoinHeavy,1,Q7,SELECT,34.834,True
3,10,JoinHeavy,2,Q3,SELECT,51.7662,True
3,10,JoinHeavy,3,Q18,SELECT,264.1925,True
3,10,JoinHeavy,4,Q3,SELECT,51.6617,True
3,10,JoinHeavy,5,Q3,SELECT,50.9968,True
3,10,JoinHeavy,6,Q3,SELECT,51.3871,True
3,10,JoinHeavy,7,Q3,SELECT,51.157,True
3,10,JoinHeavy,8,Q5,SELECT,28.4998,True
3,10,JoinHeavy,9,Q7,SELECT,34.553,True
3,10,JoinHeavy,10,Q3,SELECT,52.936,True
3,10,JoinHeavy,11,Q5,SELECT,29.0765,True
3,10,JoinHeavy,12,Q7,SELECT,34.185,True
3,10,JoinHeavy,13,Q10,SELECT,28.587,True
3,10,JoinHeavy,14,Q5,SELECT,29.193,True
3,10,JoinHeavy,15,Q5,SELECT,26.6117,True
3,10,JoinHeavy,16,Q7,SELECT,33.7619,True
3,10,JoinHeavy,17,Q10,SELECT,28.9094,True
3,10,JoinHeavy,18,Q7,SELECT,33.7984,True
3,10,JoinHeavy,19,Q5,SELECT,28.8446,True
3,10,JoinHeavy,20,Q3,SELECT,50.3886,True
3,10,JoinHeavy,21,Q7,SELECT,34.1427,True
3,10,JoinHeavy,22,I_customer,INSERT,0.785,True
3,10,JoinHeavy,23,I_customer,INSERT,0.2759,True
3,10,JoinHeavy,24,I_customer,INSERT,0.2345,True
3,10,JoinHeavy,25,I_customer,INSERT,0.2329,True
3,10,JoinHeavy,26,I_customer,INSERT,0.2403,True
3,10,JoinHeavy,27,I_customer,INSERT,0.2409,True
3,10,JoinHeavy,28,I_customer,INSERT,0.2529,True
3,10,JoinHeavy,29,I_customer,INSERT,0.2142,True
3,10,JoinHeavy,30,I_customer,INSERT,0.2129,True
3,10,JoinHeavy,31,I_customer,INSERT,0.2097,True
3,10,JoinHeavy,32,I_customer,INSERT,0.2094,True
3,10,JoinHeavy,33,I_customer,INSERT,0.2083,True
3,10,JoinHeavy,34,I_customer,INSERT,0.2458,True
3,10,JoinHeavy,35,I_customer,INSERT,0.2064,True
3,10,JoinHeavy,36,I_customer,INSERT,0.2045,True
3,10,JoinHeavy,37,I_customer,INSERT,0.2051,True
3,10,JoinHeavy,38,I_customer,INSERT,0.1536,True
3,10,JoinHeavy,39,I_customer,INSERT,0.1444,True
3,11,JoinHeavy,0,Q7,SELECT,33.1761,True
3,11,JoinHeavy,1,Q3,SELECT,52.8862,True
3,11,JoinHeavy,2,Q10,SELECT,28.9501,True
3,11,JoinHeavy,3,Q3,SELECT,51.2063,True
3,11,JoinHeavy,4,Q10,SELECT,29.0699,True
3,11,JoinHeavy,5,Q7,SELECT,33.4033,True
3,11,JoinHeavy,6,Q7,SELECT,33.6406,True
3,11,JoinHeavy,7,Q7,SELECT,33.305,True
3,11,JoinHeavy,8,Q3,SELECT,50.921,True
3,11,JoinHeavy,9,Q3,SELECT,51.4029,True
3,11,JoinHeavy,10,Q7,SELECT,33.5886,True
3,11,JoinHeavy,11,Q3,SELECT,51.0277,True
3,11,JoinHeavy,12,Q18,SELECT,262.9547,True
3,11,JoinHeavy,13,Q5,SELECT,27.9081,True
3,11,JoinHeavy,14,Q18,SELECT,262.2792,True
3,11,JoinHeavy,15,Q10,SELECT,29.1148,True
3,11,JoinHeavy,16,Q5,SELECT,28.1787,True
3,11,JoinHeavy,17,Q10,SELECT,31.318,True
3,11,JoinHeavy,18,Q5,SELECT,28.4933,True
3,11,JoinHeavy,19,Q5,SELECT,27.4806,True
3,11,JoinHeavy,20,Q10,SELECT,29.6273,True
3,11,JoinHeavy,21,Q5,SELECT,28.5489,True
3,11,JoinHeavy,22,I_customer,INSERT,0.4322,True
3,11,JoinHeavy,23,I_customer,INSERT,0.2743,True
3,11,JoinHeavy,24,I_customer,INSERT,0.2255,True
3,11,JoinHeavy,25,I_customer,INSERT,0.2175,True
3,11,JoinHeavy,26,I_customer,INSERT,0.2115,True
3,11,JoinHeavy,27,I_customer,INSERT,0.3857,True
3,11,JoinHeavy,28,I_customer,INSERT,0.2073,True
3,11,JoinHeavy,29,I_customer,INSERT,0.2138,True
3,11,JoinHeavy,30,I_customer,INSERT,0.2057,True
3,11,JoinHeavy,31,I_customer,INSERT,0.2,True
3,11,JoinHeavy,32,I_customer,INSERT,0.242,True
3,11,JoinHeavy,33,I_customer,INSERT,0.2103,True
3,11,JoinHeavy,34,I_customer,INSERT,0.198,True
3,11,JoinHeavy,35,I_customer,INSERT,0.1968,True
3,11,JoinHeavy,36,I_customer,INSERT,0.1937,True
3,11,JoinHeavy,37,I_customer,INSERT,0.198,True
3,11,JoinHeavy,38,I_customer,INSERT,0.193,True
3,11,JoinHeavy,39,I_customer,INSERT,0.2422,True
3,12,JoinHeavy,0,Q7,SELECT,34.4745,True
3,12,JoinHeavy,1,Q5,SELECT,28.6886,True
3,12,JoinHeavy,2,Q18,SELECT,264.2876,True
3,12,JoinHeavy,3,Q3,SELECT,51.5137,True
3,12,JoinHeavy,4,Q7,SELECT,33.9865,True
3,12,JoinHeavy,5,Q5,SELECT,28.4226,True
3,12,JoinHeavy,6,Q7,SELECT,33.949,True
3,12,JoinHeavy,7,Q7,SELECT,34.8186,True
3,12,JoinHeavy,8,Q3,SELECT,51.8918,True
3,12,JoinHeavy,9,Q10,SELECT,29.3557,True
3,12,JoinHeavy,10,Q3,SELECT,50.6061,True
3,12,JoinHeavy,11,Q10,SELECT,29.4733,True
3,12,JoinHeavy,12,Q5,SELECT,28.9294,True
3,12,JoinHeavy,13,Q5,SELECT,25.4843,True
3,12,JoinHeavy,14,Q10,SELECT,29.6873,True
3,12,JoinHeavy,15,Q7,SELECT,34.0106,True
3,12,JoinHeavy,16,Q10,SELECT,29.1045,True
3,12,JoinHeavy,17,Q7,SELECT,34.2868,True
3,12,JoinHeavy,18,Q3,SELECT,51.2935,True
3,12,JoinHeavy,19,Q7,SELECT,34.7088,True
3,12,JoinHeavy,20,Q18,SELECT,265.0279,True
3,12,JoinHeavy,21,Q7,SELECT,34.8709,True
3,12,JoinHeavy,22,I_customer,INSERT,0.55,True
3,12,JoinHeavy,23,I_customer,INSERT,0.2979,True
3,12,JoinHeavy,24,I_customer,INSERT,0.2541,True
3,12,JoinHeavy,25,I_customer,INSERT,0.2681,True
3,12,JoinHeavy,26,I_customer,INSERT,0.2224,True
3,12,JoinHeavy,27,I_customer,INSERT,0.2233,True
3,12,JoinHeavy,28,I_customer,INSERT,0.217,True
3,12,JoinHeavy,29,I_customer,INSERT,0.216,True
3,12,JoinHeavy,30,I_customer,INSERT,0.2127,True
3,12,JoinHeavy,31,I_customer,INSERT,0.2106,True
3,12,JoinHeavy,32,I_customer,INSERT,0.2113,True
3,12,JoinHeavy,33,I_customer,INSERT,0.2152,True
3,12,JoinHeavy,34,I_customer,INSERT,0.2134,True
3,12,JoinHeavy,35,I_customer,INSERT,0.2103,True
3,12,JoinHeavy,36,I_customer,INSERT,0.2185,True
3,12,JoinHeavy,37,I_customer,INSERT,0.1815,True
3,12,JoinHeavy,38,I_customer,INSERT,0.155,True
3,12,JoinHeavy,39,I_customer,INSERT,0.148,True
3,13,JoinHeavy,0,Q3,SELECT,50.9996,True
3,13,JoinHeavy,1,Q7,SELECT,34.7549,True
3,13,JoinHeavy,2,Q5,SELECT,28.6141,True
3,13,JoinHeavy,3,Q3,SELECT,50.9088,True
3,13,JoinHeavy,4,Q3,SELECT,51.5268,True
3,13,JoinHeavy,5,Q10,SELECT,29.1853,True
3,13,JoinHeavy,6,Q7,SELECT,33.6077,True
3,13,JoinHeavy,7,Q18,SELECT,262.307,True
3,13,JoinHeavy,8,Q7,SELECT,33.8932,True
3,13,JoinHeavy,9,Q3,SELECT,51.0526,True
3,13,JoinHeavy,10,Q5,SELECT,28.9448,True
3,13,JoinHeavy,11,Q7,SELECT,33.3143,True
3,13,JoinHeavy,12,Q10,SELECT,29.201,True
3,13,JoinHeavy,13,Q5,SELECT,28.8562,True
3,13,JoinHeavy,14,Q18,SELECT,262.4863,True
3,13,JoinHeavy,15,Q7,SELECT,34.2348,True
3,13,JoinHeavy,16,Q3,SELECT,51.0915,True
3,13,JoinHeavy,17,Q3,SELECT,51.3857,True
3,13,JoinHeavy,18,Q7,SELECT,34.6544,True
3,13,JoinHeavy,19,Q7,SELECT,33.6111,True
3,13,JoinHeavy,20,Q7,SELECT,33.2485,True
3,13,JoinHeavy,21,Q18,SELECT,265.5895,True
3,13,JoinHeavy,22,I_customer,INSERT,0.886,True
3,13,JoinHeavy,23,I_customer,INSERT,0.3279,True
3,13,JoinHeavy,24,I_customer,INSERT,0.2909,True
3,13,JoinHeavy,25,I_customer,INSERT,0.2295,True
3,13,JoinHeavy,26,I_customer,INSERT,0.2411,True
3,13,JoinHeavy,27,I_customer,INSERT,0.2226,True
3,13,JoinHeavy,28,I_customer,INSERT,0.2217,True
3,13,JoinHeavy,29,I_customer,INSERT,0.2155,True
3,13,JoinHeavy,30,I_customer,INSERT,0.2205,True
3,13,JoinHeavy,31,I_customer,INSERT,0.2125,True
3,13,JoinHeavy,32,I_customer,INSERT,0.2688,True
3,13,JoinHeavy,33,I_customer,INSERT,0.1886,True
3,13,JoinHeavy,34,I_customer,INSERT,0.16,True
3,13,JoinHeavy,35,I_customer,INSERT,0.1566,True
3,13,JoinHeavy,36,I_customer,INSERT,0.1548,True
3,13,JoinHeavy,37,I_customer,INSERT,0.1658,True
3,13,JoinHeavy,38,I_customer,INSERT,0.1785,True
3,13,JoinHeavy,39,I_customer,INSERT,0.1657,True
3,14,JoinHeavy,0,Q7,SELECT,33.3735,True
3,14,JoinHeavy,1,Q7,SELECT,34.8827,True
3,14,JoinHeavy,2,Q3,SELECT,50.9115,True
3,14,JoinHeavy,3,Q5,SELECT,28.6709,True
3,14,JoinHeavy,4,Q18,SELECT,264.4698,True
3,14,JoinHeavy,5,Q7,SELECT,33.2334,True
3,14,JoinHeavy,6,Q3,SELECT,51.3107,True
3,14,JoinHeavy,7,Q10,SELECT,29.0853,True
3,14,JoinHeavy,8,Q5,SELECT,29.0429,True
3,14,JoinHeavy,9,Q7,SELECT,33.6079,True
3,14,JoinHeavy,10,Q10,SELECT,29.1254,True
3,14,JoinHeavy,11,Q18,SELECT,264.1523,True
3,14,JoinHeavy,12,Q7,SELECT,33.0097,True
3,14,JoinHeavy,13,Q3,SELECT,51.2011,True
3,14,JoinHeavy,14,Q3,SELECT,50.9853,True
3,14,JoinHeavy,15,Q5,SELECT,28.8059,True
3,14,JoinHeavy,16,Q5,SELECT,25.2784,True
3,14,JoinHeavy,17,Q5,SELECT,27.6538,True
3,14,JoinHeavy,18,Q3,SELECT,50.8939,True
3,14,JoinHeavy,19,Q10,SELECT,29.0866,True
3,14,JoinHeavy,20,Q5,SELECT,28.4289,True
3,14,JoinHeavy,21,Q7,SELECT,34.2216,True
3,14,JoinHeavy,22,I_customer,INSERT,0.7711,True
3,14,JoinHeavy,23,I_customer,INSERT,0.2835,True
3,14,JoinHeavy,24,I_customer,INSERT,0.2321,True
3,14,JoinHeavy,25,I_customer,INSERT,0.227,True
3,14,JoinHeavy,26,I_customer,INSERT,0.2256,True
3,14,JoinHeavy,27,I_customer,INSERT,0.2267,True
3,14,JoinHeavy,28,I_customer,INSERT,0.2278,True
3,14,JoinHeavy,29,I_customer,INSERT,0.4923,True
3,14,JoinHeavy,30,I_customer,INSERT,0.2175,True
3,14,JoinHeavy,31,I_customer,INSERT,0.2153,True
3,14,JoinHeavy,32,I_customer,INSERT,0.207,True
3,14,JoinHeavy,33,I_customer,INSERT,0.2072,True
3,14,JoinHeavy,34,I_customer,INSERT,0.2011,True
3,14,JoinHeavy,35,I_customer,INSERT,0.2109,True
3,14,JoinHeavy,36,I_customer,INSERT,0.2081,True
3,14,JoinHeavy,37,I_customer,INSERT,0.2016,True
3,14,JoinHeavy,38,I_customer,INSERT,0.2025,True
3,14,JoinHeavy,39,I_customer,INSERT,0.2102,True
3,15,JoinHeavy,0,Q5,SELECT,28.4665,True
3,15,JoinHeavy,1,Q7,SELECT,34.8281,True
3,15,JoinHeavy,2,Q3,SELECT,51.8577,True
3,15,JoinHeavy,3,Q5,SELECT,28.9102,True
3,15,JoinHeavy,4,Q18,SELECT,263.9403,True
3,15,JoinHeavy,5,Q5,SELECT,27.9145,True
3,15,JoinHeavy,6,Q3,SELECT,50.0577,True
3,15,JoinHeavy,7,Q3,SELECT,50.9273,True
3,15,JoinHeavy,8,Q7,SELECT,33.3374,True
3,15,JoinHeavy,9,Q5,SELECT,28.7175,True
3,15,JoinHeavy,10,Q3,SELECT,50.6783,True
3,15,JoinHeavy,11,Q5,SELECT,28.2062,True
3,15,JoinHeavy,12,Q5,SELECT,28.0743,True
3,15,JoinHeavy,13,Q7,SELECT,34.0875,True
3,15,JoinHeavy,14,Q3,SELECT,51.4502,True
3,15,JoinHeavy,15,Q3,SELECT,51.3298,True
3,15,JoinHeavy,16,Q7,SELECT,33.7109,True
3,15,JoinHeavy,17,Q5,SELECT,28.9926,True
3,15,JoinHeavy,18,Q3,SELECT,51.0531,True
3,15,JoinHeavy,19,Q10,SELECT,29.148,True
3,15,JoinHeavy,20,Q18,SELECT,263.5719,True
3,15,JoinHeavy,21,Q5,SELECT,27.8885,True
3,15,JoinHeavy,22,I_customer,INSERT,0.4373,True
3,15,JoinHeavy,23,I_customer,INSERT,0.2811,True
3,15,JoinHeavy,24,I_customer,INSERT,0.236,True
3,15,JoinHeavy,25,I_customer,INSERT,0.2223,True
3,15,JoinHeavy,26,I_customer,INSERT,0.2197,True
3,15,JoinHeavy,27,I_customer,INSERT,0.5045,True
3,15,JoinHeavy,28,I_customer,INSERT,0.2132,True
3,15,JoinHeavy,29,I_customer,INSERT,0.21,True
3,15,JoinHeavy,30,I_customer,INSERT,0.2118,True
3,15,JoinHeavy,31,I_customer,INSERT,0.2132,True
3,15,JoinHeavy,32,I_customer,INSERT,0.2123,True
3,15,JoinHeavy,33,I_customer,INSERT,0.2141,True
3,15,JoinHeavy,34,I_customer,INSERT,0.2125,True
3,15,JoinHeavy,35,I_customer,INSERT,0.2111,True
3,15,JoinHeavy,36,I_customer,INSERT,0.2095,True
3,15,JoinHeavy,37,I_customer,INSERT,0.2172,True
3,15,JoinHeavy,38,I_customer,INSERT,0.2195,True
3,15,JoinHeavy,39,I_customer,INSERT,0.2209,True
3,16,Procurement,0,D_orders,DELETE,0.1894,True
3,16,Procurement,1,D_orders,DELETE,0.1102,True
3,16,Procurement,2,D_orders,DELETE,0.1083,True
3,16,Procurement,3,D_orders,DELETE,0.101,True
3,16,Procurement,4,Q1,SELECT,112.1955,True
3,16,Procurement,5,Q11,SELECT,15.3251,True
3,16,Procurement,6,Q11,SELECT,13.2803,True
3,16,Procurement,7,Q11,SELECT,13.2765,True
3,16,Procurement,8,Q11,SELECT,13.5633,True
3,16,Procurement,9,Q6,SELECT,32.2999,True
3,16,Procurement,10,Q11,SELECT,14.8556,True
3,16,Procurement,11,Q6,SELECT,33.1044,True
3,16,Procurement,12,Q11,SELECT,15.0986,True
3,16,Procurement,13,Q11,SELECT,13.2333,True
3,16,Procurement,14,Q17,SELECT,152.9028,True
3,16,Procurement,15,Q11,SELECT,15.096,True
3,16,Procurement,16,Q6,SELECT,32.0602,True
3,16,Procurement,17,Q14,SELECT,16.4643,True
3,16,Procurement,18,Q14,SELECT,15.612,True
3,16,Procurement,19,Q11,SELECT,15.2013,True
3,16,Procurement,20,Q1,SELECT,107.1272,True
3,16,Procurement,21,Q17,SELECT,154.3836,True
3,16,Procurement,22,Q11,SELECT,15.0655,True
3,16,Procurement,23,Q14,SELECT,16.7148,True
3,16,Procurement,24,Q17,SELECT,153.9317,True
3,17,Procurement,0,D_orders,DELETE,1.2152,True
3,17,Procurement,1,D_orders,DELETE,0.2118,True
3,17,Procurement,2,D_orders,DELETE,0.3773,True
3,17,Procurement,3,D_orders,DELETE,0.1163,True
3,17,Procurement,4,Q1,SELECT,110.0558,True
3,17,Procurement,5,Q17,SELECT,158.0249,True
3,17,Procurement,6,Q17,SELECT,156.5315,True
3,17,Procurement,7,Q1,SELECT,107.724,True
3,17,Procurement,8,Q11,SELECT,15.4056,True
3,17,Procurement,9,Q11,SELECT,13.8314,True
3,17,Procurement,10,Q17,SELECT,155.6244,True
3,17,Procurement,11,Q11,SELECT,15.0989,True
3,17,Procurement,12,Q11,SELECT,13.1588,True
3,17,Procurement,13,Q17,SELECT,156.7347,True
3,17,Procurement,14,Q11,SELECT,15.1811,True
3,17,Procurement,15,Q17,SELECT,157.0733,True
3,17,Procurement,16,Q17,SELECT,160.4073,True
3,17,Procurement,17,Q17,SELECT,155.3751,True
3,17,Procurement,18,Q11,SELECT,15.0311,True
3,17,Procurement,19,Q17,SELECT,156.1971,True
3,17,Procurement,20,Q11,SELECT,15.2775,True
3,17,Procurement,21,Q6,SELECT,32.8494,True
3,17,Procurement,22,Q11,SELECT,15.3479,True
3,17,Procurement,23,Q11,SELECT,13.3783,True
3,17,Procurement,24,Q17,SELECT,154.8651,True
3,18,Procurement,0,D_orders,DELETE,0.8451,True
3,18,Procurement,1,D_orders,DELETE,0.4676,True
3,18,Procurement,2,D_orders,DELETE,0.1828,True
3,18,Procurement,3,D_orders,DELETE,0.3667,True
3,18,Procurement,4,Q1,SELECT,113.0064,True
3,18,Procurement,5,Q14,SELECT,16.5477,True
3,18,Procurement,6,Q14,SELECT,13.9624,True
3,18,Procurement,7,Q6,SELECT,32.5167,True
3,18,Procurement,8,Q1,SELECT,114.8854,True
3,18,Procurement,9,Q1,SELECT,110.0536,True
3,18,Procurement,10,Q6,SELECT,32.7061,True
3,18,Procurement,11,Q17,SELECT,153.8728,True
3,18,Procurement,12,Q6,SELECT,32.4255,True
3,18,Procurement,13,Q6,SELECT,32.0414,True
3,18,Procurement,14,Q17,SELECT,157.9391,True
3,18,Procurement,15,Q6,SELECT,33.4506,True
3,18,Procurement,16,Q14,SELECT,16.4071,True
3,18,Procurement,17,Q6,SELECT,33.1564,True
3,18,Procurement,18,Q17,SELECT,157.4825,True
3,18,Procurement,19,Q11,SELECT,15.1034,True
3,18,Procurement,20,Q17,SELECT,156.11,True
3,18,Procurement,21,Q11,SELECT,15.4851,True
3,18,Procurement,22,Q11,SELECT,13.7934,True
3,18,Procurement,23,Q14,SELECT,16.3784,True
3,18,Procurement,24,Q1,SELECT,108.7475,True
3,19,Procurement,0,D_orders,DELETE,0.3907,True
3,19,Procurement,1,D_orders,DELETE,0.5493,True
3,19,Procurement,2,D_orders,DELETE,0.1366,True
3,19,Procurement,3,D_orders,DELETE,0.4025,True
3,19,Procurement,4,Q1,SELECT,107.86,True
3,19,Procurement,5,Q17,SELECT,154.9224,True
3,19,Procurement,6,Q17,SELECT,153.2921,True
3,19,Procurement,7,Q17,SELECT,153.7547,True
3,19,Procurement,8,Q6,SELECT,33.0637,True
3,19,Procurement,9,Q1,SELECT,112.0424,True
3,19,Procurement,10,Q6,SELECT,32.9343,True
3,19,Procurement,11,Q14,SELECT,16.7735,True
3,19,Procurement,12,Q17,SELECT,155.6298,True
3,19,Procurement,13,Q17,SELECT,154.999,True
3,19,Procurement,14,Q14,SELECT,16.0749,True
3,19,Procurement,15,Q6,SELECT,31.6958,True
3,19,Procurement,16,Q11,SELECT,15.1226,True
3,19,Procurement,17,Q11,SELECT,13.9649,True
3,19,Procurement,18,Q1,SELECT,113.6838,True
3,19,Procurement,19,Q6,SELECT,32.6969,True
3,19,Procurement,20,Q6,SELECT,32.406,True
3,19,Procurement,21,Q11,SELECT,15.0198,True
3,19,Procurement,22,Q17,SELECT,157.6575,True
3,19,Procurement,23,Q6,SELECT,33.1666,True
3,19,Procurement,24,Q11,SELECT,15.4945,True
3,20,Procurement,0,D_orders,DELETE,0.1605,True
3,20,Procurement,1,D_orders,DELETE,0.0884,True
3,20,Procurement,2,D_orders,DELETE,0.0813,True
3,20,Procurement,3,D_orders,DELETE,0.0818,True
3,20,Procurement,4,Q6,SELECT,32.2901,True
3,20,Procurement,5,Q6,SELECT,34.2443,True
3,20,Procurement,6,Q11,SELECT,15.2274,True
3,20,Procurement,7,Q6,SELECT,32.4059,True
3,20,Procurement,8,Q11,SELECT,15.1487,True
3,20,Procurement,9,Q17,SELECT,157.738,True
3,20,Procurement,10,Q17,SELECT,154.6916,True
3,20,Procurement,11,Q17,SELECT,155.8146,True
3,20,Procurement,12,Q17,SELECT,155.7078,True
3,20,Procurement,13,Q11,SELECT,15.2534,True
3,20,Procurement,14,Q6,SELECT,32.9648,True
3,20,Procurement,15,Q11,SELECT,15.196,True
3,20,Procurement,16,Q1,SELECT,108.2593,True
3,20,Procurement,17,Q1,SELECT,108.7783,True
3,20,Procurement,18,Q11,SELECT,15.6479,True
3,20,Procurement,19,Q17,SELECT,156.3946,True
3,20,Procurement,20,Q11,SELECT,15.3232,True
3,20,Procurement,21,Q11,SELECT,13.476,True
3,20,Procurement,22,Q1,SELECT,108.8991,True
3,20,Procurement,23,Q11,SELECT,15.5858,True
3,20,Procurement,24,Q14,SELECT,16.8766,True
3,21,Procurement,0,D_orders,DELETE,0.2824,True
3,21,Procurement,1,D_orders,DELETE,0.2518,True
3,21,Procurement,2,D_orders,DELETE,0.3726,True
3,21,Procurement,3,D_orders,DELETE,0.1775,True
3,21,Procurement,4,Q6,SELECT,31.9243,True
3,21,Procurement,5,Q11,SELECT,15.8098,True
3,21,Procurement,6,Q14,SELECT,16.9138,True
3,21,Procurement,7,Q17,SELECT,155.7428,True
3,21,Procurement,8,Q11,SELECT,15.3581,True
3,21,Procurement,9,Q11,SELECT,13.2968,True
3,21,Procurement,10,Q14,SELECT,16.7291,True
3,21,Procurement,11,Q17,SELECT,157.0609,True
3,21,Procurement,12,Q11,SELECT,15.5223,True
3,21,Procurement,13,Q11,SELECT,13.9002,True
3,21,Procurement,14,Q11,SELECT,13.912,True
3,21,Procurement,15,Q11,SELECT,13.5768,True
3,21,Procurement,16,Q17,SELECT,157.1018,True
3,21,Procurement,17,Q11,SELECT,15.7848,True
3,21,Procurement,18,Q11,SELECT,14.3761,True
3,21,Procurement,19,Q11,SELECT,13.6422,True
3,21,Procurement,20,Q17,SELECT,157.9983,True
3,21,Procurement,21,Q17,SELECT,155.7886,True
3,21,Procurement,22,Q14,SELECT,16.8153,True
3,21,Procurement,23,Q11,SELECT,15.1102,True
3,21,Procurement,24,Q17,SELECT,156.5127,True
3,22,Procurement,0,D_orders,DELETE,0.3752,True
3,22,Procurement,1,D_orders,DELETE,1.154,True
3,22,Procurement,2,D_orders,DELETE,0.1912,True
3,22,Procurement,3,D_orders,DELETE,0.1088,True
3,22,Procurement,4,Q11,SELECT,15.0742,True
3,22,Procurement,5,Q1,SELECT,111.3854,True
3,22,Procurement,6,Q17,SELECT,155.358,True
3,22,Procurement,7,Q1,SELECT,109.5386,True
3,22,Procurement,8,Q14,SELECT,17.4457,True
3,22,Procurement,9,Q11,SELECT,15.1084,True
3,22,Procurement,10,Q6,SELECT,32.527,True
3,22,Procurement,11,Q6,SELECT,32.8985,True
3,22,Procurement,12,Q14,SELECT,16.2884,True
3,22,Procurement,13,Q6,SELECT,32.3783,True
3,22,Procurement,14,Q11,SELECT,15.3835,True
3,22,Procurement,15,Q11,SELECT,13.3748,True
3,22,Procurement,16,Q17,SELECT,159.0379,True
3,22,Procurement,17,Q6,SELECT,32.1001,True
3,22,Procurement,18,Q17,SELECT,159.0294,True
3,22,Procurement,19,Q6,SELECT,33.6955,True
3,22,Procurement,20,Q11,SELECT,15.2878,True
3,22,Procurement,21,Q6,SELECT,33.0332,True
3,22,Procurement,22,Q11,SELECT,15.4743,True
3,22,Procurement,23,Q17,SELECT,159.4401,True
3,22,Procurement,24,Q14,SELECT,16.944,True
3,23,Procurement,0,D_orders,DELETE,0.3363,True
3,23,Procurement,1,D_orders,DELETE,0.1283,True
3,23,Procurement,2,D_orders,DELETE,0.1055,True
3,23,Procurement,3,D_orders,DELETE,1.4977,True
3,23,Procurement,4,Q17,SELECT,159.9447,True
3,23,Procurement,5,Q17,SELECT,164.705,True
3,23,Procurement,6,Q11,SELECT,15.0949,True
3,23,Procurement,7,Q1,SELECT,111.6245,True
3,23,Procurement,8,Q6,SELECT,33.38,True
3,23,Procurement,9,Q6,SELECT,32.8483,True
3,23,Procurement,10,Q17,SELECT,159.7629,True
3,23,Procurement,11,Q11,SELECT,15.2073,True
3,23,Procurement,12,Q6,SELECT,34.0443,True
3,23,Procurement,13,Q11,SELECT,15.2655,True
3,23,Procurement,14,Q14,SELECT,16.7727,True
3,23,Procurement,15,Q17,SELECT,157.6259,True
3,23,Procurement,16,Q6,SELECT,32.5496,True
3,23,Procurement,17,Q14,SELECT,16.7627,True
3,23,Procurement,18,Q11,SELECT,14.9146,True
3,23,Procurement,19,Q11,SELECT,12.8925,True
3,23,Procurement,20,Q1,SELECT,107.8151,True
3,23,Procurement,21,Q6,SELECT,32.9952,True
3,23,Procurement,22,Q11,SELECT,15.1171,True
3,23,Procurement,23,Q11,SELECT,13.2476,True
3,23,Procurement,24,Q11,SELECT,13.1791,True
3,24,Customer,0,Q3,SELECT,52.4752,True
3,24,Customer,1,U_customer,UPDATE,0.3683,True
3,24,Customer,2,Q3,SELECT,51.883,True
3,24,Customer,3,U_customer,UPDATE,0.3322,True
3,24,Customer,4,Q3,SELECT,51.0249,True
3,24,Customer,5,U_customer,UPDATE,0.6346,True
3,24,Customer,6,Q18,SELECT,263.5902,True
3,24,Customer,7,U_customer,UPDATE,0.4281,True
3,24,Customer,8,Q18,SELECT,263.0683,True
3,24,Customer,9,U_customer,UPDATE,1.3323,True
3,24,Customer,10,Q10,SELECT,28.9532,True
3,24,Customer,11,U_customer,UPDATE,0.402,True
3,24,Customer,12,Q3,SELECT,51.1432,True
3,24,Customer,13,U_customer,UPDATE,0.6355,True
3,24,Customer,14,Q3,SELECT,51.145,True
3,24,Customer,15,U_customer,UPDATE,0.4118,True
3,24,Customer,16,Q3,SELECT,51.3976,True
3,24,Customer,17,U_customer,UPDATE,0.6491,True
3,24,Customer,18,Q5,SELECT,28.8087,True
3,24,Customer,19,U_customer,UPDATE,0.6181,True
3,25,Customer,0,Q10,SELECT,29.2103,True
3,25,Customer,1,U_customer,UPDATE,0.3613,True
3,25,Customer,2,Q10,SELECT,29.4415,True
3,25,Customer,3,U_customer,UPDATE,0.4957,True
3,25,Customer,4,Q10,SELECT,29.5398,True
3,25,Customer,5,U_customer,UPDATE,0.5846,True
3,25,Customer,6,Q18,SELECT,266.0184,True
3,25,Customer,7,U_customer,UPDATE,0.3289,True
3,25,Customer,8,Q10,SELECT,29.1545,True
3,25,Customer,9,U_customer,UPDATE,0.2977,True
3,25,Customer,10,Q5,SELECT,28.4625,True
3,25,Customer,11,U_customer,UPDATE,0.261,True
3,25,Customer,12,Q10,SELECT,28.6188,True
3,25,Customer,13,U_customer,UPDATE,0.5432,True
3,25,Customer,14,Q7,SELECT,33.815,True
3,25,Customer,15,U_customer,UPDATE,0.355,True
3,25,Customer,16,Q10,SELECT,29.2685,True
3,25,Customer,17,U_customer,UPDATE,0.3649,True
3,25,Customer,18,Q7,SELECT,33.4604,True
3,25,Customer,19,U_customer,UPDATE,0.6429,True
3,26,Customer,0,Q18,SELECT,264.4036,True
3,26,Customer,1,U_customer,UPDATE,0.7096,True
3,26,Customer,2,Q18,SELECT,263.7952,True
3,26,Customer,3,U_customer,UPDATE,0.3371,True
3,26,Customer,4,Q10,SELECT,32.8154,True
3,26,Customer,5,U_customer,UPDATE,0.6069,True
3,26,Customer,6,Q3,SELECT,51.7707,True
3,26,Customer,7,U_customer,UPDATE,0.6134,True
3,26,Customer,8,Q18,SELECT,263.8983,True
3,26,Customer,9,U_customer,UPDATE,1.342,True
3,26,Customer,10,Q10,SELECT,29.2965,True
3,26,Customer,11,U_customer,UPDATE,0.4033,True
3,26,Customer,12,Q5,SELECT,28.6157,True
3,26,Customer,13,U_customer,UPDATE,0.3242,True
3,26,Customer,14,Q7,SELECT,33.7242,True
3,26,Customer,15,U_customer,UPDATE,0.4056,True
3,26,Customer,16,Q18,SELECT,264.0963,True
3,26,Customer,17,U_customer,UPDATE,0.6412,True
3,26,Customer,18,Q5,SELECT,28.1475,True
3,26,Customer,19,U_customer,UPDATE,0.5077,True
3,27,Customer,0,Q3,SELECT,52.5517,True
3,27,Customer,1,U_customer,UPDATE,0.2783,True
3,27,Customer,2,Q10,SELECT,29.1013,True
3,27,Customer,3,U_customer,UPDATE,0.5457,True
3,27,Customer,4,Q3,SELECT,50.8974,True
3,27,Customer,5,U_customer,UPDATE,0.3889,True
3,27,Customer,6,Q18,SELECT,264.2333,True
3,27,Customer,7,U_customer,UPDATE,1.2944,True
3,27,Customer,8,Q10,SELECT,28.9806,True
3,27,Customer,9,U_customer,UPDATE,0.5788,True
3,27,Customer,10,Q3,SELECT,51.2792,True
3,27,Customer,11,U_customer,UPDATE,0.709,True
3,27,Customer,12,Q18,SELECT,278.952,True
3,27,Customer,13,U_customer,UPDATE,0.302,True
3,27,Customer,14,Q3,SELECT,50.8302,True
3,27,Customer,15,U_customer,UPDATE,0.2915,True
3,27,Customer,16,Q7,SELECT,34.4526,True
3,27,Customer,17,U_customer,UPDATE,0.5019,True
3,27,Customer,18,Q18,SELECT,263.6885,True
3,27,Customer,19,U_customer,UPDATE,0.7288,True
3,28,Customer,0,Q5,SELECT,27.8994,True
3,28,Customer,1,U_customer,UPDATE,0.4109,True
3,28,Customer,2,Q18,SELECT,264.5978,True
3,28,Customer,3,U_customer,UPDATE,1.2556,True
3,28,Customer,4,Q10,SELECT,30.4196,True
3,28,Customer,5,U_customer,UPDATE,0.6172,True
3,28,Customer,6,Q18,SELECT,263.6419,True
3,28,Customer,7,U_customer,UPDATE,0.4562,True
3,28,Customer,8,Q18,SELECT,264.0974,True
3,28,Customer,9,U_customer,UPDATE,0.3987,True
3,28,Customer,10,Q18,SELECT,263.3047,True
3,28,Customer,11,U_customer,UPDATE,0.4363,True
3,28,Customer,12,Q10,SELECT,28.8353,True
3,28,Customer,13,U_customer,UPDATE,0.9437,True
3,28,Customer,14,Q10,SELECT,29.1035,True
3,28,Customer,15,U_customer,UPDATE,0.3483,True
3,28,Customer,16,Q3,SELECT,52.0598,True
3,28,Customer,17,U_customer,UPDATE,2.7149,True
3,28,Customer,18,Q3,SELECT,51.6326,True
3,28,Customer,19,U_customer,UPDATE,0.4089,True
3,29,Customer,0,Q7,SELECT,34.2517,True
3,29,Customer,1,U_customer,UPDATE,0.6065,True
3,29,Customer,2,Q3,SELECT,52.6474,True
3,29,Customer,3,U_customer,UPDATE,0.4346,True
3,29,Customer,4,Q7,SELECT,34.3213,True
3,29,Customer,5,U_customer,UPDATE,0.5744,True
3,29,Customer,6,Q18,SELECT,268.5079,True
3,29,Customer,7,U_customer,UPDATE,0.5263,True
3,29,Customer,8,Q5,SELECT,28.2553,True
3,29,Customer,9,U_customer,UPDATE,0.2899,True
3,29,Customer,10,Q18,SELECT,264.7171,True
3,29,Customer,11,U_customer,UPDATE,0.4047,True
3,29,Customer,12,Q18,SELECT,263.6405,True
3,29,Customer,13,U_customer,UPDATE,0.7228,True
3,29,Customer,14,Q18,SELECT,263.937,True
3,29,Customer,15,U_customer,UPDATE,0.6917,True
3,29,Customer,16,Q10,SELECT,29.8294,True
3,29,Customer,17,U_customer,UPDATE,0.4355,True
3,29,Customer,18,Q3,SELECT,50.7542,True
3,29,Customer,19,U_customer,UPDATE,0.344,True
3,30,Customer,0,Q5,SELECT,28.5559,True
3,30,Customer,1,U_customer,UPDATE,0.3696,True
3,30,Customer,2,Q10,SELECT,29.8932,True
3,30,Customer,3,U_customer,UPDATE,0.4333,True
3,30,Customer,4,Q18,SELECT,266.7319,True
3,30,Customer,5,U_customer,UPDATE,0.5167,True
3,30,Customer,6,Q10,SELECT,29.2431,True
3,30,Customer,7,U_customer,UPDATE,0.445,True
3,30,Customer,8,Q3,SELECT,50.4898,True
3,30,Customer,9,U_customer,UPDATE,0.4204,True
3,30,Customer,10,Q7,SELECT,34.106,True
3,30,Customer,11,U_customer,UPDATE,0.5766,True
3,30,Customer,12,Q18,SELECT,265.5559,True
3,30,Customer,13,U_customer,UPDATE,0.3855,True
3,30,Customer,14,Q18,SELECT,263.7465,True
3,30,Customer,15,U_customer,UPDATE,0.6686,True
3,30,Customer,16,Q10,SELECT,29.2835,True
3,30,Customer,17,U_customer,UPDATE,0.6035,True
3,30,Customer,18,Q5,SELECT,28.7737,True
3,30,Customer,19,U_customer,UPDATE,0.3271,True
3,31,Customer,0,Q18,SELECT,268.5251,True
3,31,Customer,1,U_customer,UPDATE,1.282,True
3,31,Customer,2,Q10,SELECT,29.1162,True
3,31,Customer,3,U_customer,UPDATE,0.3805,True
3,31,Customer,4,Q18,SELECT,264.6728,True
3,31,Customer,5,U_customer,UPDATE,1.2114,True
3,31,Customer,6,Q3,SELECT,51.6023,True
3,31,Customer,7,U_customer,UPDATE,0.6028,True
3,31,Customer,8,Q7,SELECT,34.3735,True
3,31,Customer,9,U_customer,UPDATE,0.447,True
3,31,Customer,10,Q3,SELECT,51.6317,True
3,31,Customer,11,U_customer,UPDATE,0.4289,True
3,31,Customer,12,Q3,SELECT,51.3568,True
3,31,Customer,13,U_customer,UPDATE,0.4325,True
3,31,Customer,14,Q10,SELECT,29.4953,True
3,31,Customer,15,U_customer,UPDATE,0.6487,True
3,31,Customer,16,Q7,SELECT,34.0639,True
3,31,Customer,17,U_customer,UPDATE,0.4811,True
3,31,Customer,18,Q18,SELECT,264.7594,True
3,31,Customer,19,U_customer,UPDATE,0.7085,True
4,0,Reporting,0,Q4,SELECT,22.0213,True
4,0,Reporting,1,Q14,SELECT,16.2159,True
4,0,Reporting,2,Q4,SELECT,18.8455,True
4,0,Reporting,3,U_orders,UPDATE,0.482,True
4,0,Reporting,4,Q1,SELECT,111.2855,True
4,0,Reporting,5,Q14,SELECT,16.7969,True
4,0,Reporting,6,Q4,SELECT,17.8616,True
4,0,Reporting,7,Q14,SELECT,16.652,True
4,0,Reporting,8,U_orders,UPDATE,0.4222,True
4,0,Reporting,9,Q1,SELECT,110.2482,True
4,0,Reporting,10,Q4,SELECT,18.1636,True
4,0,Reporting,11,U_orders,UPDATE,0.651,True
4,0,Reporting,12,Q14,SELECT,16.3911,True
4,0,Reporting,13,Q14,SELECT,12.5359,True
4,0,Reporting,14,Q6,SELECT,36.2544,True
4,0,Reporting,15,Q1,SELECT,108.4812,True
4,0,Reporting,16,Q14,SELECT,17.0513,True
4,0,Reporting,17,U_orders,UPDATE,0.6927,True
4,0,Reporting,18,Q1,SELECT,108.6757,True
4,0,Reporting,19,Q6,SELECT,32.809,True
4,0,Reporting,20,Q1,SELECT,108.5615,True
4,0,Reporting,21,Q6,SELECT,32.6165,True
4,0,Reporting,22,Q6,SELECT,33.4573,True
4,0,Reporting,23,Q1,SELECT,113.4993,True
4,0,Reporting,24,U_orders,UPDATE,0.7474,True
4,0,Reporting,25,U_orders,UPDATE,0.3442,True
4,0,Reporting,26,Q1,SELECT,107.5918,True
4,0,Reporting,27,Q1,SELECT,111.7618,True
4,0,Reporting,28,Q14,SELECT,16.0009,True
4,0,Reporting,29,Q6,SELECT,37.2096,True
4,1,Reporting,0,U_orders,UPDATE,0.6747,True
4,1,Reporting,1,Q14,SELECT,16.6005,True
4,1,Reporting,2,Q6,SELECT,36.7336,True
4,1,Reporting,3,Q6,SELECT,33.4899,True
4,1,Reporting,4,Q1,SELECT,116.8318,True
4,1,Reporting,5,Q6,SELECT,33.658,True
4,1,Reporting,6,Q14,SELECT,17.178,True
4,1,Reporting,7,Q6,SELECT,32.5952,True
4,1,Reporting,8,U_orders,UPDATE,1.3737,True
4,1,Reporting,9,Q6,SELECT,32.126,True
4,1,Reporting,10,Q1,SELECT,111.8167,True
4,1,Reporting,11,U_orders,UPDATE,1.42,True
4,1,Reporting,12,Q14,SELECT,17.0342,True
4,1,Reporting,13,Q1,SELECT,106.6601,True
4,1,Reporting,14,Q6,SELECT,32.9067,True
4,1,Reporting,15,Q6,SELECT,32.3695,True
4,1,Reporting,16,Q1,SELECT,111.3603,True
4,1,Reporting,17,Q14,SELECT,17.3827,True
4,1,Reporting,18,Q4,SELECT,18.6642,True
4,1,Reporting,19,Q6,SELECT,32.9911,True
4,1,Reporting,20,Q4,SELECT,18.1577,True
4,1,Reporting,21,Q4,SELECT,17.7488,True
4,1,Reporting,22,U_orders,UPDATE,1.1839,True
4,1,Reporting,23,U_orders,UPDATE,0.3947,True
4,1,Reporting,24,Q1,SELECT,110.5578,True
4,1,Reporting,25,Q6,SELECT,33.2291,True
4,1,Reporting,26,U_orders,UPDATE,0.4316,True
4,1,Reporting,27,Q6,SELECT,32.1198,True
4,1,Reporting,28,Q6,SELECT,33.0795,True
4,1,Reporting,29,Q6,SELECT,32.5739,True
4,2,Reporting,0,Q6,SELECT,32.2929,True
4,2,Reporting,1,U_orders,UPDATE,0.713,True
4,2,Reporting,2,Q14,SELECT,17.0586,True
4,2,Reporting,3,Q12,SELECT,48.8029,True
4,2,Reporting,4,Q1,SELECT,107.3131,True
4,2,Reporting,5,Q1,SELECT,109.1434,True
4,2,Reporting,6,U_orders,UPDATE,0.642,True
4,2,Reporting,7,Q1,SELECT,108.6235,True
4,2,Reporting,8,U_orders,UPDATE,1.3869,True
4,2,Reporting,9,Q1,SELECT,110.767,True
4,2,Reporting,10,U_orders,UPDATE,0.7116,True
4,2,Reporting,11,Q12,SELECT,49.366,True
4,2,Reporting,12,Q1,SELECT,110.8623,True
4,2,Reporting,13,Q14,SELECT,16.9476,True
4,2,Reporting,14,Q1,SELECT,107.523,True
4,2,Reporting,15,Q1,SELECT,113.1439,True
4,2,Reporting,16,Q1,SELECT,109.6733,True
4,2,Reporting,17,Q14,SELECT,17.4279,True
4,2,Reporting,18,Q12,SELECT,49.3833,True
4,2,Reporting,19,Q1,SELECT,108.2225,True
4,2,Reporting,20,Q6,SELECT,33.1961,True
4,2,Reporting,21,U_orders,UPDATE,0.6565,True
4,2,Reporting,22,Q12,SELECT,48.0927,True
4,2,Reporting,23,Q6,SELECT,32.7135,True
4,2,Reporting,24,Q1,SELECT,109.0955,True
4,2,Reporting,25,U_orders,UPDATE,1.3638,True
4,2,Reporting,26,Q6,SELECT,32.5629,True
4,2,Reporting,27,Q6,SELECT,32.6523,True
4,2,Reporting,28,Q1,SELECT,109.0917,True
4,2,Reporting,29,Q1,SELECT,109.5742,True
4,3,Reporting,0,Q14,SELECT,17.2772,True
4,3,Reporting,1,Q14,SELECT,11.7757,True
4,3,Reporting,2,Q6,SELECT,34.3764,True
4,3,Reporting,3,Q6,SELECT,33.6471,True
4,3,Reporting,4,Q14,SELECT,16.6418,True
4,3,Reporting,5,Q1,SELECT,110.3563,True
4,3,Reporting,6,Q4,SELECT,19.0794,True
4,3,Reporting,7,Q14,SELECT,16.9611,True
4,3,Reporting,8,Q4,SELECT,17.9134,True
4,3,Reporting,9,Q1,SELECT,109.6705,True
4,3,Reporting,10,U_orders,UPDATE,0.6476,True
4,3,Reporting,11,U_orders,UPDATE,0.4421,True
4,3,Reporting,12,U_orders,UPDATE,0.3491,True
4,3,Reporting,13,Q1,SELECT,111.6739,True
4,3,Reporting,14,Q1,SELECT,110.1896,True
4,3,Reporting,15,Q4,SELECT,18.5163,True
4,3,Reporting,16,U_orders,UPDATE,0.6288,True
4,3,Reporting,17,Q1,SELECT,107.058,True
4,3,Reporting,18,Q1,SELECT,107.5706,True
4,3,Reporting,19,Q1,SELECT,108.6231,True
4,3,Reporting,20,Q6,SELECT,32.554,True
4,3,Reporting,21,U_orders,UPDATE,0.6397,True
4,3,Reporting,22,Q14,SELECT,16.1847,True
4,3,Reporting,23,Q12,SELECT,48.6328,True
4,3,Reporting,24,Q1,SELECT,107.3921,True
4,3,Reporting,25,Q1,SELECT,109.9117,True
4,3,Reporting,26,Q12,SELECT,48.8398,True
4,3,Reporting,27,Q6,SELECT,32.4325,True
4,3,Reporting,28,Q14,SELECT,17.5276,True
4,3,Reporting,29,U_orders,UPDATE,1.3292,True
4,4,Reporting,0,Q6,SELECT,32.6058,True
4,4,Reporting,1,Q1,SELECT,111.2791,True
4,4,Reporting,2,Q14,SELECT,17.1388,True
4,4,Reporting,3,Q1,SELECT,107.4411,True
4,4,Reporting,4,Q1,SELECT,108.6155,True
4,4,Reporting,5,Q14,SELECT,16.5895,True
4,4,Reporting,6,Q1,SELECT,107.8249,True
4,4,Reporting,7,Q1,SELECT,109.4508,True
4,4,Reporting,8,Q6,SELECT,32.621,True
4,4,Reporting,9,U_orders,UPDATE,1.3628,True
4,4,Reporting,10,Q1,SELECT,110.955,True
4,4,Reporting,11,U_orders,UPDATE,0.7215,True
4,4,Reporting,12,Q1,SELECT,110.7142,True
4,4,Reporting,13,Q6,SELECT,32.5175,True
4,4,Reporting,14,U_orders,UPDATE,0.7456,True
4,4,Reporting,15,U_orders,UPDATE,0.2189,True
4,4,Reporting,16,Q6,SELECT,32.1197,True
4,4,Reporting,17,Q1,SELECT,110.4645,True
4,4,Reporting,18,Q6,SELECT,32.4302,True
4,4,Reporting,19,Q1,SELECT,108.164,True
4,4,Reporting,20,Q6,SELECT,33.2591,True
4,4,Reporting,21,U_orders,UPDATE,0.617,True
4,4,Reporting,22,Q6,SELECT,32.9503,True
4,4,Reporting,23,Q1,SELECT,109.6219,True
4,4,Reporting,24,Q6,SELECT,32.4859,True
4,4,Reporting,25,Q14,SELECT,16.6266,True
4,4,Reporting,26,U_orders,UPDATE,0.6852,True
4,4,Reporting,27,Q14,SELECT,13.1021,True
4,4,Reporting,28,Q6,SELECT,32.1293,True
4,4,Reporting,29,Q14,SELECT,16.6573,True
4,5,Reporting,0,Q1,SELECT,106.866,True
4,5,Reporting,1,Q6,SELECT,32.8646,True
4,5,Reporting,2,Q4,SELECT,17.9204,True
4,5,Reporting,3,Q14,SELECT,16.58,True
4,5,Reporting,4,Q1,SELECT,108.7697,True
4,5,Reporting,5,U_orders,UPDATE,0.7447,True
4,5,Reporting,6,Q1,SELECT,106.9961,True
4,5,Reporting,7,Q14,SELECT,17.0717,True
4,5,Reporting,8,Q1,SELECT,109.8452,True
4,5,Reporting,9,Q1,SELECT,112.1327,True
4,5,Reporting,10,Q1,SELECT,107.1066,True
4,5,Reporting,11,Q6,SELECT,32.7852,True
4,5,Reporting,12,Q6,SELECT,32.159,True
4,5,Reporting,13,Q14,SELECT,16.3091,True
4,5,Reporting,14,Q1,SELECT,108.2903,True
4,5,Reporting,15,Q6,SELECT,32.2662,True
4,5,Reporting,16,Q4,SELECT,18.1584,True
4,5,Reporting,17,U_orders,UPDATE,0.7245,True
4,5,Reporting,18,U_orders,UPDATE,0.2599,True
4,5,Reporting,19,Q1,SELECT,106.3563,True
4,5,Reporting,20,U_orders,UPDATE,0.7205,True
4,5,Reporting,21,Q14,SELECT,17.3862,True
4,5,Reporting,22,Q1,SELECT,107.5205,True
4,5,Reporting,23,Q1,SELECT,105.8915,True
4,5,Reporting,24,Q1,SELECT,111.3629,True
4,5,Reporting,25,Q6,SELECT,32.2761,True
4,5,Reporting,26,U_orders,UPDATE,1.3624,True
4,5,Reporting,27,Q6,SELECT,33.3472,True
4,5,Reporting,28,Q4,SELECT,19.1377,True
4,5,Reporting,29,U_orders,UPDATE,0.5848,True
4,6,Reporting,0,U_orders,UPDATE,0.5902,True
4,6,Reporting,1,Q1,SELECT,109.9821,True
4,6,Reporting,2,Q6,SELECT,32.8595,True
4,6,Reporting,3,U_orders,UPDATE,1.3561,True
4,6,Reporting,4,Q6,SELECT,31.8658,True
4,6,Reporting,5,Q12,SELECT,48.8747,True
4,6,Reporting,6,Q6,SELECT,32.4255,True
4,6,Reporting,7,Q1,SELECT,113.4566,True
4,6,Reporting,8,Q12,SELECT,49.7773,True
4,6,Reporting,9,U_orders,UPDATE,1.2228,True
4,6,Reporting,10,Q6,SELECT,32.982,True
4,6,Reporting,11,Q12,SELECT,49.0765,True
4,6,Reporting,12,Q14,SELECT,16.7902,True
4,6,Reporting,13,Q1,SELECT,106.8173,True
4,6,Reporting,14,Q14,SELECT,17.0205,True
4,6,Reporting,15,U_orders,UPDATE,1.3395,True
4,6,Reporting,16,Q1,SELECT,109.549,True
4,6,Reporting,17,Q4,SELECT,19.3707,True
4,6,Reporting,18,U_orders,UPDATE,1.1692,True
4,6,Reporting,19,Q1,SELECT,110.1823,True
4,6,Reporting,20,Q6,SELECT,33.2066,True
4,6,Reporting,21,Q1,SELECT,108.1591,True
4,6,Reporting,22,Q6,SELECT,32.4218,True
4,6,Reporting,23,Q6,SELECT,34.0546,True
4,6,Reporting,24,Q14,SELECT,16.4712,True
4,6,Reporting,25,Q12,SELECT,49.257,True
4,6,Reporting,26,U_orders,UPDATE,0.6383,True
4,6,Reporting,27,Q1,SELECT,110.7783,True
4,6,Reporting,28,Q1,SELECT,113.7879,True
4,6,Reporting,29,Q6,SELECT,33.0985,True
4,7,Reporting,0,Q12,SELECT,49.3546,True
4,7,Reporting,1,Q6,SELECT,33.5628,True
4,7,Reporting,2,Q4,SELECT,18.1402,True
4,7,Reporting,3,Q1,SELECT,109.4493,True
4,7,Reporting,4,U_orders,UPDATE,0.6637,True
4,7,Reporting,5,Q6,SELECT,32.7596,True
4,7,Reporting,6,U_orders,UPDATE,0.3849,True
4,7,Reporting,7,U_orders,UPDATE,0.24,True
4,7,Reporting,8,Q12,SELECT,48.4653,True
4,7,Reporting,9,Q6,SELECT,33.1233,True
4,7,Reporting,10,Q6,SELECT,32.1352,True
4,7,Reporting,11,Q1,SELECT,107.9934,True
4,7,Reporting,12,Q1,SELECT,110.054,True
4,7,Reporting,13,Q12,SELECT,49.5037,True
4,7,Reporting,14,Q1,SELECT,111.1379,True
4,7,Reporting,15,Q6,SELECT,32.4563,True
4,7,Reporting,16,U_orders,UPDATE,0.712,True
4,7,Reporting,17,Q1,SELECT,109.6266,True
4,7,Reporting,18,Q1,SELECT,105.7482,True
4,7,Reporting,19,Q12,SELECT,48.3175,True
4,7,Reporting,20,Q12,SELECT,48.7151,True
4,7,Reporting,21,Q14,SELECT,16.7168,True
4,7,Reporting,22,Q14,SELECT,16.1103,True
4,7,Reporting,23,Q6,SELECT,32.3122,True
4,7,Reporting,24,Q6,SELECT,33.0239,True
4,7,Reporting,25,Q6,SELECT,32.6505,True
4,7,Reporting,26,Q1,SELECT,117.7078,True
4,7,Reporting,27,U_orders,UPDATE,0.4307,True
4,7,Reporting,28,Q6,SELECT,32.6637,True
4,7,Reporting,29,U_orders,UPDATE,0.425,True
4,8,JoinHeavy,0,Q3,SELECT,51.7215,True
4,8,JoinHeavy,1,Q7,SELECT,34.1841,True
4,8,JoinHeavy,2,Q3,SELECT,51.061,True
4,8,JoinHeavy,3,Q7,SELECT,34.9,True
4,8,JoinHeavy,4,Q5,SELECT,29.0224,True
4,8,JoinHeavy,5,Q10,SELECT,29.7759,True
4,8,JoinHeavy,6,Q7,SELECT,33.9208,True
4,8,JoinHeavy,7,Q7,SELECT,34.0145,True
4,8,JoinHeavy,8,Q3,SELECT,50.7933,True
4,8,JoinHeavy,9,Q10,SELECT,29.1597,True
4,8,JoinHeavy,10,Q3,SELECT,51.439,True
4,8,JoinHeavy,11,Q10,SELECT,29.543,True
4,8,JoinHeavy,12,Q5,SELECT,28.9975,True
4,8,JoinHeavy,13,Q3,SELECT,51.22,True
4,8,JoinHeavy,14,Q18,SELECT,266.6854,True
4,8,JoinHeavy,15,Q7,SELECT,33.6563,True
4,8,JoinHeavy,16,Q3,SELECT,51.8611,True
4,8,JoinHeavy,17,Q7,SELECT,33.7663,True
4,8,JoinHeavy,18,Q5,SELECT,28.9125,True
4,8,JoinHeavy,19,Q5,SELECT,26.052,True
4,8,JoinHeavy,20,Q10,SELECT,28.734,True
4,8,JoinHeavy,21,Q10,SELECT,29.3065,True
4,8,JoinHeavy,22,I_customer,INSERT,0.8687,True
4,8,JoinHeavy,23,I_customer,INSERT,0.4921,True
4,8,JoinHeavy,24,I_customer,INSERT,0.2244,True
4,8,JoinHeavy,25,I_customer,INSERT,0.2292,True
4,8,JoinHeavy,26,I_customer,INSERT,0.217,True
4,8,JoinHeavy,27,I_customer,INSERT,0.2147,True
4,8,JoinHeavy,28,I_customer,INSERT,0.3885,True
4,8,JoinHeavy,29,I_customer,INSERT,0.299,True
4,8,JoinHeavy,30,I_customer,INSERT,0.2408,True
4,8,JoinHeavy,31,I_customer,INSERT,0.2588,True
4,8,JoinHeavy,32,I_customer,INSERT,0.14,True
4,8,JoinHeavy,33,I_customer,INSERT,0.1377,True
4,8,JoinHeavy,34,I_customer,INSERT,0.1328,True
4,8,JoinHeavy,35,I_customer,INSERT,0.1297,True
4,8,JoinHeavy,36,I_customer,INSERT,0.1442,True
4,8,JoinHeavy,37,I_customer,INSERT,0.2085,True
4,8,JoinHeavy,38,I_customer,INSERT,0.2105,True
4,8,JoinHeavy,39,I_customer,INSERT,0.1834,True
4,9,JoinHeavy,0,Q10,SELECT,29.0446,True
4,9,JoinHeavy,1,Q5,SELECT,28.888,True
4,9,JoinHeavy,2,Q7,SELECT,33.9809,True
4,9,JoinHeavy,3,Q5,SELECT,28.5936,True
4,9,JoinHeavy,4,Q7,SELECT,34.312,True
4,9,JoinHeavy,5,Q10,SELECT,29.1115,True
4,9,JoinHeavy,6,Q3,SELECT,52.0532,True
4,9,JoinHeavy,7,Q5,SELECT,29.3607,True
4,9,JoinHeavy,8,Q18,SELECT,265.4086,True
4,9,JoinHeavy,9,Q7,SELECT,33.2312,True
4,9,JoinHeavy,10,Q5,SELECT,28.1514,True
4,9,JoinHeavy,11,Q3,SELECT,51.3308,True
4,9,JoinHeavy,12,Q5,SELECT,29.2395,True
4,9,JoinHeavy,13,Q3,SELECT,51.6565,True
4,9,JoinHeavy,14,Q10,SELECT,29.0243,True
4,9,JoinHeavy,15,Q18,SELECT,263.4243,True
4,9,JoinHeavy,16,Q7,SELECT,33.3818,True
4,9,JoinHeavy,17,Q3,SELECT,51.7828,True
4,9,JoinHeavy,18,Q3,SELECT,50.9083,True
4,9,JoinHeavy,19,Q10,SELECT,29.7253,True
4,9,JoinHeavy,20,Q10,SELECT,29.3055,True
4,9,JoinHeavy,21,Q5,SELECT,29.0102,True
4,9,JoinHeavy,22,I_customer,INSERT,0.5901,True
4,9,JoinHeavy,23,I_customer,INSERT,0.1767,True
4,9,JoinHeavy,24,I_customer,INSERT,0.1553,True
4,9,JoinHeavy,25,I_customer,INSERT,0.152,True
4,9,JoinHeavy,26,I_customer,INSERT,0.159,True
4,9,JoinHeavy,27,I_customer,INSERT,0.119,True
4,9,JoinHeavy,28,I_customer,INSERT,0.1308,True
4,9,JoinHeavy,29,I_customer,INSERT,0.1202,True
4,9,JoinHeavy,30,I_customer,INSERT,0.1479,True
4,9,JoinHeavy,31,I_customer,INSERT,0.1357,True
4,9,JoinHeavy,32,I_customer,INSERT,0.1188,True
4,9,JoinHeavy,33,I_customer,INSERT,0.1362,True
4,9,JoinHeavy,34,I_customer,INSERT,0.1372,True
4,9,JoinHeavy,35,I_customer,INSERT,0.1249,True
4,9,JoinHeavy,36,I_customer,INSERT,0.1209,True
4,9,JoinHeavy,37,I_customer,INSERT,0.1209,True
4,9,JoinHeavy,38,I_customer,INSERT,0.1202,True
4,9,JoinHeavy,39,I_customer,INSERT,0.1139,True
4,10,JoinHeavy,0,Q7,SELECT,34.709,True
4,10,JoinHeavy,1,Q5,SELECT,29.4235,True
4,10,JoinHeavy,2,Q7,SELECT,34.4336,True
4,10,JoinHeavy,3,Q3,SELECT,50.4237,True
4,10,JoinHeavy,4,Q5,SELECT,29.2618,True
4,10,JoinHeavy,5,Q3,SELECT,51.4021,True
4,10,JoinHeavy,6,Q10,SELECT,29.5613,True
4,10,JoinHeavy,7,Q3,SELECT,51.1773,True
4,10,JoinHeavy,8,Q3,SELECT,51.6074,True
4,10,JoinHeavy,9,Q7,SELECT,33.907,True
4,10,JoinHeavy,10,Q3,SELECT,51.1194,True
4,10,JoinHeavy,11,Q3,SELECT,51.3062,True
4,10,JoinHeavy,12,Q5,SELECT,29.5184,True
4,10,JoinHeavy,13,Q5,SELECT,25.7364,True
4,10,JoinHeavy,14,Q3,SELECT,51.1706,True
4,10,JoinHeavy,15,Q3,SELECT,51.378,True
4,10,JoinHeavy,16,Q7,SELECT,33.8587,True
4,10,JoinHeavy,17,Q5,SELECT,28.515,True
4,10,JoinHeavy,18,Q5,SELECT,28.2851,True
4,10,JoinHeavy,19,Q18,SELECT,263.6861,True
4,10,JoinHeavy,20,Q7,SELECT,34.2442,True
4,10,JoinHeavy,21,Q7,SELECT,33.9544,True
4,10,JoinHeavy,22,I_customer,INSERT,0.5601,True
4,10,JoinHeavy,23,I_customer,INSERT,0.2863,True
4,10,JoinHeavy,24,I_customer,INSERT,0.24,True
4,10,JoinHeavy,25,I_customer,INSERT,0.2207,True
4,10,JoinHeavy,26,I_customer,INSERT,0.2235,True
4,10,JoinHeavy,27,I_customer,INSERT,0.2184,True
4,10,JoinHeavy,28,I_customer,INSERT,0.2187,True
4,10,JoinHeavy,29,I_customer,INSERT,0.2141,True
4,10,JoinHeavy,30,I_customer,INSERT,0.2119,True
4,10,JoinHeavy,31,I_customer,INSERT,0.2055,True
4,10,JoinHeavy,32,I_customer,INSERT,0.1738,True
4,10,JoinHeavy,33,I_customer,INSERT,0.1567,True
4,10,JoinHeavy,34,I_customer,INSERT,0.1679,True
4,10,JoinHeavy,35,I_customer,INSERT,0.199,True
4,10,JoinHeavy,36,I_customer,INSERT,0.1606,True
4,10,JoinHeavy,37,I_customer,INSERT,0.166,True
4,10,JoinHeavy,38,I_customer,INSERT,0.1514,True
4,10,JoinHeavy,39,I_customer,INSERT,0.1817,True
4,11,JoinHeavy,0,Q7,SELECT,33.8992,True
4,11,JoinHeavy,1,Q10,SELECT,29.4983,True
4,11,JoinHeavy,2,Q5,SELECT,29.0157,True
4,11,JoinHeavy,3,Q5,SELECT,28.5127,True
4,11,JoinHeavy,4,Q7,SELECT,34.1215,True
4,11,JoinHeavy,5,Q7,SELECT,33.4785,True
4,11,JoinHeavy,6,Q7,SELECT,34.5062,True
4,11,JoinHeavy,7,Q5,SELECT,28.9713,True
4,11,JoinHeavy,8,Q10,SELECT,29.0433,True
4,11,JoinHeavy,9,Q10,SELECT,29.1183,True
4,11,JoinHeavy,10,Q3,SELECT,51.8685,True
4,11,JoinHeavy,11,Q3,SELECT,51.5453,True
4,11,JoinHeavy,12,Q7,SELECT,34.6805,True
4,11,JoinHeavy,13,Q5,SELECT,29.2579,True
4,11,JoinHeavy,14,Q10,SELECT,28.8168,True
4,11,JoinHeavy,15,Q3,SELECT,51.5741,True
4,11,JoinHeavy,16,Q5,SELECT,29.3701,True
4,11,JoinHeavy,17,Q10,SELECT,29.7429,True
4,11,JoinHeavy,18,Q7,SELECT,34.0413,True
4,11,JoinHeavy,19,Q7,SELECT,33.8967,True
4,11,JoinHeavy,20,Q5,SELECT,28.8656,True
4,11,JoinHeavy,21,Q3,SELECT,51.0247,True
4,11,JoinHeavy,22,I_customer,INSERT,0.7088,True
4,11,JoinHeavy,23,I_customer,INSERT,0.243,True
4,11,JoinHeavy,24,I_customer,INSERT,0.222,True
4,11,JoinHeavy,25,I_customer,INSERT,0.2175,True
4,11,JoinHeavy,26,I_customer,INSERT,0.2114,True
4,11,JoinHeavy,27,I_customer,INSERT,0.208,True
4,11,JoinHeavy,28,I_customer,INSERT,0.2087,True
4,11,JoinHeavy,29,I_customer,INSERT,0.2211,True
4,11,JoinHeavy,30,I_customer,INSERT,0.2225,True
4,11,JoinHeavy,31,I_customer,INSERT,0.467,True
4,11,JoinHeavy,32,I_customer,INSERT,0.2128,True
4,11,JoinHeavy,33,I_customer,INSERT,0.2234,True
4,11,JoinHeavy,34,I_customer,INSERT,0.2486,True
4,11,JoinHeavy,35,I_customer,INSERT,0.2086,True
4,11,JoinHeavy,36,I_customer,INSERT,0.1976,True
4,11,JoinHeavy,37,I_customer,INSERT,0.2007,True
4,11,JoinHeavy,38,I_customer,INSERT,0.202,True
4,11,JoinHeavy,39,I_customer,INSERT,0.2062,True
4,12,JoinHeavy,0,Q5,SELECT,29.076,True
4,12,JoinHeavy,1,Q7,SELECT,35.3036,True
4,12,JoinHeavy,2,Q5,SELECT,29.1896,True
4,12,JoinHeavy,3,Q3,SELECT,51.577,True
4,12,JoinHeavy,4,Q5,SELECT,29.1682,True
4,12,JoinHeavy,5,Q18,SELECT,268.9899,True
4,12,JoinHeavy,6,Q10,SELECT,29.265,True
4,12,JoinHeavy,7,Q7,SELECT,34.3902,True
4,12,JoinHeavy,8,Q7,SELECT,33.7137,True
4,12,JoinHeavy,9,Q10,SELECT,28.7407,True
4,12,JoinHeavy,10,Q5,SELECT,28.879,True
4,12,JoinHeavy,11,Q5,SELECT,26.4511,True
4,12,JoinHeavy,12,Q18,SELECT,262.0591,True
4,12,JoinHeavy,13,Q3,SELECT,50.7917,True
4,12,JoinHeavy,14,Q7,SELECT,34.4498,True
4,12,JoinHeavy,15,Q5,SELECT,28.7205,True
4,12,JoinHeavy,16,Q7,SELECT,33.8763,True
4,12,JoinHeavy,17,Q5,SELECT,28.5749,True
4,12,JoinHeavy,18,Q7,SELECT,33.8198,True
4,12,JoinHeavy,19,Q18,SELECT,265.3677,True
4,12,JoinHeavy,20,Q7,SELECT,33.6322,True
4,12,JoinHeavy,21,Q3,SELECT,51.638,True
4,12,JoinHeavy,22,I_customer,INSERT,0.4439,True
4,12,JoinHeavy,23,I_customer,INSERT,0.2351,True
4,12,JoinHeavy,24,I_customer,INSERT,0.2197,True
4,12,JoinHeavy,25,I_customer,INSERT,0.2309,True
4,12,JoinHeavy,26,I_customer,INSERT,0.2093,True
4,12,JoinHeavy,27,I_customer,INSERT,0.2068,True
4,12,JoinHeavy,28,I_customer,INSERT,0.231,True
4,12,JoinHeavy,29,I_customer,INSERT,0.2543,True
4,12,JoinHeavy,30,I_customer,INSERT,0.2093,True
4,12,JoinHeavy,31,I_customer,INSERT,0.1968,True
4,12,JoinHeavy,32,I_customer,INSERT,0.1799,True
4,12,JoinHeavy,33,I_customer,INSERT,0.1392,True
4,12,JoinHeavy,34,I_customer,INSERT,0.1382,True
4,12,JoinHeavy,35,I_customer,INSERT,0.141,True
4,12,JoinHeavy,36,I_customer,INSERT,0.1514,True
4,12,JoinHeavy,37,I_customer,INSERT,0.1667,True
4,12,JoinHeavy,38,I_customer,INSERT,0.1457,True
4,12,JoinHeavy,39,I_customer,INSERT,0.1396,True
4,13,JoinHeavy,0,Q5,SELECT,28.429,True
4,13,JoinHeavy,1,Q7,SELECT,35.8296,True
4,13,JoinHeavy,2,Q10,SELECT,29.4508,True
4,13,JoinHeavy,3,Q3,SELECT,52.4832,True
4,13,JoinHeavy,4,Q5,SELECT,28.6296,True
4,13,JoinHeavy,5,Q18,SELECT,264.9831,True
4,13,JoinHeavy,6,Q18,SELECT,264.1405,True
4,13,JoinHeavy,7,Q7,SELECT,33.5954,True
4,13,JoinHeavy,8,Q7,SELECT,33.2295,True
4,13,JoinHeavy,9,Q7,SELECT,34.1984,True
4,13,JoinHeavy,10,Q7,SELECT,34.0873,True
4,13,JoinHeavy,11,Q3,SELECT,57.5535,True
4,13,JoinHeavy,12,Q3,SELECT,55.1516,True
4,13,JoinHeavy,13,Q10,SELECT,28.3554,True
4,13,JoinHeavy,14,Q7,SELECT,34.8624,True
4,13,JoinHeavy,15,Q7,SELECT,34.5499,True
4,13,JoinHeavy,16,Q7,SELECT,33.5301,True
4,13,JoinHeavy,17,Q3,SELECT,51.5565,True
4,13,JoinHeavy,18,Q3,SELECT,51.3787,True
4,13,JoinHeavy,19,Q10,SELECT,29.7041,True
4,13,JoinHeavy,20,Q10,SELECT,29.0282,True
4,13,JoinHeavy,21,Q10,SELECT,29.1183,True
4,13,JoinHeavy,22,I_customer,INSERT,0.8468,True
4,13,JoinHeavy,23,I_customer,INSERT,0.256,True
4,13,JoinHeavy,24,I_customer,INSERT,0.2639,True
4,13,JoinHeavy,25,I_customer,INSERT,0.2228,True
4,13,JoinHeavy,26,I_customer,INSERT,0.2154,True
4,13,JoinHeavy,27,I_customer,INSERT,0.218,True
4,13,JoinHeavy,28,I_customer,INSERT,0.2084,True
4,13,JoinHeavy,29,I_customer,INSERT,0.2099,True
4,13,JoinHeavy,30,I_customer,INSERT,0.2057,True
4,13,JoinHeavy,31,I_customer,INSERT,0.2082,True
4,13,JoinHeavy,32,I_customer,INSERT,0.2116,True
4,13,JoinHeavy,33,I_customer,INSERT,0.205,True
4,13,JoinHeavy,34,I_customer,INSERT,0.2021,True
4,13,JoinHeavy,35,I_customer,INSERT,0.2002,True
4,13,JoinHeavy,36,I_customer,INSERT,0.1522,True
4,13,JoinHeavy,37,I_customer,INSERT,0.176,True
4,13,JoinHeavy,38,I_customer,INSERT,0.1462,True
4,13,JoinHeavy,39,I_customer,INSERT,0.1451,True
4,14,JoinHeavy,0,Q7,SELECT,33.7327,True
4,14,JoinHeavy,1,Q7,SELECT,34.4273,True
4,14,JoinHeavy,2,Q10,SELECT,28.9516,True
4,14,JoinHeavy,3,Q18,SELECT,266.9878,True
4,14,JoinHeavy,4,Q7,SELECT,34.5363,True
4,14,JoinHeavy,5,Q5,SELECT,28.6188,True
4,14,JoinHeavy,6,Q3,SELECT,51.3808,True
4,14,JoinHeavy,7,Q7,SELECT,33.8167,True
4,14,JoinHeavy,8,Q10,SELECT,29.0366,True
4,14,JoinHeavy,9,Q10,SELECT,28.8558,True
4,14,JoinHeavy,10,Q5,SELECT,28.5489,True
4,14,JoinHeavy,11,Q18,SELECT,263.2791,True
4,14,JoinHeavy,12,Q7,SELECT,34.7546,True
4,14,JoinHeavy,13,Q5,SELECT,28.8704,True
4,14,JoinHeavy,14,Q7,SELECT,34.2572,True
4,14,JoinHeavy,15,Q18,SELECT,264.565,True
4,14,JoinHeavy,16,Q10,SELECT,31.0139,True
4,14,JoinHeavy,17,Q5,SELECT,28.65,True
4,14,JoinHeavy,18,Q10,SELECT,29.6823,True
4,14,JoinHeavy,19,Q3,SELECT,52.3419,True
4,14,JoinHeavy,20,Q18,SELECT,264.84,True
4,14,JoinHeavy,21,Q5,SELECT,28.7363,True
4,14,JoinHeavy,22,I_customer,INSERT,0.2593,True
4,14,JoinHeavy,23,I_customer,INSERT,0.1705,True
4,14,JoinHeavy,24,I_customer,INSERT,0.1484,True
4,14,JoinHeavy,25,I_customer,INSERT,0.1331,True
4,14,JoinHeavy,26,I_customer,INSERT,0.1103,True
4,14,JoinHeavy,27,I_customer,INSERT,0.1159,True
4,14,JoinHeavy,28,I_customer,INSERT,0.1182,True
4,14,JoinHeavy,29,I_customer,INSERT,0.111,True
4,14,JoinHeavy,30,I_customer,INSERT,0.1172,True
4,14,JoinHeavy,31,I_customer,INSERT,0.1265,True
4,14,JoinHeavy,32,I_customer,INSERT,0.1285,True
4,14,JoinHeavy,33,I_customer,INSERT,0.2862,True
4,14,JoinHeavy,34,I_customer,INSERT,0.1275,True
4,14,JoinHeavy,35,I_customer,INSERT,0.1238,True
4,14,JoinHeavy,36,I_customer,INSERT,0.1245,True
4,14,JoinHeavy,37,I_customer,INSERT,0.1373,True
4,14,JoinHeavy,38,I_customer,INSERT,0.1166,True
4,14,JoinHeavy,39,I_customer,INSERT,0.1085,True
4,15,JoinHeavy,0,Q18,SELECT,267.2008,True
4,15,JoinHeavy,1,Q18,SELECT,264.5415,True
4,15,JoinHeavy,2,Q10,SELECT,29.54,True
4,15,JoinHeavy,3,Q3,SELECT,51.0763,True
4,15,JoinHeavy,4,Q5,SELECT,29.0297,True
4,15,JoinHeavy,5,Q10,SELECT,29.483,True
4,15,JoinHeavy,6,Q7,SELECT,34.3376,True
4,15,JoinHeavy,7,Q3,SELECT,51.9859,True
4,15,JoinHeavy,8,Q5,SELECT,29.0367,True
4,15,JoinHeavy,9,Q10,SELECT,29.4628,True
4,15,JoinHeavy,10,Q18,SELECT,264.5643,True
4,15,JoinHeavy,11,Q3,SELECT,51.1943,True
4,15,JoinHeavy,12,Q7,SELECT,33.841,True
4,15,JoinHeavy,13,Q5,SELECT,28.4399,True
4,15,JoinHeavy,14,Q10,SELECT,29.2835,True
4,15,JoinHeavy,15,Q3,SELECT,52.0162,True
4,15,JoinHeavy,16,Q3,SELECT,52.4087,True
4,15,JoinHeavy,17,Q7,SELECT,34.2473,True
4,15,JoinHeavy,18,Q7,SELECT,33.5,True
4,15,JoinHeavy,19,Q10,SELECT,28.8439,True
4,15,JoinHeavy,20,Q18,SELECT,264.9978,True
4,15,JoinHeavy,21,Q18,SELECT,262.1782,True
4,15,JoinHeavy,22,I_customer,INSERT,0.4866,True
4,15,JoinHeavy,23,I_customer,INSERT,0.2531,True
4,15,JoinHeavy,24,I_customer,INSERT,0.2322,True
4,15,JoinHeavy,25,I_customer,INSERT,0.2263,True
4,15,JoinHeavy,26,I_customer,INSERT,0.2199,True
4,15,JoinHeavy,27,I_customer,INSERT,0.2166,True
4,15,JoinHeavy,28,I_customer,INSERT,0.2146,True
4,15,JoinHeavy,29,I_customer,INSERT,0.2138,True
4,15,JoinHeavy,30,I_customer,INSERT,0.2105,True
4,15,JoinHeavy,31,I_customer,INSERT,0.2091,True
4,15,JoinHeavy,32,I_customer,INSERT,0.2129,True
4,15,JoinHeavy,33,I_customer,INSERT,0.2326,True
4,15,JoinHeavy,34,I_customer,INSERT,0.2248,True
4,15,JoinHeavy,35,I_customer,INSERT,0.215,True
4,15,JoinHeavy,36,I_customer,INSERT,0.2125,True
4,15,JoinHeavy,37,I_customer,INSERT,0.1585,True
4,15,JoinHeavy,38,I_customer,INSERT,0.1532,True
4,15,JoinHeavy,39,I_customer,INSERT,0.1795,True
4,16,Procurement,0,D_orders,DELETE,0.189,True
4,16,Procurement,1,D_orders,DELETE,0.1412,True
4,16,Procurement,2,D_orders,DELETE,0.0837,True
4,16,Procurement,3,D_orders,DELETE,0.0929,True
4,16,Procurement,4,Q1,SELECT,108.924,True
4,16,Procurement,5,Q11,SELECT,15.9121,True
4,16,Procurement,6,Q6,SELECT,32.7835,True
4,16,Procurement,7,Q17,SELECT,157.7179,True
4,16,Procurement,8,Q1,SELECT,112.2658,True
4,16,Procurement,9,Q11,SELECT,15.8409,True
4,16,Procurement,10,Q17,SELECT,154.8768,True
4,16,Procurement,11,Q11,SELECT,15.5717,True
4,16,Procurement,12,Q6,SELECT,32.164,True
4,16,Procurement,13,Q1,SELECT,110.5694,True
4,16,Procurement,14,Q14,SELECT,17.3557,True
4,16,Procurement,15,Q14,SELECT,12.2562,True
4,16,Procurement,16,Q6,SELECT,32.0156,True
4,16,Procurement,17,Q11,SELECT,15.3534,True
4,16,Procurement,18,Q6,SELECT,33.2888,True
4,16,Procurement,19,Q6,SELECT,32.1252,True
4,16,Procurement,20,Q11,SELECT,15.1284,True
4,16,Procurement,21,Q11,SELECT,13.7533,True
4,16,Procurement,22,Q17,SELECT,156.246,True
4,16,Procurement,23,Q11,SELECT,15.541,True
4,16,Procurement,24,Q17,SELECT,154.3748,True
4,17,Procurement,0,D_orders,DELETE,0.7058,True
4,17,Procurement,1,D_orders,DELETE,0.2121,True
4,17,Procurement,2,D_orders,DELETE,0.1142,True
4,17,Procurement,3,D_orders,DELETE,0.3821,True
4,17,Procurement,4,Q11,SELECT,15.1702,True
4,17,Procurement,5,Q11,SELECT,13.128,True
4,17,Procurement,6,Q17,SELECT,160.0468,True
4,17,Procurement,7,Q14,SELECT,17.136,True
4,17,Procurement,8,Q17,SELECT,156.4204,True
4,17,Procurement,9,Q14,SELECT,16.7956,True
4,17,Procurement,10,Q11,SELECT,15.3551,True
4,17,Procurement,11,Q14,SELECT,16.0328,True
4,17,Procurement,12,Q1,SELECT,110.7862,True
4,17,Procurement,13,Q17,SELECT,158.7161,True
4,17,Procurement,14,Q11,SELECT,15.7842,True
4,17,Procurement,15,Q17,SELECT,155.9468,True
4,17,Procurement,16,Q14,SELECT,16.6146,True
4,17,Procurement,17,Q14,SELECT,15.409,True
4,17,Procurement,18,Q11,SELECT,15.553,True
4,17,Procurement,19,Q6,SELECT,32.8099,True
4,17,Procurement,20,Q17,SELECT,156.1116,True
4,17,Procurement,21,Q1,SELECT,109.7008,True
4,17,Procurement,22,Q11,SELECT,15.3086,True
4,17,Procurement,23,Q17,SELECT,155.1316,True
4,17,Procurement,24,Q1,SELECT,108.0829,True
4,18,Procurement,0,D_orders,DELETE,0.4289,True
4,18,Procurement,1,D_orders,DELETE,0.1431,True
4,18,Procurement,2,D_orders,DELETE,0.2298,True
4,18,Procurement,3,D_orders,DELETE,0.1829,True
4,18,Procurement,4,Q17,SELECT,157.3699,True
4,18,Procurement,5,Q11,SELECT,15.2246,True
4,18,Procurement,6,Q17,SELECT,158.1019,True
4,18,Procurement,7,Q11,SELECT,15.6363,True
4,18,Procurement,8,Q11,SELECT,13.7724,True
4,18,Procurement,9,Q17,SELECT,154.2684,True
4,18,Procurement,10,Q1,SELECT,109.3363,True
4,18,Procurement,11,Q6,SELECT,32.6549,True
4,18,Procurement,12,Q11,SELECT,15.5633,True
4,18,Procurement,13,Q1,SELECT,110.3549,True
4,18,Procurement,14,Q11,SELECT,15.3052,True
4,18,Procurement,15,Q1,SELECT,109.1979,True
4,18,Procurement,16,Q11,SELECT,15.2567,True
4,18,Procurement,17,Q6,SELECT,32.6255,True
4,18,Procurement,18,Q17,SELECT,157.1191,True
4,18,Procurement,19,Q14,SELECT,16.6435,True
4,18,Procurement,20,Q6,SELECT,32.9034,True
4,18,Procurement,21,Q11,SELECT,15.3822,True
4,18,Procurement,22,Q17,SELECT,152.9219,True
4,18,Procurement,23,Q14,SELECT,16.4451,True
4,18,Procurement,24,Q11,SELECT,15.0192,True
4,19,Procurement,0,D_orders,DELETE,1.4667,True
4,19,Procurement,1,D_orders,DELETE,0.1284,True
4,19,Procurement,2,D_orders,DELETE,0.1834,True
4,19,Procurement,3,D_orders,DELETE,1.4618,True
4,19,Procurement,4,Q17,SELECT,158.6157,True
4,19,Procurement,5,Q1,SELECT,111.6248,True
4,19,Procurement,6,Q6,SELECT,32.7233,True
4,19,Procurement,7,Q11,SELECT,15.1138,True
4,19,Procurement,8,Q14,SELECT,16.6412,True
4,19,Procurement,9,Q14,SELECT,12.8076,True
4,19,Procurement,10,Q1,SELECT,109.1487,True
4,19,Procurement,11,Q6,SELECT,32.5412,True
4,19,Procurement,12,Q11,SELECT,15.1123,True
4,19,Procurement,13,Q6,SELECT,32.141,True
4,19,Procurement,14,Q17,SELECT,157.1131,True
4,19,Procurement,15,Q11,SELECT,15.418,True
4,19,Procurement,16,Q6,SELECT,32.8096,True
4,19,Procurement,17,Q11,SELECT,15.0929,True
4,19,Procurement,18,Q17,SELECT,156.3023,True
4,19,Procurement,19,Q11,SELECT,15.5535,True
4,19,Procurement,20,Q6,SELECT,32.4867,True
4,19,Procurement,21,Q17,SELECT,156.4415,True
4,19,Procurement,22,Q17,SELECT,156.6849,True
4,19,Procurement,23,Q14,SELECT,16.5733,True
4,19,Procurement,24,Q14,SELECT,12.6692,True
4,20,Procurement,0,D_orders,DELETE,0.203,True
4,20,Procurement,1,D_orders,DELETE,0.1193,True
4,20,Procurement,2,D_orders,DELETE,0.1053,True
4,20,Procurement,3,D_orders,DELETE,0.0994,True
4,20,Procurement,4,Q11,SELECT,15.2462,True
4,20,Procurement,5,Q17,SELECT,160.1375,True
4,20,Procurement,6,Q11,SELECT,15.2147,True
4,20,Procurement,7,Q1,SELECT,111.0752,True
4,20,Procurement,8,Q17,SELECT,157.2404,True
4,20,Procurement,9,Q6,SELECT,33.316,True
4,20,Procurement,10,Q6,SELECT,32.0718,True
4,20,Procurement,11,Q6,SELECT,32.8038,True
4,20,Procurement,12,Q1,SELECT,114.5195,True
4,20,Procurement,13,Q11,SELECT,15.7985,True
4,20,Procurement,14,Q11,SELECT,13.3705,True
4,20,Procurement,15,Q6,SELECT,33.3428,True
4,20,Procurement,16,Q6,SELECT,32.059,True
4,20,Procurement,17,Q6,SELECT,33.0645,True
4,20,Procurement,18,Q11,SELECT,15.215,True
4,20,Procurement,19,Q17,SELECT,158.4081,True
4,20,Procurement,20,Q17,SELECT,157.9212,True
4,20,Procurement,21,Q11,SELECT,15.5646,True
4,20,Procurement,22,Q14,SELECT,16.8386,True
4,20,Procurement,23,Q1,SELECT,109.9883,True
4,20,Procurement,24,Q11,SELECT,15.5237,True
4,21,Procurement,0,D_orders,DELETE,0.474,True
4,21,Procurement,1,D_orders,DELETE,0.3922,True
4,21,Procurement,2,D_orders,DELETE,0.2012,True
4,21,Procurement,3,D_orders,DELETE,0.3813,True
4,21,Procurement,4,Q17,SELECT,158.5692,True
4,21,Procurement,5,Q14,SELECT,17.1182,True
4,21,Procurement,6,Q11,SELECT,14.9604,True
4,21,Procurement,7,Q6,SELECT,32.4299,True
4,21,Procurement,8,Q6,SELECT,32.5531,True
4,21,Procurement,9,Q6,SELECT,32.0961,True
4,21,Procurement,10,Q6,SELECT,32.7843,True
4,21,Procurement,11,Q11,SELECT,15.1296,True
4,21,Procurement,12,Q11,SELECT,13.4522,True
4,21,Procurement,13,Q14,SELECT,16.5397,True
4,21,Procurement,14,Q11,SELECT,14.4588,True
4,21,Procurement,15,Q11,SELECT,13.7621,True
4,21,Procurement,16,Q17,SELECT,154.2777,True
4,21,Procurement,17,Q11,SELECT,15.2325,True
4,21,Procurement,18,Q17,SELECT,156.2506,True
4,21,Procurement,19,Q11,SELECT,15.3285,True
4,21,Procurement,20,Q17,SELECT,158.1702,True
4,21,Procurement,21,Q11,SELECT,15.061,True
4,21,Procurement,22,Q11,SELECT,13.6802,True
4,21,Procurement,23,Q11,SELECT,13.3218,True
4,21,Procurement,24,Q11,SELECT,13.463,True
4,22,Procurement,0,D_orders,DELETE,0.4958,True
4,22,Procurement,1,D_orders,DELETE,0.3885,True
4,22,Procurement,2,D_orders,DELETE,0.1977,True
4,22,Procurement,3,D_orders,DELETE,0.1195,True
4,22,Procurement,4,Q17,SELECT,156.3172,True
4,22,Procurement,5,Q11,SELECT,15.598,True
4,22,Procurement,6,Q17,SELECT,158.8347,True
4,22,Procurement,7,Q11,SELECT,15.1856,True
4,22,Procurement,8,Q1,SELECT,108.7054,True
4,22,Procurement,9,Q17,SELECT,155.7362,True
4,22,Procurement,10,Q6,SELECT,33.0944,True
4,22,Procurement,11,Q6,SELECT,32.4614,True
4,22,Procurement,12,Q17,SELECT,155.8549,True
4,22,Procurement,13,Q17,SELECT,157.0516,True
4,22,Procurement,14,Q17,SELECT,155.9178,True
4,22,Procurement,15,Q6,SELECT,32.6179,True
4,22,Procurement,16,Q11,SELECT,15.4833,True
4,22,Procurement,17,Q11,SELECT,13.8305,True
4,22,Procurement,18,Q1,SELECT,108.7118,True
4,22,Procurement,19,Q17,SELECT,164.4934,True
4,22,Procurement,20,Q17,SELECT,160.8118,True
4,22,Procurement,21,Q17,SELECT,155.8852,True
4,22,Procurement,22,Q6,SELECT,32.3227,True
4,22,Procurement,23,Q17,SELECT,156.9101,True
4,22,Procurement,24,Q17,SELECT,155.3048,True
4,23,Procurement,0,D_orders,DELETE,0.7513,True
4,23,Procurement,1,D_orders,DELETE,0.4379,True
4,23,Procurement,2,D_orders,DELETE,0.1155,True
4,23,Procurement,3,D_orders,DELETE,0.1757,True
4,23,Procurement,4,Q11,SELECT,15.3706,True
4,23,Procurement,5,Q11,SELECT,13.4456,True
4,23,Procurement,6,Q1,SELECT,109.0018,True
4,23,Procurement,7,Q17,SELECT,155.8124,True
4,23,Procurement,8,Q1,SELECT,106.718,True
4,23,Procurement,9,Q6,SELECT,33.0983,True
4,23,Procurement,10,Q17,SELECT,156.3161,True
4,23,Procurement,11,Q11,SELECT,15.1966,True
4,23,Procurement,12,Q17,SELECT,157.2782,True
4,23,Procurement,13,Q1,SELECT,107.2958,True
4,23,Procurement,14,Q11,SELECT,15.3285,True
4,23,Procurement,15,Q14,SELECT,17.3209,True
4,23,Procurement,16,Q6,SELECT,31.9696,True
4,23,Procurement,17,Q11,SELECT,15.3703,True
4,23,Procurement,18,Q14,SELECT,16.6577,True
4,23,Procurement,19,Q11,SELECT,15.2296,True
4,23,Procurement,20,Q17,SELECT,154.1932,True
4,23,Procurement,21,Q11,SELECT,15.611,True
4,23,Procurement,22,Q6,SELECT,32.4149,True
4,23,Procurement,23,Q1,SELECT,110.7617,True
4,23,Procurement,24,Q11,SELECT,15.4595,True
4,24,Customer,0,Q18,SELECT,267.6424,True
4,24,Customer,1,U_customer,UPDATE,0.6651,True
4,24,Customer,2,Q3,SELECT,50.5894,True
4,24,Customer,3,U_customer,UPDATE,0.4043,True
4,24,Customer,4,Q3,SELECT,51.0063,True
4,24,Customer,5,U_customer,UPDATE,0.4435,True
4,24,Customer,6,Q10,SELECT,29.2531,True
4,24,Customer,7,U_customer,UPDATE,0.6275,True
4,24,Customer,8,Q10,SELECT,28.7985,True
4,24,Customer,9,U_customer,UPDATE,0.3834,True
4,24,Customer,10,Q3,SELECT,51.8338,True
4,24,Customer,11,U_customer,UPDATE,0.3915,True
4,24,Customer,12,Q10,SELECT,29.1291,True
4,24,Customer,13,U_customer,UPDATE,0.5696,True
4,24,Customer,14,Q18,SELECT,264.6237,True
4,24,Customer,15,U_customer,UPDATE,0.738,True
4,24,Customer,16,Q18,SELECT,263.7708,True
4,24,Customer,17,U_customer,UPDATE,0.4575,True
4,24,Customer,18,Q5,SELECT,28.3127,True
4,24,Customer,19,U_customer,UPDATE,0.5897,True
4,25,Customer,0,Q10,SELECT,29.0908,True
4,25,Customer,1,U_customer,UPDATE,0.5998,True
4,25,Customer,2,Q3,SELECT,52.1837,True
4,25,Customer,3,U_customer,UPDATE,3.5546,True
4,25,Customer,4,Q3,SELECT,51.6584,True
4,25,Customer,5,U_customer,UPDATE,0.4563,True
4,25,Customer,6,Q3,SELECT,51.5173,True
4,25,Customer,7,U_customer,UPDATE,0.4301,True
4,25,Customer,8,Q18,SELECT,264.7602,True
4,25,Customer,9,U_customer,UPDATE,1.0869,True
4,25,Customer,10,Q5,SELECT,28.5072,True
4,25,Customer,11,U_customer,UPDATE,0.4261,True
4,25,Customer,12,Q3,SELECT,51.2243,True
4,25,Customer,13,U_customer,UPDATE,0.5174,True
4,25,Customer,14,Q5,SELECT,29.0257,True
4,25,Customer,15,U_customer,UPDATE,0.3083,True
4,25,Customer,16,Q3,SELECT,51.0561,True
4,25,Customer,17,U_customer,UPDATE,0.4073,True
4,25,Customer,18,Q10,SELECT,29.1124,True
4,25,Customer,19,U_customer,UPDATE,0.9419,True
4,26,Customer,0,Q3,SELECT,52.3395,True
4,26,Customer,1,U_customer,UPDATE,0.7113,True
4,26,Customer,2,Q10,SELECT,29.1447,True
4,26,Customer,3,U_customer,UPDATE,0.3991,True
4,26,Customer,4,Q10,SELECT,29.6257,True
4,26,Customer,5,U_customer,UPDATE,0.433,True
4,26,Customer,6,Q18,SELECT,263.8754,True
4,26,Customer,7,U_customer,UPDATE,0.3967,True
4,26,Customer,8,Q18,SELECT,263.726,True
4,26,Customer,9,U_customer,UPDATE,1.0015,True
4,26,Customer,10,Q18,SELECT,263.4352,True
4,26,Customer,11,U_customer,UPDATE,0.6715,True
4,26,Customer,12,Q10,SELECT,29.2194,True
4,26,Customer,13,U_customer,UPDATE,0.3562,True
4,26,Customer,14,Q5,SELECT,28.9635,True
4,26,Customer,15,U_customer,UPDATE,0.5282,True
4,26,Customer,16,Q10,SELECT,29.4644,True
4,26,Customer,17,U_customer,UPDATE,0.6077,True
4,26,Customer,18,Q10,SELECT,29.2143,True
4,26,Customer,19,U_customer,UPDATE,0.4047,True
4,27,Customer,0,Q18,SELECT,266.9097,True
4,27,Customer,1,U_customer,UPDATE,1.3112,True
4,27,Customer,2,Q3,SELECT,51.9389,True
4,27,Customer,3,U_customer,UPDATE,0.6402,True
4,27,Customer,4,Q5,SELECT,29.1116,True
4,27,Customer,5,U_customer,UPDATE,0.2652,True
4,27,Customer,6,Q18,SELECT,263.7601,True
4,27,Customer,7,U_customer,UPDATE,1.2827,True
4,27,Customer,8,Q10,SELECT,28.9063,True
4,27,Customer,9,U_customer,UPDATE,0.4136,True
4,27,Customer,10,Q18,SELECT,265.6382,True
4,27,Customer,11,U_customer,UPDATE,0.2835,True
4,27,Customer,12,Q18,SELECT,264.9422,True
4,27,Customer,13,U_customer,UPDATE,0.7299,True
4,27,Customer,14,Q18,SELECT,263.6993,True
4,27,Customer,15,U_customer,UPDATE,0.7579,True
4,27,Customer,16,Q10,SELECT,28.9646,True
4,27,Customer,17,U_customer,UPDATE,0.4099,True
4,27,Customer,18,Q10,SELECT,29.3187,True
4,27,Customer,19,U_customer,UPDATE,0.6411,True
4,28,Customer,0,Q3,SELECT,51.2842,True
4,28,Customer,1,U_customer,UPDATE,0.4319,True
4,28,Customer,2,Q7,SELECT,35.3389,True
4,28,Customer,3,U_customer,UPDATE,0.5896,True
4,28,Customer,4,Q10,SELECT,28.7493,True
4,28,Customer,5,U_customer,UPDATE,0.6368,True
4,28,Customer,6,Q10,SELECT,29.2487,True
4,28,Customer,7,U_customer,UPDATE,0.5705,True
4,28,Customer,8,Q10,SELECT,28.7518,True
4,28,Customer,9,U_customer,UPDATE,0.3925,True
4,28,Customer,10,Q18,SELECT,264.0355,True
4,28,Customer,11,U_customer,UPDATE,0.4283,True
4,28,Customer,12,Q7,SELECT,34.6922,True
4,28,Customer,13,U_customer,UPDATE,0.7268,True
4,28,Customer,14,Q18,SELECT,265.8845,True
4,28,Customer,15,U_customer,UPDATE,0.7512,True
4,28,Customer,16,Q18,SELECT,263.7095,True
4,28,Customer,17,U_customer,UPDATE,0.3923,True
4,28,Customer,18,Q10,SELECT,29.3315,True
4,28,Customer,19,U_customer,UPDATE,0.652,True
4,29,Customer,0,Q3,SELECT,50.8932,True
4,29,Customer,1,U_customer,UPDATE,0.3857,True
4,29,Customer,2,Q18,SELECT,262.9117,True
4,29,Customer,3,U_customer,UPDATE,1.4044,True
4,29,Customer,4,Q18,SELECT,266.0958,True
4,29,Customer,5,U_customer,UPDATE,0.7265,True
4,29,Customer,6,Q18,SELECT,262.2408,True
4,29,Customer,7,U_customer,UPDATE,0.7656,True
4,29,Customer,8,Q7,SELECT,34.3147,True
4,29,Customer,9,U_customer,UPDATE,0.8111,True
4,29,Customer,10,Q10,SELECT,29.0983,True
4,29,Customer,11,U_customer,UPDATE,0.5595,True
4,29,Customer,12,Q7,SELECT,34.1475,True
4,29,Customer,13,U_customer,UPDATE,0.451,True
4,29,Customer,14,Q10,SELECT,29.7125,True
4,29,Customer,15,U_customer,UPDATE,0.6088,True
4,29,Customer,16,Q7,SELECT,33.9075,True
4,29,Customer,17,U_customer,UPDATE,0.3996,True
4,29,Customer,18,Q10,SELECT,29.4348,True
4,29,Customer,19,U_customer,UPDATE,0.6447,True
4,30,Customer,0,Q10,SELECT,28.9864,True
4,30,Customer,1,U_customer,UPDATE,0.3691,True
4,30,Customer,2,Q18,SELECT,266.8392,True
4,30,Customer,3,U_customer,UPDATE,0.7942,True
4,30,Customer,4,Q5,SELECT,28.4267,True
4,30,Customer,5,U_customer,UPDATE,0.6462,True
4,30,Customer,6,Q18,SELECT,262.1263,True
4,30,Customer,7,U_customer,UPDATE,0.441,True
4,30,Customer,8,Q7,SELECT,33.5651,True
4,30,Customer,9,U_customer,UPDATE,0.7373,True
4,30,Customer,10,Q10,SELECT,29.0001,True
4,30,Customer,11,U_customer,UPDATE,0.4252,True
4,30,Customer,12,Q10,SELECT,29.339,True
4,30,Customer,13,U_customer,UPDATE,0.5839,True
4,30,Customer,14,Q7,SELECT,34.376,True
4,30,Customer,15,U_customer,UPDATE,0.4305,True
4,30,Customer,16,Q3,SELECT,50.1515,True
4,30,Customer,17,U_customer,UPDATE,0.612,True
4,30,Customer,18,Q18,SELECT,264.439,True
4,30,Customer,19,U_customer,UPDATE,0.7089,True
4,31,Customer,0,Q10,SELECT,29.5337,True
4,31,Customer,1,U_customer,UPDATE,0.2963,True
4,31,Customer,2,Q3,SELECT,51.8894,True
4,31,Customer,3,U_customer,UPDATE,3.0785,True
4,31,Customer,4,Q10,SELECT,29.6722,True
4,31,Customer,5,U_customer,UPDATE,0.395,True
4,31,Customer,6,Q7,SELECT,34.1563,True
4,31,Customer,7,U_customer,UPDATE,0.336,True
4,31,Customer,8,Q10,SELECT,29.084,True
4,31,Customer,9,U_customer,UPDATE,0.618,True
4,31,Customer,10,Q10,SELECT,29.1753,True
4,31,Customer,11,U_customer,UPDATE,0.3657,True
4,31,Customer,12,Q7,SELECT,34.5058,True
4,31,Customer,13,U_customer,UPDATE,0.4362,True
4,31,Customer,14,Q10,SELECT,29.0576,True
4,31,Customer,15,U_customer,UPDATE,0.5231,True
4,31,Customer,16,Q10,SELECT,29.0392,True
4,31,Customer,17,U_customer,UPDATE,0.2638,True
4,31,Customer,18,Q10,SELECT,29.3465,True
4,31,Customer,19,U_customer,UPDATE,0.3717,True
5,0,Reporting,0,Q6,SELECT,37.2461,True
5,0,Reporting,1,Q6,SELECT,35.6662,True
5,0,Reporting,2,U_orders,UPDATE,0.6392,True
5,0,Reporting,3,U_orders,UPDATE,0.1491,True
5,0,Reporting,4,Q6,SELECT,33.1961,True
5,0,Reporting,5,Q4,SELECT,22.264,True
5,0,Reporting,6,Q1,SELECT,109.519,True
5,0,Reporting,7,Q14,SELECT,17.5495,True
5,0,Reporting,8,Q6,SELECT,32.5007,True
5,0,Reporting,9,U_orders,UPDATE,1.3558,True
5,0,Reporting,10,Q14,SELECT,16.2719,True
5,0,Reporting,11,Q1,SELECT,108.7621,True
5,0,Reporting,12,Q6,SELECT,33.0276,True
5,0,Reporting,13,Q14,SELECT,16.4157,True
5,0,Reporting,14,Q1,SELECT,108.5791,True
5,0,Reporting,15,Q4,SELECT,18.3512,True
5,0,Reporting,16,Q14,SELECT,16.6066,True
5,0,Reporting,17,Q1,SELECT,112.485,True
5,0,Reporting,18,Q14,SELECT,17.264,True
5,0,Reporting,19,Q14,SELECT,14.1577,True
5,0,Reporting,20,Q4,SELECT,17.9674,True
5,0,Reporting,21,U_orders,UPDATE,0.6285,True
5,0,Reporting,22,Q12,SELECT,48.7664,True
5,0,Reporting,23,Q14,SELECT,16.9812,True
5,0,Reporting,24,Q1,SELECT,113.0724,True
5,0,Reporting,25,Q6,SELECT,33.4512,True
5,0,Reporting,26,U_orders,UPDATE,0.718,True
5,0,Reporting,27,Q14,SELECT,16.5105,True
5,0,Reporting,28,U_orders,UPDATE,0.5066,True
5,0,Reporting,29,Q4,SELECT,17.919,True
5,1,Reporting,0,Q4,SELECT,17.8987,True
5,1,Reporting,1,Q1,SELECT,110.179,True
5,1,Reporting,2,Q6,SELECT,32.3203,True
5,1,Reporting,3,Q4,SELECT,20.4673,True
5,1,Reporting,4,Q4,SELECT,18.0219,True
5,1,Reporting,5,Q1,SELECT,108.7835,True
5,1,Reporting,6,Q1,SELECT,105.9637,True
5,1,Reporting,7,Q12,SELECT,48.7056,True
5,1,Reporting,8,U_orders,UPDATE,1.3185,True
5,1,Reporting,9,Q1,SELECT,106.0182,True
5,1,Reporting,10,Q12,SELECT,48.5414,True
5,1,Reporting,11,Q1,SELECT,108.9376,True
5,1,Reporting,12,Q1,SELECT,107.5359,True
5,1,Reporting,13,Q1,SELECT,108.5784,True
5,1,Reporting,14,Q1,SELECT,106.2377,True
5,1,Reporting,15,Q14,SELECT,16.8369,True
5,1,Reporting,16,Q6,SELECT,33.0008,True
5,1,Reporting,17,Q14,SELECT,16.6514,True
5,1,Reporting,18,U_orders,UPDATE,1.1428,True
5,1,Reporting,19,Q6,SELECT,33.0861,True
5,1,Reporting,20,Q12,SELECT,49.6654,True
5,1,Reporting,21,Q1,SELECT,118.531,True
5,1,Reporting,22,Q6,SELECT,33.4499,True
5,1,Reporting,23,U_orders,UPDATE,0.644,True
5,1,Reporting,24,Q1,SELECT,108.2542,True
5,1,Reporting,25,U_orders,UPDATE,1.2867,True
5,1,Reporting,26,Q1,SELECT,111.4781,True
5,1,Reporting,27,U_orders,UPDATE,0.6767,True
5,1,Reporting,28,U_orders,UPDATE,0.4126,True
5,1,Reporting,29,Q6,SELECT,32.1094,True
5,2,Reporting,0,Q14,SELECT,16.6285,True
5,2,Reporting,1,Q4,SELECT,18.6562,True
5,2,Reporting,2,Q6,SELECT,33.2051,True
5,2,Reporting,3,Q4,SELECT,17.9784,True
5,2,Reporting,4,U_orders,UPDATE,0.6561,True
5,2,Reporting,5,Q4,SELECT,17.8464,True
5,2,Reporting,6,Q1,SELECT,108.9677,True
5,2,Reporting,7,Q1,SELECT,108.074,True
5,2,Reporting,8,Q14,SELECT,17.064,True
5,2,Reporting,9,Q6,SELECT,33.4899,True
5,2,Reporting,10,Q4,SELECT,17.9563,True
5,2,Reporting,11,Q1,SELECT,107.9461,True
5,2,Reporting,12,U_orders,UPDATE,0.7429,True
5,2,Reporting,13,Q6,SELECT,32.8893,True
5,2,Reporting,14,U_orders,UPDATE,0.4388,True
5,2,Reporting,15,Q6,SELECT,32.0728,True
5,2,Reporting,16,Q14,SELECT,16.6316,True
5,2,Reporting,17,Q1,SELECT,107.8157,True
5,2,Reporting,18,Q14,SELECT,17.3916,True
5,2,Reporting,19,Q1,SELECT,106.9215,True
5,2,Reporting,20,U_orders,UPDATE,1.5559,True
5,2,Reporting,21,Q1,SELECT,106.8483,True
5,2,Reporting,22,Q1,SELECT,109.2836,True
5,2,Reporting,23,U_orders,UPDATE,1.3766,True
5,2,Reporting,24,Q1,SELECT,109.0417,True
5,2,Reporting,25,Q6,SELECT,32.6998,True
5,2,Reporting,26,U_orders,UPDATE,0.4024,True
5,2,Reporting,27,Q4,SELECT,18.0195,True
5,2,Reporting,28,Q6,SELECT,33.463,True
5,2,Reporting,29,Q1,SELECT,108.0019,True
5,3,Reporting,0,Q1,SELECT,107.3019,True
5,3,Reporting,1,Q1,SELECT,107.5673,True
5,3,Reporting,2,Q4,SELECT,19.1512,True
5,3,Reporting,3,U_orders,UPDATE,0.2868,True
5,3,Reporting,4,Q14,SELECT,17.3071,True
5,3,Reporting,5,U_orders,UPDATE,0.2705,True
5,3,Reporting,6,Q1,SELECT,109.0288,True
5,3,Reporting,7,Q1,SELECT,111.4716,True
5,3,Reporting,8,U_orders,UPDATE,0.4821,True
5,3,Reporting,9,Q14,SELECT,17.1302,True
5,3,Reporting,10,Q6,SELECT,32.2281,True
5,3,Reporting,11,Q1,SELECT,107.6223,True
5,3,Reporting,12,Q1,SELECT,108.3809,True
5,3,Reporting,13,U_orders,UPDATE,0.7846,True
5,3,Reporting,14,Q4,SELECT,18.5269,True
5,3,Reporting,15,Q1,SELECT,108.2127,True
5,3,Reporting,16,Q1,SELECT,108.0724,True
5,3,Reporting,17,Q1,SELECT,107.5797,True
5,3,Reporting,18,Q14,SELECT,17.0731,True
5,3,Reporting,19,Q1,SELECT,109.0447,True
5,3,Reporting,20,Q6,SELECT,32.9521,True
5,3,Reporting,21,Q6,SELECT,32.9792,True
5,3,Reporting,22,Q6,SELECT,32.1369,True
5,3,Reporting,23,U_orders,UPDATE,0.6724,True
5,3,Reporting,24,Q6,SELECT,33.0357,True
5,3,Reporting,25,U_orders,UPDATE,0.4083,True
5,3,Reporting,26,Q14,SELECT,17.086,True
5,3,Reporting,27,Q1,SELECT,107.5348,True
5,3,Reporting,28,Q1,SELECT,110.8805,True
5,3,Reporting,29,Q1,SELECT,107.554,True
5,4,Reporting,0,Q1,SELECT,106.1768,True
5,4,Reporting,1,Q6,SELECT,32.9131,True
5,4,Reporting,2,U_orders,UPDATE,0.7412,True
5,4,Reporting,3,U_orders,UPDATE,0.2317,True
5,4,Reporting,4,Q6,SELECT,32.0336,True
5,4,Reporting,5,Q6,SELECT,32.0062,True
5,4,Reporting,6,Q12,SELECT,48.9121,True
5,4,Reporting,7,Q1,SELECT,110.2122,True
5,4,Reporting,8,Q4,SELECT,18.7408,True
5,4,Reporting,9,Q6,SELECT,32.2881,True
5,4,Reporting,10,Q1,SELECT,111.7731,True
5,4,Reporting,11,Q1,SELECT,108.1847,True
5,4,Reporting,12,Q14,SELECT,17.5485,True
5,4,Reporting,13,Q14,SELECT,14.873,True
5,4,Reporting,14,U_orders,UPDATE,0.5371,True
5,4,Reporting,15,Q1,SELECT,109.655,True
5,4,Reporting,16,U_orders,UPDATE,0.349,True
5,4,Reporting,17,Q1,SELECT,112.8992,True
5,4,Reporting,18,Q1,SELECT,107.7187,True
5,4,Reporting,19,Q1,SELECT,108.6039,True
5,4,Reporting,20,Q1,SELECT,108.7719,True
5,4,Reporting,21,U_orders,UPDATE,0.4537,True
5,4,Reporting,22,Q1,SELECT,132.3077,True
5,4,Reporting,23,Q4,SELECT,18.3634,True
5,4,Reporting,24,Q14,SELECT,16.7743,True
5,4,Reporting,25,Q14,SELECT,12.0741,True
5,4,Reporting,26,U_orders,UPDATE,0.533,True
5,4,Reporting,27,Q6,SELECT,33.5363,True
5,4,Reporting,28,Q14,SELECT,16.5989,True
5,4,Reporting,29,Q6,SELECT,32.2607,True
5,5,Reporting,0,Q14,SELECT,16.9112,True
5,5,Reporting,1,Q6,SELECT,33.9089,True
5,5,Reporting,2,Q14,SELECT,16.9763,True
5,5,Reporting,3,Q12,SELECT,48.7058,True
5,5,Reporting,4,Q6,SELECT,32.4675,True
5,5,Reporting,5,U_orders,UPDATE,0.7096,True
5,5,Reporting,6,Q1,SELECT,108.8329,True
5,5,Reporting,7,Q4,SELECT,19.3376,True
5,5,Reporting,8,U_orders,UPDATE,1.2798,True
5,5,Reporting,9,Q1,SELECT,106.2957,True
5,5,Reporting,10,Q12,SELECT,49.5201,True
5,5,Reporting,11,Q12,SELECT,48.9637,True
5,5,Reporting,12,Q1,SELECT,108.0787,True
5,5,Reporting,13,Q4,SELECT,18.214,True
5,5,Reporting,14,U_orders,UPDATE,0.6085,True
5,5,Reporting,15,U_orders,UPDATE,0.4015,True
5,5,Reporting,16,Q12,SELECT,49.3162,True
5,5,Reporting,17,Q12,SELECT,48.9679,True
5,5,Reporting,18,Q6,SELECT,32.9231,True
5,5,Reporting,19,U_orders,UPDATE,0.6543,True
5,5,Reporting,20,Q6,SELECT,34.5503,True
5,5,Reporting,21,Q6,SELECT,32.6552,True
5,5,Reporting,22,Q14,SELECT,16.8528,True
5,5,Reporting,23,Q6,SELECT,31.8307,True
5,5,Reporting,24,Q6,SELECT,31.9336,True
5,5,Reporting,25,U_orders,UPDATE,1.2573,True
5,5,Reporting,26,Q6,SELECT,32.7407,True
5,5,Reporting,27,Q1,SELECT,109.786,True
5,5,Reporting,28,Q14,SELECT,17.9197,True
5,5,Reporting,29,Q1,SELECT,110.8238,True
5,6,Reporting,0,U_orders,UPDATE,0.7983,True
5,6,Reporting,1,Q14,SELECT,17.0074,True
5,6,Reporting,2,Q6,SELECT,33.2165,True
5,6,Reporting,3,Q1,SELECT,111.4713,True
5,6,Reporting,4,Q14,SELECT,17.4567,True
5,6,Reporting,5,Q1,SELECT,112.254,True
5,6,Reporting,6,U_orders,UPDATE,0.7587,True
5,6,Reporting,7,Q1,SELECT,111.3803,True
5,6,Reporting,8,Q14,SELECT,16.9877,True
5,6,Reporting,9,Q1,SELECT,110.7126,True
5,6,Reporting,10,U_orders,UPDATE,1.0065,True
5,6,Reporting,11,Q12,SELECT,48.8846,True
5,6,Reporting,12,Q1,SELECT,114.1503,True
5,6,Reporting,13,Q12,SELECT,49.545,True
5,6,Reporting,14,Q14,SELECT,16.9844,True
5,6,Reporting,15,U_orders,UPDATE,0.6298,True
5,6,Reporting,16,U_orders,UPDATE,0.3928,True
5,6,Reporting,17,Q1,SELECT,110.3048,True
5,6,Reporting,18,Q14,SELECT,17.0615,True
5,6,Reporting,19,Q6,SELECT,32.4848,True
5,6,Reporting,20,Q1,SELECT,106.9187,True
5,6,Reporting,21,Q1,SELECT,109.1631,True
5,6,Reporting,22,Q6,SELECT,33.2622,True
5,6,Reporting,23,Q1,SELECT,108.0846,True
5,6,Reporting,24,Q4,SELECT,18.0889,True
5,6,Reporting,25,Q1,SELECT,107.073,True
5,6,Reporting,26,Q14,SELECT,17.4055,True
5,6,Reporting,27,U_orders,UPDATE,1.3241,True
5,6,Reporting,28,Q1,SELECT,104.8218,True
5,6,Reporting,29,Q1,SELECT,107.8583,True
5,7,Reporting,0,Q1,SELECT,106.1347,True
5,7,Reporting,1,U_orders,UPDATE,0.7634,True
5,7,Reporting,2,Q14,SELECT,17.2007,True
5,7,Reporting,3,Q4,SELECT,17.8742,True
5,7,Reporting,4,Q6,SELECT,33.0885,True
5,7,Reporting,5,Q12,SELECT,49.1623,True
5,7,Reporting,6,Q1,SELECT,108.167,True
5,7,Reporting,7,Q6,SELECT,32.3803,True
5,7,Reporting,8,Q14,SELECT,16.4338,True
5,7,Reporting,9,Q6,SELECT,32.8335,True
5,7,Reporting,10,Q1,SELECT,111.5468,True
5,7,Reporting,11,U_orders,UPDATE,0.5341,True
5,7,Reporting,12,Q1,SELECT,110.2099,True
5,7,Reporting,13,Q14,SELECT,18.0538,True
5,7,Reporting,14,Q14,SELECT,17.0718,True
5,7,Reporting,15,U_orders,UPDATE,0.6148,True
5,7,Reporting,16,U_orders,UPDATE,0.1702,True
5,7,Reporting,17,U_orders,UPDATE,0.1596,True
5,7,Reporting,18,Q14,SELECT,12.7314,True
5,7,Reporting,19,Q12,SELECT,49.4283,True
5,7,Reporting,20,Q14,SELECT,17.1858,True
5,7,Reporting,21,Q4,SELECT,17.9315,True
5,7,Reporting,22,Q1,SELECT,109.9355,True
5,7,Reporting,23,Q14,SELECT,17.287,True
5,7,Reporting,24,Q14,SELECT,13.4284,True
5,7,Reporting,25,Q1,SELECT,105.5318,True
5,7,Reporting,26,Q4,SELECT,18.574,True
5,7,Reporting,27,Q6,SELECT,33.2139,True
5,7,Reporting,28,U_orders,UPDATE,0.7656,True
5,7,Reporting,29,Q1,SELECT,111.995,True
5,8,JoinHeavy,0,Q7,SELECT,34.3404,True
5,8,JoinHeavy,1,Q5,SELECT,29.493,True
5,8,JoinHeavy,2,Q5,SELECT,27.3656,True
5,8,JoinHeavy,3,Q7,SELECT,35.0746,True
5,8,JoinHeavy,4,Q10,SELECT,29.3982,True
5,8,JoinHeavy,5,Q10,SELECT,29.1131,True
5,8,JoinHeavy,6,Q10,SELECT,29.5188,True
5,8,JoinHeavy,7,Q3,SELECT,51.5676,True
5,8,JoinHeavy,8,Q5,SELECT,28.913,True
5,8,JoinHeavy,9,Q5,SELECT,26.919,True
5,8,JoinHeavy,10,Q7,SELECT,33.9597,True
5,8,JoinHeavy,11,Q5,SELECT,28.6632,True
5,8,JoinHeavy,12,Q5,SELECT,27.1989,True
5,8,JoinHeavy,13,Q7,SELECT,34.3722,True
5,8,JoinHeavy,14,Q10,SELECT,29.0584,True
5,8,JoinHeavy,15,Q5,SELECT,29.024,True
5,8,JoinHeavy,16,Q5,SELECT,28.7068,True
5,8,JoinHeavy,17,Q7,SELECT,34.2895,True
5,8,JoinHeavy,18,Q3,SELECT,51.5979,True
5,8,JoinHeavy,19,Q5,SELECT,29.6167,True
5,8,JoinHeavy,20,Q7,SELECT,34.3623,True
5,8,JoinHeavy,21,Q7,SELECT,33.2118,True
5,8,JoinHeavy,22,I_customer,INSERT,0.785,True
5,8,JoinHeavy,23,I_customer,INSERT,0.2774,True
5,8,JoinHeavy,24,I_customer,INSERT,0.2312,True
5,8,JoinHeavy,25,I_customer,INSERT,0.2188,True
5,8,JoinHeavy,26,I_customer,INSERT,0.2146,True
5,8,JoinHeavy,27,I_customer,INSERT,0.5115,True
5,8,JoinHeavy,28,I_customer,INSERT,0.2212,True
5,8,JoinHeavy,29,I_customer,INSERT,0.2163,True
5,8,JoinHeavy,30,I_customer,INSERT,0.2093,True
5,8,JoinHeavy,31,I_customer,INSERT,0.2066,True
5,8,JoinHeavy,32,I_customer,INSERT,0.2081,True
5,8,JoinHeavy,33,I_customer,INSERT,0.2088,True
5,8,JoinHeavy,34,I_customer,INSERT,0.2045,True
5,8,JoinHeavy,35,I_customer,INSERT,0.2118,True
5,8,JoinHeavy,36,I_customer,INSERT,0.2219,True
5,8,JoinHeavy,37,I_customer,INSERT,0.2088,True
5,8,JoinHeavy,38,I_customer,INSERT,0.2059,True
5,8,JoinHeavy,39,I_customer,INSERT,0.2013,True
5,9,JoinHeavy,0,Q7,SELECT,34.2721,True
5,9,JoinHeavy,1,Q3,SELECT,52.2377,True
5,9,JoinHeavy,2,Q3,SELECT,51.7529,True
5,9,JoinHeavy,3,Q5,SELECT,29.117,True
5,9,JoinHeavy,4,Q5,SELECT,27.0547,True
5,9,JoinHeavy,5,Q7,SELECT,34.1038,True
5,9,JoinHeavy,6,Q5,SELECT,28.4827,True
5,9,JoinHeavy,7,Q3,SELECT,51.741,True
5,9,JoinHeavy,8,Q7,SELECT,34.9607,True
5,9,JoinHeavy,9,Q3,SELECT,51.9762,True
5,9,JoinHeavy,10,Q5,SELECT,28.84,True
5,9,JoinHeavy,11,Q5,SELECT,27.4726,True
5,9,JoinHeavy,12,Q5,SELECT,25.81,True
5,9,JoinHeavy,13,Q10,SELECT,29.4566,True
5,9,JoinHeavy,14,Q5,SELECT,28.8442,True
5,9,JoinHeavy,15,Q5,SELECT,26.0244,True
5,9,JoinHeavy,16,Q7,SELECT,34.7801,True
5,9,JoinHeavy,17,Q3,SELECT,51.3441,True
5,9,JoinHeavy,18,Q5,SELECT,28.9891,True
5,9,JoinHeavy,19,Q10,SELECT,29.0711,True
5,9,JoinHeavy,20,Q10,SELECT,29.4388,True
5,9,JoinHeavy,21,Q18,SELECT,272.7317,True
5,9,JoinHeavy,22,I_customer,INSERT,0.908,True
5,9,JoinHeavy,23,I_customer,INSERT,0.298,True
5,9,JoinHeavy,24,I_customer,INSERT,0.2515,True
5,9,JoinHeavy,25,I_customer,INSERT,0.2254,True
5,9,JoinHeavy,26,I_customer,INSERT,0.4359,True
5,9,JoinHeavy,27,I_customer,INSERT,0.2161,True
5,9,JoinHeavy,28,I_customer,INSERT,0.2191,True
5,9,JoinHeavy,29,I_customer,INSERT,0.2136,True
5,9,JoinHeavy,30,I_customer,INSERT,0.2097,True
5,9,JoinHeavy,31,I_customer,INSERT,0.2085,True
5,9,JoinHeavy,32,I_customer,INSERT,0.2145,True
5,9,JoinHeavy,33,I_customer,INSERT,0.2131,True
5,9,JoinHeavy,34,I_customer,INSERT,0.2078,True
5,9,JoinHeavy,35,I_customer,INSERT,0.211,True
5,9,JoinHeavy,36,I_customer,INSERT,0.207,True
5,9,JoinHeavy,37,I_customer,INSERT,0.2143,True
5,9,JoinHeavy,38,I_customer,INSERT,0.2175,True
5,9,JoinHeavy,39,I_customer,INSERT,0.2159,True
5,10,JoinHeavy,0,Q3,SELECT,52.5863,True
5,10,JoinHeavy,1,Q3,SELECT,51.6431,True
5,10,JoinHeavy,2,Q7,SELECT,34.3653,True
5,10,JoinHeavy,3,Q3,SELECT,50.752,True
5,10,JoinHeavy,4,Q3,SELECT,51.9235,True
5,10,JoinHeavy,5,Q5,SELECT,29.496,True
5,10,JoinHeavy,6,Q10,SELECT,29.1244,True
5,10,JoinHeavy,7,Q7,SELECT,34.0488,True
5,10,JoinHeavy,8,Q3,SELECT,51.5543,True
5,10,JoinHeavy,9,Q3,SELECT,50.7943,True
5,10,JoinHeavy,10,Q3,SELECT,51.6646,True
5,10,JoinHeavy,11,Q7,SELECT,34.208,True
5,10,JoinHeavy,12,Q5,SELECT,29.2395,True
5,10,JoinHeavy,13,Q5,SELECT,27.1911,True
5,10,JoinHeavy,14,Q5,SELECT,25.9825,True
5,10,JoinHeavy,15,Q7,SELECT,34.3816,True
5,10,JoinHeavy,16,Q3,SELECT,50.9044,True
5,10,JoinHeavy,17,Q3,SELECT,51.6401,True
5,10,JoinHeavy,18,Q3,SELECT,51.5228,True
5,10,JoinHeavy,19,Q7,SELECT,34.0979,True
5,10,JoinHeavy,20,Q3,SELECT,51.5778,True
5,10,JoinHeavy,21,Q5,SELECT,29.649,True
5,10,JoinHeavy,22,I_customer,INSERT,0.4162,True
5,10,JoinHeavy,23,I_customer,INSERT,0.2293,True
5,10,JoinHeavy,24,I_customer,INSERT,0.2125,True
5,10,JoinHeavy,25,I_customer,INSERT,0.2083,True
5,10,JoinHeavy,26,I_customer,INSERT,0.1976,True
5,10,JoinHeavy,27,I_customer,INSERT,0.1945,True
5,10,JoinHeavy,28,I_customer,INSERT,0.2053,True
5,10,JoinHeavy,29,I_customer,INSERT,0.1953,True
5,10,JoinHeavy,30,I_customer,INSERT,0.1966,True
5,10,JoinHeavy,31,I_customer,INSERT,0.1919,True
5,10,JoinHeavy,32,I_customer,INSERT,0.19,True
5,10,JoinHeavy,33,I_customer,INSERT,0.1911,True
5,10,JoinHeavy,34,I_customer,INSERT,0.1931,True
5,10,JoinHeavy,35,I_customer,INSERT,0.1928,True
5,10,JoinHeavy,36,I_customer,INSERT,0.1902,True
5,10,JoinHeavy,37,I_customer,INSERT,0.1906,True
5,10,JoinHeavy,38,I_customer,INSERT,0.2963,True
5,10,JoinHeavy,39,I_customer,INSERT,0.2223,True
5,11,JoinHeavy,0,Q18,SELECT,267.4431,True
5,11,JoinHeavy,1,Q10,SELECT,31.8575,True
5,11,JoinHeavy,2,Q5,SELECT,29.0051,True
5,11,JoinHeavy,3,Q5,SELECT,28.22,True
5,11,JoinHeavy,4,Q10,SELECT,29.2944,True
5,11,JoinHeavy,5,Q7,SELECT,34.0346,True
5,11,JoinHeavy,6,Q3,SELECT,51.4479,True
5,11,JoinHeavy,7,Q10,SELECT,29.6374,True
5,11,JoinHeavy,8,Q3,SELECT,51.3507,True
5,11,JoinHeavy,9,Q3,SELECT,51.7623,True
5,11,JoinHeavy,10,Q5,SELECT,28.8788,True
5,11,JoinHeavy,11,Q3,SELECT,51.4927,True
5,11,JoinHeavy,12,Q7,SELECT,35.0063,True
5,11,JoinHeavy,13,Q10,SELECT,31.7637,True
5,11,JoinHeavy,14,Q5,SELECT,29.142,True
5,11,JoinHeavy,15,Q18,SELECT,267.7759,True
5,11,JoinHeavy,16,Q3,SELECT,51.842,True
5,11,JoinHeavy,17,Q5,SELECT,28.9652,True
5,11,JoinHeavy,18,Q10,SELECT,29.6135,True
5,11,JoinHeavy,19,Q3,SELECT,52.0355,True
5,11,JoinHeavy,20,Q5,SELECT,28.8533,True
5,11,JoinHeavy,21,Q3,SELECT,51.1,True
5,11,JoinHeavy,22,I_customer,INSERT,0.3581,True
5,11,JoinHeavy,23,I_customer,INSERT,0.1861,True
5,11,JoinHeavy,24,I_customer,INSERT,0.172,True
5,11,JoinHeavy,25,I_customer,INSERT,0.219,True
5,11,JoinHeavy,26,I_customer,INSERT,0.2192,True
5,11,JoinHeavy,27,I_customer,INSERT,0.2302,True
5,11,JoinHeavy,28,I_customer,INSERT,0.26,True
5,11,JoinHeavy,29,I_customer,INSERT,0.2205,True
5,11,JoinHeavy,30,I_customer,INSERT,0.1789,True
5,11,JoinHeavy,31,I_customer,INSERT,0.177,True
5,11,JoinHeavy,32,I_customer,INSERT,0.1864,True
5,11,JoinHeavy,33,I_customer,INSERT,0.2102,True
5,11,JoinHeavy,34,I_customer,INSERT,0.214,True
5,11,JoinHeavy,35,I_customer,INSERT,0.2145,True
5,11,JoinHeavy,36,I_customer,INSERT,0.209,True
5,11,JoinHeavy,37,I_customer,INSERT,0.1624,True
5,11,JoinHeavy,38,I_customer,INSERT,0.1457,True
5,11,JoinHeavy,39,I_customer,INSERT,0.1453,True
5,12,JoinHeavy,0,Q7,SELECT,33.7078,True
5,12,JoinHeavy,1,Q5,SELECT,28.9035,True
5,12,JoinHeavy,2,Q7,SELECT,34.3213,True
5,12,JoinHeavy,3,Q3,SELECT,51.3621,True
5,12,JoinHeavy,4,Q18,SELECT,265.1633,True
5,12,JoinHeavy,5,Q5,SELECT,28.5592,True
5,12,JoinHeavy,6,Q3,SELECT,50.7962,True
5,12,JoinHeavy,7,Q7,SELECT,36.0947,True
5,12,JoinHeavy,8,Q5,SELECT,29.0895,True
5,12,JoinHeavy,9,Q3,SELECT,51.6846,True
5,12,JoinHeavy,10,Q7,SELECT,33.9483,True
5,12,JoinHeavy,11,Q18,SELECT,263.0372,True
5,12,JoinHeavy,12,Q7,SELECT,33.7067,True
5,12,JoinHeavy,13,Q10,SELECT,29.8678,True
5,12,JoinHeavy,14,Q7,SELECT,34.021,True
5,12,JoinHeavy,15,Q5,SELECT,28.6495,True
5,12,JoinHeavy,16,Q5,SELECT,28.3032,True
5,12,JoinHeavy,17,Q18,SELECT,265.7073,True
5,12,JoinHeavy,18,Q3,SELECT,51.6097,True
5,12,JoinHeavy,19,Q10,SELECT,29.2705,True
5,12,JoinHeavy,20,Q3,SELECT,51.3206,True
5,12,JoinHeavy,21,Q10,SELECT,29.5291,True
5,12,JoinHeavy,22,I_customer,INSERT,0.4752,True
5,12,JoinHeavy,23,I_customer,INSERT,0.2548,True
5,12,JoinHeavy,24,I_customer,INSERT,0.2356,True
5,12,JoinHeavy,25,I_customer,INSERT,0.2245,True
5,12,JoinHeavy,26,I_customer,INSERT,0.2178,True
5,12,JoinHeavy,27,I_customer,INSERT,0.2167,True
5,12,JoinHeavy,28,I_customer,INSERT,0.2171,True
5,12,JoinHeavy,29,I_customer,INSERT,0.3855,True
5,12,JoinHeavy,30,I_customer,INSERT,0.2155,True
5,12,JoinHeavy,31,I_customer,INSERT,0.2208,True
5,12,JoinHeavy,32,I_customer,INSERT,0.2815,True
5,12,JoinHeavy,33,I_customer,INSERT,0.2645,True
5,12,JoinHeavy,34,I_customer,INSERT,0.2233,True
5,12,JoinHeavy,35,I_customer,INSERT,0.222,True
5,12,JoinHeavy,36,I_customer,INSERT,0.21,True
5,12,JoinHeavy,37,I_customer,INSERT,0.2119,True
5,12,JoinHeavy,38,I_customer,INSERT,0.22,True
5,12,JoinHeavy,39,I_customer,INSERT,0.2097,True
5,13,JoinHeavy,0,Q7,SELECT,34.4944,True
5,13,JoinHeavy,1,Q3,SELECT,53.1631,True
5,13,JoinHeavy,2,Q7,SELECT,34.3493,True
5,13,JoinHeavy,3,Q5,SELECT,29.1923,True
5,13,JoinHeavy,4,Q7,SELECT,33.868,True
5,13,JoinHeavy,5,Q5,SELECT,29.0889,True
5,13,JoinHeavy,6,Q10,SELECT,29.1464,True
5,13,JoinHeavy,7,Q7,SELECT,35.2256,True
5,13,JoinHeavy,8,Q3,SELECT,51.0306,True
5,13,JoinHeavy,9,Q5,SELECT,29.1661,True
5,13,JoinHeavy,10,Q3,SELECT,51.6397,True
5,13,JoinHeavy,11,Q3,SELECT,52.0617,True
5,13,JoinHeavy,12,Q10,SELECT,33.0599,True
5,13,JoinHeavy,13,Q7,SELECT,34.7852,True
5,13,JoinHeavy,14,Q7,SELECT,33.2469,True
5,13,JoinHeavy,15,Q3,SELECT,51.2454,True
5,13,JoinHeavy,16,Q5,SELECT,29.3527,True
5,13,JoinHeavy,17,Q3,SELECT,51.3708,True
5,13,JoinHeavy,18,Q3,SELECT,51.1711,True
5,13,JoinHeavy,19,Q3,SELECT,51.4105,True
5,13,JoinHeavy,20,Q10,SELECT,29.344,True
5,13,JoinHeavy,21,Q5,SELECT,28.8369,True
5,13,JoinHeavy,22,I_customer,INSERT,0.7447,True
5,13,JoinHeavy,23,I_customer,INSERT,0.2372,True
5,13,JoinHeavy,24,I_customer,INSERT,0.2274,True
5,13,JoinHeavy,25,I_customer,INSERT,0.2404,True
5,13,JoinHeavy,26,I_customer,INSERT,0.2129,True
5,13,JoinHeavy,27,I_customer,INSERT,0.2108,True
5,13,JoinHeavy,28,I_customer,INSERT,0.206,True
5,13,JoinHeavy,29,I_customer,INSERT,0.2061,True
5,13,JoinHeavy,30,I_customer,INSERT,0.207,True
5,13,JoinHeavy,31,I_customer,INSERT,0.202,True
5,13,JoinHeavy,32,I_customer,INSERT,0.2025,True
5,13,JoinHeavy,33,I_customer,INSERT,0.227,True
5,13,JoinHeavy,34,I_customer,INSERT,0.2185,True
5,13,JoinHeavy,35,I_customer,INSERT,0.1584,True
5,13,JoinHeavy,36,I_customer,INSERT,0.1463,True
5,13,JoinHeavy,37,I_customer,INSERT,0.1456,True
5,13,JoinHeavy,38,I_customer,INSERT,0.1503,True
5,13,JoinHeavy,39,I_customer,INSERT,0.1746,True
5,14,JoinHeavy,0,Q5,SELECT,25.9648,True
5,14,JoinHeavy,1,Q3,SELECT,51.9284,True
5,14,JoinHeavy,2,Q3,SELECT,51.5102,True
5,14,JoinHeavy,3,Q3,SELECT,51.4504,True
5,14,JoinHeavy,4,Q18,SELECT,264.0058,True
5,14,JoinHeavy,5,Q7,SELECT,34.2507,True
5,14,JoinHeavy,6,Q10,SELECT,29.2724,True
5,14,JoinHeavy,7,Q10,SELECT,34.0043,True
5,14,JoinHeavy,8,Q18,SELECT,265.9471,True
5,14,JoinHeavy,9,Q18,SELECT,263.321,True
5,14,JoinHeavy,10,Q5,SELECT,28.481,True
5,14,JoinHeavy,11,Q10,SELECT,29.6199,True
5,14,JoinHeavy,12,Q5,SELECT,28.891,True
5,14,JoinHeavy,13,Q18,SELECT,264.9333,True
5,14,JoinHeavy,14,Q7,SELECT,33.5208,True
5,14,JoinHeavy,15,Q3,SELECT,51.5905,True
5,14,JoinHeavy,16,Q10,SELECT,29.2217,True
5,14,JoinHeavy,17,Q10,SELECT,28.5477,True
5,14,JoinHeavy,18,Q3,SELECT,51.5614,True
5,14,JoinHeavy,19,Q3,SELECT,51.577,True
5,14,JoinHeavy,20,Q3,SELECT,51.2572,True
5,14,JoinHeavy,21,Q7,SELECT,35.2692,True
5,14,JoinHeavy,22,I_customer,INSERT,0.3907,True
5,14,JoinHeavy,23,I_customer,INSERT,0.4092,True
5,14,JoinHeavy,24,I_customer,INSERT,0.1814,True
5,14,JoinHeavy,25,I_customer,INSERT,0.174,True
5,14,JoinHeavy,26,I_customer,INSERT,0.1801,True
5,14,JoinHeavy,27,I_customer,INSERT,0.2115,True
5,14,JoinHeavy,28,I_customer,INSERT,0.1713,True
5,14,JoinHeavy,29,I_customer,INSERT,0.1701,True
5,14,JoinHeavy,30,I_customer,INSERT,0.1712,True
5,14,JoinHeavy,31,I_customer,INSERT,0.1758,True
5,14,JoinHeavy,32,I_customer,INSERT,0.1726,True
5,14,JoinHeavy,33,I_customer,INSERT,0.1647,True
5,14,JoinHeavy,34,I_customer,INSERT,0.1663,True
5,14,JoinHeavy,35,I_customer,INSERT,0.1715,True
5,14,JoinHeavy,36,I_customer,INSERT,0.1687,True
5,14,JoinHeavy,37,I_customer,INSERT,0.1649,True
5,14,JoinHeavy,38,I_customer,INSERT,0.145,True
5,14,JoinHeavy,39,I_customer,INSERT,0.1429,True
5,15,JoinHeavy,0,Q7,SELECT,34.0397,True
5,15,JoinHeavy,1,Q7,SELECT,34.787,True
5,15,JoinHeavy,2,Q3,SELECT,51.0526,True
5,15,JoinHeavy,3,Q3,SELECT,52.3298,True
5,15,JoinHeavy,4,Q5,SELECT,29.5841,True
5,15,JoinHeavy,5,Q3,SELECT,51.661,True
5,15,JoinHeavy,6,Q7,SELECT,34.551,True
5,15,JoinHeavy,7,Q7,SELECT,33.7763,True
5,15,JoinHeavy,8,Q5,SELECT,28.5665,True
5,15,JoinHeavy,9,Q3,SELECT,52.2292,True
5,15,JoinHeavy,10,Q3,SELECT,51.0812,True
5,15,JoinHeavy,11,Q10,SELECT,28.7698,True
5,15,JoinHeavy,12,Q5,SELECT,28.8325,True
5,15,JoinHeavy,13,Q3,SELECT,51.99,True
5,15,JoinHeavy,14,Q5,SELECT,29.6071,True
5,15,JoinHeavy,15,Q7,SELECT,34.4058,True
5,15,JoinHeavy,16,Q3,SELECT,51.2145,True
5,15,JoinHeavy,17,Q5,SELECT,29.3956,True
5,15,JoinHeavy,18,Q5,SELECT,27.4427,True
5,15,JoinHeavy,19,Q18,SELECT,279.686,True
5,15,JoinHeavy,20,Q5,SELECT,50.6562,True
5,15,JoinHeavy,21,Q10,SELECT,30.3705,True
5,15,JoinHeavy,22,I_customer,INSERT,0.7742,True
5,15,JoinHeavy,23,I_customer,INSERT,0.2483,True
5,15,JoinHeavy,24,I_customer,INSERT,0.2264,True
5,15,JoinHeavy,25,I_customer,INSERT,0.2458,True
5,15,JoinHeavy,26,I_customer,INSERT,0.2312,True
5,15,JoinHeavy,27,I_customer,INSERT,0.2242,True
5,15,JoinHeavy,28,I_customer,INSERT,0.2135,True
5,15,JoinHeavy,29,I_customer,INSERT,0.2117,True
5,15,JoinHeavy,30,I_customer,INSERT,0.2163,True
5,15,JoinHeavy,31,I_customer,INSERT,0.2149,True
5,15,JoinHeavy,32,I_customer,INSERT,0.4328,True
5,15,JoinHeavy,33,I_customer,INSERT,0.211,True
5,15,JoinHeavy,34,I_customer,INSERT,0.2145,True
5,15,JoinHeavy,35,I_customer,INSERT,0.2108,True
5,15,JoinHeavy,36,I_customer,INSERT,0.2223,True
5,15,JoinHeavy,37,I_customer,INSERT,0.2568,True
5,15,JoinHeavy,38,I_customer,INSERT,0.2416,True
5,15,JoinHeavy,39,I_customer,INSERT,0.2418,True
5,16,Procurement,0,D_orders,DELETE,0.1707,True
5,16,Procurement,1,D_orders,DELETE,0.118,True
5,16,Procurement,2,D_orders,DELETE,0.1837,True
5,16,Procurement,3,D_orders,DELETE,0.0915,True
5,16,Procurement,4,Q17,SELECT,156.4127,True
5,16,Procurement,5,Q6,SELECT,32.2309,True
5,16,Procurement,6,Q17,SELECT,155.2618,True
5,16,Procurement,7,Q6,SELECT,32.8839,True
5,16,Procurement,8,Q11,SELECT,16.7784,True
5,16,Procurement,9,Q6,SELECT,32.5864,True
5,16,Procurement,10,Q17,SELECT,159.6368,True
5,16,Procurement,11,Q11,SELECT,15.5443,True
5,16,Procurement,12,Q17,SELECT,167.7731,True
5,16,Procurement,13,Q11,SELECT,15.6,True
5,16,Procurement,14,Q17,SELECT,155.5113,True
5,16,Procurement,15,Q17,SELECT,156.0768,True
5,16,Procurement,16,Q11,SELECT,15.6862,True
5,16,Procurement,17,Q1,SELECT,107.3803,True
5,16,Procurement,18,Q6,SELECT,32.4083,True
5,16,Procurement,19,Q11,SELECT,15.3145,True
5,16,Procurement,20,Q14,SELECT,16.8842,True
5,16,Procurement,21,Q17,SELECT,153.5446,True
5,16,Procurement,22,Q6,SELECT,32.2545,True
5,16,Procurement,23,Q6,SELECT,33.0673,True
5,16,Procurement,24,Q1,SELECT,109.7569,True
5,17,Procurement,0,D_orders,DELETE,1.3895,True
5,17,Procurement,1,D_orders,DELETE,0.2048,True
5,17,Procurement,2,D_orders,DELETE,0.1107,True
5,17,Procurement,3,D_orders,DELETE,0.1116,True
5,17,Procurement,4,Q17,SELECT,161.297,True
5,17,Procurement,5,Q11,SELECT,14.8671,True
5,17,Procurement,6,Q14,SELECT,16.5219,True
5,17,Procurement,7,Q11,SELECT,14.4917,True
5,17,Procurement,8,Q11,SELECT,13.6686,True
5,17,Procurement,9,Q6,SELECT,31.7994,True
5,17,Procurement,10,Q6,SELECT,32.66,True
5,17,Procurement,11,Q11,SELECT,14.949,True
5,17,Procurement,12,Q6,SELECT,32.3564,True
5,17,Procurement,13,Q14,SELECT,16.4062,True
5,17,Procurement,14,Q17,SELECT,157.076,True
5,17,Procurement,15,Q17,SELECT,156.4809,True
5,17,Procurement,16,Q11,SELECT,15.275,True
5,17,Procurement,17,Q17,SELECT,153.9089,True
5,17,Procurement,18,Q11,SELECT,15.0223,True
5,17,Procurement,19,Q17,SELECT,158.9223,True
5,17,Procurement,20,Q17,SELECT,160.9027,True
5,17,Procurement,21,Q14,SELECT,17.6327,True
5,17,Procurement,22,Q6,SELECT,32.5467,True
5,17,Procurement,23,Q14,SELECT,16.698,True
5,17,Procurement,24,Q17,SELECT,154.8644,True
5,18,Procurement,0,D_orders,DELETE,0.8553,True
5,18,Procurement,1,D_orders,DELETE,0.4398,True
5,18,Procurement,2,D_orders,DELETE,0.1169,True
5,18,Procurement,3,D_orders,DELETE,0.1737,True
5,18,Procurement,4,Q14,SELECT,16.7446,True
5,18,Procurement,5,Q1,SELECT,111.9919,True
5,18,Procurement,6,Q6,SELECT,32.3995,True
5,18,Procurement,7,Q11,SELECT,15.1012,True
5,18,Procurement,8,Q11,SELECT,14.1003,True
5,18,Procurement,9,Q1,SELECT,107.6986,True
5,18,Procurement,10,Q17,SELECT,156.232,True
5,18,Procurement,11,Q6,SELECT,32.3732,True
5,18,Procurement,12,Q6,SELECT,33.0436,True
5,18,Procurement,13,Q14,SELECT,16.5735,True
5,18,Procurement,14,Q6,SELECT,31.8654,True
5,18,Procurement,15,Q1,SELECT,108.8879,True
5,18,Procurement,16,Q11,SELECT,15.3563,True
5,18,Procurement,17,Q11,SELECT,13.6467,True
5,18,Procurement,18,Q11,SELECT,13.3627,True
5,18,Procurement,19,Q11,SELECT,13.1147,True
5,18,Procurement,20,Q6,SELECT,32.5686,True
5,18,Procurement,21,Q1,SELECT,110.7939,True
5,18,Procurement,22,Q17,SELECT,156.0925,True
5,18,Procurement,23,Q17,SELECT,155.5492,True
5,18,Procurement,24,Q11,SELECT,15.4209,True
5,19,Procurement,0,D_orders,DELETE,1.4728,True
5,19,Procurement,1,D_orders,DELETE,0.1601,True
5,19,Procurement,2,D_orders,DELETE,0.091,True
5,19,Procurement,3,D_orders,DELETE,0.3159,True
5,19,Procurement,4,Q1,SELECT,109.746,True
5,19,Procurement,5,Q11,SELECT,15.3586,True
5,19,Procurement,6,Q11,SELECT,13.2284,True
5,19,Procurement,7,Q17,SELECT,157.1913,True
5,19,Procurement,8,Q11,SELECT,15.1292,True
5,19,Procurement,9,Q11,SELECT,13.5276,True
5,19,Procurement,10,Q6,SELECT,33.1187,True
5,19,Procurement,11,Q6,SELECT,32.6492,True
5,19,Procurement,12,Q1,SELECT,107.4878,True
5,19,Procurement,13,Q11,SELECT,15.2313,True
5,19,Procurement,14,Q6,SELECT,38.8436,True
5,19,Procurement,15,Q11,SELECT,17.5419,True
5,19,Procurement,16,Q14,SELECT,17.3894,True
5,19,Procurement,17,Q11,SELECT,14.8857,True
5,19,Procurement,18,Q17,SELECT,162.0845,True
5,19,Procurement,19,Q11,SELECT,15.1382,True
5,19,Procurement,20,Q17,SELECT,156.3437,True
5,19,Procurement,21,Q17,SELECT,159.0434,True
5,19,Procurement,22,Q11,SELECT,15.1705,True
5,19,Procurement,23,Q11,SELECT,13.7322,True
5,19,Procurement,24,Q17,SELECT,153.9188,True
5,20,Procurement,0,D_orders,DELETE,0.421,True
5,20,Procurement,1,D_orders,DELETE,0.5609,True
5,20,Procurement,2,D_orders,DELETE,0.5109,True
5,20,Procurement,3,D_orders,DELETE,0.1593,True
5,20,Procurement,4,Q11,SELECT,15.2106,True
5,20,Procurement,5,Q11,SELECT,13.861,True
5,20,Procurement,6,Q11,SELECT,13.5644,True
5,20,Procurement,7,Q11,SELECT,14.744,True
5,20,Procurement,8,Q6,SELECT,32.7626,True
5,20,Procurement,9,Q6,SELECT,32.9878,True
5,20,Procurement,10,Q6,SELECT,32.173,True
5,20,Procurement,11,Q17,SELECT,155.9991,True
5,20,Procurement,12,Q1,SELECT,109.2584,True
5,20,Procurement,13,Q6,SELECT,32.8005,True
5,20,Procurement,14,Q11,SELECT,15.4735,True
5,20,Procurement,15,Q11,SELECT,13.2156,True
5,20,Procurement,16,Q11,SELECT,13.7221,True
5,20,Procurement,17,Q17,SELECT,155.1896,True
5,20,Procurement,18,Q17,SELECT,158.2839,True
5,20,Procurement,19,Q17,SELECT,154.3036,True
5,20,Procurement,20,Q11,SELECT,15.4682,True
5,20,Procurement,21,Q1,SELECT,111.7053,True
5,20,Procurement,22,Q11,SELECT,15.2549,True
5,20,Procurement,23,Q6,SELECT,33.3564,True
5,20,Procurement,24,Q11,SELECT,15.5649,True
5,21,Procurement,0,D_orders,DELETE,0.3627,True
5,21,Procurement,1,D_orders,DELETE,0.1254,True
5,21,Procurement,2,D_orders,DELETE,0.1102,True
5,21,Procurement,3,D_orders,DELETE,0.2427,True
5,21,Procurement,4,Q6,SELECT,32.2535,True
5,21,Procurement,5,Q6,SELECT,33.8285,True
5,21,Procurement,6,Q17,SELECT,158.0807,True
5,21,Procurement,7,Q11,SELECT,16.5091,True
5,21,Procurement,8,Q6,SELECT,33.9362,True
5,21,Procurement,9,Q14,SELECT,16.8246,True
5,21,Procurement,10,Q14,SELECT,13.15,True
5,21,Procurement,11,Q6,SELECT,33.0236,True
5,21,Procurement,12,Q1,SELECT,108.3287,True
5,21,Procurement,13,Q11,SELECT,16.0106,True
5,21,Procurement,14,Q14,SELECT,17.1056,True
5,21,Procurement,15,Q1,SELECT,105.9972,True
5,21,Procurement,16,Q6,SELECT,32.5783,True
5,21,Procurement,17,Q11,SELECT,15.5576,True
5,21,Procurement,18,Q17,SELECT,154.966,True
5,21,Procurement,19,Q11,SELECT,15.5051,True
5,21,Procurement,20,Q17,SELECT,157.2404,True
5,21,Procurement,21,Q11,SELECT,15.3607,True
5,21,Procurement,22,Q17,SELECT,156.9187,True
5,21,Procurement,23,Q17,SELECT,157.4889,True
5,21,Procurement,24,Q14,SELECT,16.411,True
5,22,Procurement,0,D_orders,DELETE,1.4633,True
5,22,Procurement,1,D_orders,DELETE,0.1366,True
5,22,Procurement,2,D_orders,DELETE,0.1113,True
5,22,Procurement,3,D_orders,DELETE,0.1042,True
5,22,Procurement,4,Q6,SELECT,32.2983,True
5,22,Procurement,5,Q17,SELECT,157.1792,True
5,22,Procurement,6,Q14,SELECT,17.462,True
5,22,Procurement,7,Q11,SELECT,14.9363,True
5,22,Procurement,8,Q14,SELECT,14.3625,True
5,22,Procurement,9,Q6,SELECT,32.5375,True
5,22,Procurement,10,Q17,SELECT,154.2246,True
5,22,Procurement,11,Q17,SELECT,154.4836,True
5,22,Procurement,12,Q6,SELECT,33.1069,True
5,22,Procurement,13,Q17,SELECT,156.7442,True
5,22,Procurement,14,Q14,SELECT,16.4278,True
5,22,Procurement,15,Q17,SELECT,157.3255,True
5,22,Procurement,16,Q6,SELECT,32.6503,True
5,22,Procurement,17,Q17,SELECT,157.5445,True
5,22,Procurement,18,Q1,SELECT,110.8591,True
5,22,Procurement,19,Q1,SELECT,107.0778,True
5,22,Procurement,20,Q6,SELECT,32.5353,True
5,22,Procurement,21,Q17,SELECT,155.4969,True
5,22,Procurement,22,Q11,SELECT,15.5185,True
5,22,Procurement,23,Q11,SELECT,13.8502,True
5,22,Procurement,24,Q11,SELECT,13.2074,True
5,23,Procurement,0,D_orders,DELETE,0.4668,True
5,23,Procurement,1,D_orders,DELETE,0.123,True
5,23,Procurement,2,D_orders,DELETE,0.4486,True
5,23,Procurement,3,D_orders,DELETE,0.178,True
5,23,Procurement,4,Q11,SELECT,13.4879,True
5,23,Procurement,5,Q1,SELECT,108.9527,True
5,23,Procurement,6,Q17,SELECT,156.562,True
5,23,Procurement,7,Q6,SELECT,32.9579,True
5,23,Procurement,8,Q14,SELECT,16.6866,True
5,23,Procurement,9,Q6,SELECT,32.8175,True
5,23,Procurement,10,Q14,SELECT,16.8137,True
5,23,Procurement,11,Q6,SELECT,32.0921,True
5,23,Procurement,12,Q1,SELECT,107.9577,True
5,23,Procurement,13,Q17,SELECT,157.6237,True
5,23,Procurement,14,Q1,SELECT,109.0625,True
5,23,Procurement,15,Q17,SELECT,156.287,True
5,23,Procurement,16,Q11,SELECT,15.3931,True
5,23,Procurement,17,Q17,SELECT,157.4274,True
5,23,Procurement,18,Q14,SELECT,17.0016,True
5,23,Procurement,19,Q6,SELECT,32.9423,True
5,23,Procurement,20,Q11,SELECT,15.2652,True
5,23,Procurement,21,Q6,SELECT,32.5843,True
5,23,Procurement,22,Q17,SELECT,156.241,True
5,23,Procurement,23,Q6,SELECT,32.4379,True
5,23,Procurement,24,Q11,SELECT,15.5576,True
5,24,Customer,0,Q18,SELECT,277.1135,True
5,24,Customer,1,U_customer,UPDATE,1.3335,True
5,24,Customer,2,Q3,SELECT,51.5591,True
5,24,Customer,3,U_customer,UPDATE,0.4312,True
5,24,Customer,4,Q10,SELECT,29.372,True
5,24,Customer,5,U_customer,UPDATE,0.311,True
5,24,Customer,6,Q3,SELECT,50.9798,True
5,24,Customer,7,U_customer,UPDATE,0.6467,True
5,24,Customer,8,Q3,SELECT,51.6973,True
5,24,Customer,9,U_customer,UPDATE,0.4131,True
5,24,Customer,10,Q3,SELECT,51.7187,True
5,24,Customer,11,U_customer,UPDATE,0.6073,True
5,24,Customer,12,Q7,SELECT,34.7872,True
5,24,Customer,13,U_customer,UPDATE,0.393,True
5,24,Customer,14,Q18,SELECT,266.0992,True
5,24,Customer,15,U_customer,UPDATE,0.3701,True
5,24,Customer,16,Q10,SELECT,29.1645,True
5,24,Customer,17,U_customer,UPDATE,0.4124,True
5,24,Customer,18,Q10,SELECT,29.5727,True
5,24,Customer,19,U_customer,UPDATE,0.3366,True
5,25,Customer,0,Q7,SELECT,34.7443,True
5,25,Customer,1,U_customer,UPDATE,0.6131,True
5,25,Customer,2,Q10,SELECT,29.4272,True
5,25,Customer,3,U_customer,UPDATE,0.3895,True
5,25,Customer,4,Q3,SELECT,51.7395,True
5,25,Customer,5,U_customer,UPDATE,0.5738,True
5,25,Customer,6,Q3,SELECT,51.6998,True
5,25,Customer,7,U_customer,UPDATE,0.4178,True
5,25,Customer,8,Q3,SELECT,50.6907,True
5,25,Customer,9,U_customer,UPDATE,0.5615,True
5,25,Customer,10,Q3,SELECT,51.7142,True
5,25,Customer,11,U_customer,UPDATE,0.437,True
5,25,Customer,12,Q7,SELECT,35.1715,True
5,25,Customer,13,U_customer,UPDATE,0.4177,True
5,25,Customer,14,Q3,SELECT,52.1055,True
5,25,Customer,15,U_customer,UPDATE,0.4534,True
5,25,Customer,16,Q5,SELECT,29.2661,True
5,25,Customer,17,U_customer,UPDATE,0.5043,True
5,25,Customer,18,Q10,SELECT,29.986,True
5,25,Customer,19,U_customer,UPDATE,0.4269,True
5,26,Customer,0,Q3,SELECT,51.4931,True
5,26,Customer,1,U_customer,UPDATE,0.4559,True
5,26,Customer,2,Q3,SELECT,51.8121,True
5,26,Customer,3,U_customer,UPDATE,1.8571,True
5,26,Customer,4,Q3,SELECT,51.995,True
5,26,Customer,5,U_customer,UPDATE,0.4158,True
5,26,Customer,6,Q10,SELECT,29.1898,True
5,26,Customer,7,U_customer,UPDATE,0.3901,True
5,26,Customer,8,Q18,SELECT,266.0273,True
5,26,Customer,9,U_customer,UPDATE,0.4022,True
5,26,Customer,10,Q18,SELECT,263.7221,True
5,26,Customer,11,U_customer,UPDATE,1.2508,True
5,26,Customer,12,Q7,SELECT,34.8338,True
5,26,Customer,13,U_customer,UPDATE,0.4425,True
5,26,Customer,14,Q18,SELECT,267.7538,True
5,26,Customer,15,U_customer,UPDATE,0.4936,True
5,26,Customer,16,Q18,SELECT,267.6473,True
5,26,Customer,17,U_customer,UPDATE,0.4608,True
5,26,Customer,18,Q18,SELECT,265.239,True
5,26,Customer,19,U_customer,UPDATE,1.4218,True
5,27,Customer,0,Q10,SELECT,29.9438,True
5,27,Customer,1,U_customer,UPDATE,0.4386,True
5,27,Customer,2,Q5,SELECT,29.1386,True
5,27,Customer,3,U_customer,UPDATE,0.5493,True
5,27,Customer,4,Q10,SELECT,29.5461,True
5,27,Customer,5,U_customer,UPDATE,0.5462,True
5,27,Customer,6,Q7,SELECT,34.6885,True
5,27,Customer,7,U_customer,UPDATE,0.424,True
5,27,Customer,8,Q18,SELECT,268.5411,True
5,27,Customer,9,U_customer,UPDATE,0.7249,True
5,27,Customer,10,Q10,SELECT,29.2563,True
5,27,Customer,11,U_customer,UPDATE,0.7052,True
5,27,Customer,12,Q3,SELECT,52.0548,True
5,27,Customer,13,U_customer,UPDATE,0.3307,True
5,27,Customer,14,Q3,SELECT,52.0744,True
5,27,Customer,15,U_customer,UPDATE,0.6321,True
5,27,Customer,16,Q3,SELECT,51.4067,True
5,27,Customer,17,U_customer,UPDATE,0.4217,True
5,27,Customer,18,Q3,SELECT,51.4976,True
5,27,Customer,19,U_customer,UPDATE,0.3866,True
5,28,Customer,0,Q3,SELECT,53.3052,True
5,28,Customer,1,U_customer,UPDATE,0.4513,True
5,28,Customer,2,Q3,SELECT,51.6346,True
5,28,Customer,3,U_customer,UPDATE,0.4554,True
5,28,Customer,4,Q10,SELECT,29.5536,True
5,28,Customer,5,U_customer,UPDATE,0.2602,True
5,28,Customer,6,Q3,SELECT,51.0767,True
5,28,Customer,7,U_customer,UPDATE,3.418,True
5,28,Customer,8,Q3,SELECT,51.2479,True
5,28,Customer,9,U_customer,UPDATE,0.6385,True
5,28,Customer,10,Q18,SELECT,264.1536,True
5,28,Customer,11,U_customer,UPDATE,1.3485,True
5,28,Customer,12,Q18,SELECT,263.8317,True
5,28,Customer,13,U_customer,UPDATE,0.2503,True
5,28,Customer,14,Q18,SELECT,266.6754,True
5,28,Customer,15,U_customer,UPDATE,0.7391,True
5,28,Customer,16,Q5,SELECT,28.849,True
5,28,Customer,17,U_customer,UPDATE,0.4432,True
5,28,Customer,18,Q7,SELECT,33.7288,True
5,28,Customer,19,U_customer,UPDATE,0.6062,True
5,29,Customer,0,Q3,SELECT,52.174,True
5,29,Customer,1,U_customer,UPDATE,0.5313,True
5,29,Customer,2,Q3,SELECT,51.0927,True
5,29,Customer,3,U_customer,UPDATE,0.4704,True
5,29,Customer,4,Q18,SELECT,266.7949,True
5,29,Customer,5,U_customer,UPDATE,0.4453,True
5,29,Customer,6,Q18,SELECT,265.1698,True
5,29,Customer,7,U_customer,UPDATE,0.7837,True
5,29,Customer,8,Q10,SELECT,29.2901,True
5,29,Customer,9,U_customer,UPDATE,0.6332,True
5,29,Customer,10,Q3,SELECT,51.665,True
5,29,Customer,11,U_customer,UPDATE,0.489,True
5,29,Customer,12,Q18,SELECT,268.1042,True
5,29,Customer,13,U_customer,UPDATE,0.6909,True
5,29,Customer,14,Q10,SELECT,29.981,True
5,29,Customer,15,U_customer,UPDATE,0.4401,True
5,29,Customer,16,Q18,SELECT,265.7035,True
5,29,Customer,17,U_customer,UPDATE,0.3746,True
5,29,Customer,18,Q3,SELECT,50.677,True
5,29,Customer,19,U_customer,UPDATE,0.4707,True
5,30,Customer,0,Q18,SELECT,265.556,True
5,30,Customer,1,U_customer,UPDATE,0.4356,True
5,30,Customer,2,Q3,SELECT,50.7347,True
5,30,Customer,3,U_customer,UPDATE,0.4593,True
5,30,Customer,4,Q10,SELECT,29.3994,True
5,30,Customer,5,U_customer,UPDATE,0.4088,True
5,30,Customer,6,Q10,SELECT,30.0509,True
5,30,Customer,7,U_customer,UPDATE,0.2871,True
5,30,Customer,8,Q3,SELECT,52.23,True
5,30,Customer,9,U_customer,UPDATE,0.2574,True
5,30,Customer,10,Q5,SELECT,29.643,True
5,30,Customer,11,U_customer,UPDATE,0.2581,True
5,30,Customer,12,Q10,SELECT,29.3204,True
5,30,Customer,13,U_customer,UPDATE,0.268,True
5,30,Customer,14,Q5,SELECT,28.7675,True
5,30,Customer,15,U_customer,UPDATE,0.522,True
5,30,Customer,16,Q7,SELECT,33.9508,True
5,30,Customer,17,U_customer,UPDATE,0.4446,True
5,30,Customer,18,Q10,SELECT,29.1506,True
5,30,Customer,19,U_customer,UPDATE,0.363,True
5,31,Customer,0,Q10,SELECT,29.0643,True
5,31,Customer,1,U_customer,UPDATE,0.472,True
5,31,Customer,2,Q5,SELECT,29.6086,True
5,31,Customer,3,U_customer,UPDATE,0.294,True
5,31,Customer,4,Q18,SELECT,265.3901,True
5,31,Customer,5,U_customer,UPDATE,0.7432,True
5,31,Customer,6,Q10,SELECT,29.3125,True
5,31,Customer,7,U_customer,UPDATE,0.4213,True
5,31,Customer,8,Q3,SELECT,51.6298,True
5,31,Customer,9,U_customer,UPDATE,0.3954,True
5,31,Customer,10,Q18,SELECT,266.3888,True
5,31,Customer,11,U_customer,UPDATE,0.455,True
5,31,Customer,12,Q18,SELECT,265.1197,True
5,31,Customer,13,U_customer,UPDATE,0.709,True
5,31,Customer,14,Q18,SELECT,264.9948,True
5,31,Customer,15,U_customer,UPDATE,0.7386,True
5,31,Customer,16,Q7,SELECT,33.9261,True
5,31,Customer,17,U_customer,UPDATE,0.3857,True
5,31,Customer,18,Q10,SELECT,29.1241,True
5,31,Customer,19,U_customer,UPDATE,3.5708,True
