run,window,phase,seq,query,op_type,exec_ms,ok
1,0,Reporting,0,U_orders,UPDATE,3.8958,True
1,0,Reporting,1,Q6,SELECT,10213.2088,True
1,0,Reporting,2,Q14,SELECT,10137.7235,True
1,0,Reporting,3,Q1,SELECT,11584.8779,True
1,0,Reporting,4,Q14,SELECT,8532.5255,True
1,0,Reporting,5,Q6,SELECT,7607.3637,True
1,0,Reporting,6,U_orders,UPDATE,1.3325,True
1,0,Reporting,7,Q14,SELECT,6862.6631,True
1,0,Reporting,8,Q14,SELECT,6188.6597,True
1,0,Reporting,9,Q1,SELECT,8056.1607,True
1,0,Reporting,10,Q4,SELECT,17322.6102,True
1,0,Reporting,11,Q1,SELECT,11994.3692,True
1,0,Reporting,12,Q4,SELECT,5954.7056,True
1,0,Reporting,13,Q1,SELECT,12875.3995,True
1,0,Reporting,14,Q14,SELECT,10568.753,True
1,0,Reporting,15,U_orders,UPDATE,1.493,True
1,0,Reporting,16,Q1,SELECT,12134.0076,True
1,0,Reporting,17,Q6,SELECT,10589.7562,True
1,0,Reporting,18,Q1,SELECT,13688.8692,True
1,0,Reporting,19,Q1,SELECT,12804.4735,True
1,0,Reporting,20,U_orders,UPDATE,2.1755,True
1,0,Reporting,21,U_orders,UPDATE,1.014,True
1,0,Reporting,22,Q14,SELECT,11040.5574,True
1,0,Reporting,23,Q14,SELECT,10643.8632,True
1,0,Reporting,24,Q6,SELECT,10707.5575,True
1,0,Reporting,25,U_orders,UPDATE,2.2003,True
1,0,Reporting,26,Q1,SELECT,13999.5117,True
1,0,Reporting,27,Q14,SELECT,10578.003,True
1,0,Reporting,28,Q14,SELECT,11623.4764,True
1,0,Reporting,29,Q1,SELECT,14459.1589,True
1,1,Reporting,0,Q1,SELECT,13807.0211,True
1,1,Reporting,1,Q12,SELECT,10565.6337,True
1,1,Reporting,2,Q14,SELECT,10227.132,True
1,1,Reporting,3,Q1,SELECT,12335.9177,True
1,1,Reporting,4,Q14,SELECT,10200.5425,True
1,1,Reporting,5,Q1,SELECT,12005.2061,True
1,1,Reporting,6,U_orders,UPDATE,1.9035,True
1,1,Reporting,7,Q6,SELECT,9795.4569,True
1,1,Reporting,8,Q1,SELECT,12353.6282,True
1,1,Reporting,9,Q12,SELECT,10391.1005,True
1,1,Reporting,10,Q6,SELECT,9891.2504,True
1,1,Reporting,11,U_orders,UPDATE,1.2703,True
1,1,Reporting,12,Q14,SELECT,10475.3398,True
1,1,Reporting,13,U_orders,UPDATE,0.9285,True
1,1,Reporting,14,Q14,SELECT,12595.1233,True
1,1,Reporting,15,U_orders,UPDATE,1.5085,True
1,1,Reporting,16,Q12,SELECT,10246.7514,True
1,1,Reporting,17,Q1,SELECT,12353.3759,True
1,1,Reporting,18,Q6,SELECT,10266.6841,True
1,1,Reporting,19,Q6,SELECT,10062.3138,True
1,1,Reporting,20,U_orders,UPDATE,1.1698,True
1,1,Reporting,21,U_orders,UPDATE,0.6812,True
1,1,Reporting,22,Q1,SELECT,12789.3365,True
1,1,Reporting,23,Q12,SELECT,10514.7788,True
1,1,Reporting,24,Q6,SELECT,11666.1749,True
1,1,Reporting,25,Q6,SELECT,9978.3551,True
1,1,Reporting,26,Q6,SELECT,9814.5338,True
1,1,Reporting,27,Q14,SELECT,10053.1367,True
1,1,Reporting,28,Q1,SELECT,12239.2314,True
1,1,Reporting,29,Q6,SELECT,10049.7428,True
1,2,Reporting,0,Q1,SELECT,12620.0339,True
1,2,Reporting,1,Q6,SELECT,9954.3252,True
1,2,Reporting,2,Q1,SELECT,12284.4247,True
1,2,Reporting,3,Q6,SELECT,9996.6701,True
1,2,Reporting,4,Q1,SELECT,12357.4819,True
1,2,Reporting,5,Q1,SELECT,12209.3617,True
1,2,Reporting,6,U_orders,UPDATE,3.1382,True
1,2,Reporting,7,Q12,SELECT,10354.0129,True
1,2,Reporting,8,Q14,SELECT,10254.3607,True
1,2,Reporting,9,Q1,SELECT,12243.1325,True
1,2,Reporting,10,Q1,SELECT,12193.5007,True
1,2,Reporting,11,Q1,SELECT,12314.6382,True
1,2,Reporting,12,Q6,SELECT,9904.4807,True
1,2,Reporting,13,Q6,SELECT,9828.1111,True
1,2,Reporting,14,Q12,SELECT,10171.1649,True
1,2,Reporting,15,Q4,SELECT,3158.337,True
1,2,Reporting,16,U_orders,UPDATE,1.5905,True
1,2,Reporting,17,Q12,SELECT,10346.0007,True
1,2,Reporting,18,Q4,SELECT,3199.54,True
1,2,Reporting,19,Q12,SELECT,10277.8566,True
1,2,Reporting,20,U_orders,UPDATE,2.3549,True
1,2,Reporting,21,Q1,SELECT,12315.9927,True
1,2,Reporting,22,U_orders,UPDATE,1.335,True
1,2,Reporting,23,U_orders,UPDATE,0.7821,True
1,2,Reporting,24,Q14,SELECT,10342.7546,True
1,2,Reporting,25,Q12,SELECT,10304.7754,True
1,2,Reporting,26,Q12,SELECT,10510.5117,True
1,2,Reporting,27,Q1,SELECT,12366.0624,True
1,2,Reporting,28,U_orders,UPDATE,1.9964,True
1,2,Reporting,29,Q4,SELECT,1481.1935,True
1,3,Reporting,0,Q6,SELECT,10187.5521,True
1,3,Reporting,1,Q14,SELECT,10368.3803,True
1,3,Reporting,2,Q1,SELECT,12295.6175,True
1,3,Reporting,3,Q12,SELECT,10562.703,True
1,3,Reporting,4,Q6,SELECT,9976.667,True
1,3,Reporting,5,Q1,SELECT,12351.9477,True
1,3,Reporting,6,U_orders,UPDATE,5.4033,True
1,3,Reporting,7,Q12,SELECT,10297.185,True
1,3,Reporting,8,Q14,SELECT,10025.5355,True
1,3,Reporting,9,U_orders,UPDATE,1.2625,True
1,3,Reporting,10,U_orders,UPDATE,0.6506,True
1,3,Reporting,11,Q14,SELECT,9991.5295,True
1,3,Reporting,12,Q1,SELECT,12315.7805,True
1,3,Reporting,13,Q6,SELECT,9887.998,True
1,3,Reporting,14,Q1,SELECT,12348.0107,True
1,3,Reporting,15,Q14,SELECT,10275.8681,True
1,3,Reporting,16,Q1,SELECT,12172.4231,True
1,3,Reporting,17,Q6,SELECT,9862.2976,True
1,3,Reporting,18,Q6,SELECT,9947.0595,True
1,3,Reporting,19,Q14,SELECT,10089.3586,True
1,3,Reporting,20,Q1,SELECT,12630.5254,True
1,3,Reporting,21,Q1,SELECT,12325.6985,True
1,3,Reporting,22,Q14,SELECT,10394.3638,True
1,3,Reporting,23,Q6,SELECT,9983.5089,True
1,3,Reporting,24,U_orders,UPDATE,2.1212,True
1,3,Reporting,25,Q1,SELECT,12288.9852,True
1,3,Reporting,26,Q14,SELECT,9861.0595,True
1,3,Reporting,27,U_orders,UPDATE,1.0071,True
1,3,Reporting,28,U_orders,UPDATE,0.9177,True
1,3,Reporting,29,Q6,SELECT,9845.8634,True
1,4,Reporting,0,Q6,SELECT,9876.9027,True
1,4,Reporting,1,Q14,SELECT,10155.3621,True
1,4,Reporting,2,U_orders,UPDATE,1.5454,True
1,4,Reporting,3,Q1,SELECT,12591.0363,True
1,4,Reporting,4,Q14,SELECT,9987.537,True
1,4,Reporting,5,Q14,SELECT,9997.3956,True
1,4,Reporting,6,Q4,SELECT,5196.9797,True
1,4,Reporting,7,Q12,SELECT,10266.9216,True
1,4,Reporting,8,Q1,SELECT,12219.6784,True
1,4,Reporting,9,Q12,SELECT,10300.9709,True
1,4,Reporting,10,Q1,SELECT,12545.2475,True
1,4,Reporting,11,Q6,SELECT,9976.4382,True
1,4,Reporting,12,Q14,SELECT,9976.9635,True
1,4,Reporting,13,Q6,SELECT,10155.3559,True
1,4,Reporting,14,Q1,SELECT,12427.7121,True
1,4,Reporting,15,Q4,SELECT,3260.6259,True
1,4,Reporting,16,U_orders,UPDATE,2.5047,True
1,4,Reporting,17,Q1,SELECT,12670.657,True
1,4,Reporting,18,U_orders,UPDATE,3.9162,True
1,4,Reporting,19,Q4,SELECT,1197.7884,True
1,4,Reporting,20,Q1,SELECT,12613.8614,True
1,4,Reporting,21,Q1,SELECT,12146.4451,True
1,4,Reporting,22,Q6,SELECT,9978.7108,True
1,4,Reporting,23,Q1,SELECT,12237.6288,True
1,4,Reporting,24,U_orders,UPDATE,2.1213,True
1,4,Reporting,25,Q14,SELECT,9901.8791,True
1,4,Reporting,26,U_orders,UPDATE,1.218,True
1,4,Reporting,27,Q14,SELECT,9874.4099,True
1,4,Reporting,28,U_orders,UPDATE,0.9282,True
1,4,Reporting,29,Q12,SELECT,10280.81,True
1,5,Reporting,0,Q6,SELECT,9983.3472,True
1,5,Reporting,1,Q14,SELECT,9977.5396,True
1,5,Reporting,2,Q4,SELECT,1703.6601,True
1,5,Reporting,3,Q6,SELECT,9795.2592,True
1,5,Reporting,4,Q4,SELECT,1765.6429,True
1,5,Reporting,5,Q12,SELECT,10210.5658,True
1,5,Reporting,6,Q1,SELECT,12240.1995,True
1,5,Reporting,7,Q4,SELECT,2447.4086,True
1,5,Reporting,8,Q1,SELECT,12408.574,True
1,5,Reporting,9,Q1,SELECT,14121.1164,True
1,5,Reporting,10,Q1,SELECT,13122.7532,True
1,5,Reporting,11,U_orders,UPDATE,2.8251,True
1,5,Reporting,12,Q12,SELECT,10432.3621,True
1,5,Reporting,13,Q1,SELECT,12321.1376,True
1,5,Reporting,14,U_orders,UPDATE,5.6172,True
1,5,Reporting,15,Q1,SELECT,12228.305,True
1,5,Reporting,16,Q14,SELECT,10197.85,True
1,5,Reporting,17,Q1,SELECT,12139.905,True
1,5,Reporting,18,Q12,SELECT,10689.7246,True
1,5,Reporting,19,Q14,SELECT,9953.7887,True
1,5,Reporting,20,Q6,SELECT,9842.0815,True
1,5,Reporting,21,U_orders,UPDATE,2.2804,True
1,5,Reporting,22,Q1,SELECT,12685.1713,True
1,5,Reporting,23,Q12,SELECT,10234.2191,True
1,5,Reporting,24,Q6,SELECT,9828.232,True
1,5,Reporting,25,Q6,SELECT,9909.8701,True
1,5,Reporting,26,U_orders,UPDATE,1.5681,True
1,5,Reporting,27,Q12,SELECT,10507.6125,True
1,5,Reporting,28,U_orders,UPDATE,1.5037,True
1,5,Reporting,29,U_orders,UPDATE,1.0272,True
1,6,Reporting,0,Q6,SELECT,10012.1949,True
1,6,Reporting,1,Q6,SELECT,9712.3524,True
1,6,Reporting,2,Q6,SELECT,9842.9827,True
1,6,Reporting,3,U_orders,UPDATE,1.2079,True
1,6,Reporting,4,Q14,SELECT,9883.3335,True
1,6,Reporting,5,Q14,SELECT,9934.4502,True
1,6,Reporting,6,Q1,SELECT,12477.2413,True
1,6,Reporting,7,Q14,SELECT,9897.9655,True
1,6,Reporting,8,Q1,SELECT,12197.2523,True
1,6,Reporting,9,Q4,SELECT,1972.9705,True
1,6,Reporting,10,Q1,SELECT,12225.897,True
1,6,Reporting,11,U_orders,UPDATE,1.7403,True
1,6,Reporting,12,Q12,SELECT,10261.2963,True
1,6,Reporting,13,Q4,SELECT,2351.6077,True
1,6,Reporting,14,Q1,SELECT,12453.1353,True
1,6,Reporting,15,Q14,SELECT,10040.3807,True
1,6,Reporting,16,Q6,SELECT,10068.6387,True
1,6,Reporting,17,Q6,SELECT,10609.7152,True
1,6,Reporting,18,Q1,SELECT,12261.3872,True
1,6,Reporting,19,U_orders,UPDATE,2.9902,True
1,6,Reporting,20,Q6,SELECT,9937.9218,True
1,6,Reporting,21,Q14,SELECT,9985.6113,True
1,6,Reporting,22,Q1,SELECT,12677.3839,True
1,6,Reporting,23,U_orders,UPDATE,2.8719,True
1,6,Reporting,24,Q1,SELECT,12761.654,True
1,6,Reporting,25,U_orders,UPDATE,2.3566,True
1,6,Reporting,26,U_orders,UPDATE,0.8516,True
1,6,Reporting,27,Q6,SELECT,10504.7195,True
1,6,Reporting,28,Q14,SELECT,10959.9033,True
1,6,Reporting,29,Q6,SELECT,9876.7517,True
1,7,Reporting,0,U_orders,UPDATE,2.2491,True
1,7,Reporting,1,Q1,SELECT,12314.6233,True
1,7,Reporting,2,Q1,SELECT,12239.8602,True
1,7,Reporting,3,Q14,SELECT,9939.8589,True
1,7,Reporting,4,Q4,SELECT,2722.3136,True
1,7,Reporting,5,Q1,SELECT,12322.5883,True
1,7,Reporting,6,Q14,SELECT,10060.013,True
1,7,Reporting,7,U_orders,UPDATE,1.7363,True
1,7,Reporting,8,U_orders,UPDATE,0.6046,True
1,7,Reporting,9,Q6,SELECT,9963.2938,True
1,7,Reporting,10,Q6,SELECT,9991.3588,True
1,7,Reporting,11,Q14,SELECT,9946.1921,True
1,7,Reporting,12,Q6,SELECT,9881.0416,True
1,7,Reporting,13,Q14,SELECT,10190.981,True
1,7,Reporting,14,Q14,SELECT,10048.0766,True
1,7,Reporting,15,Q14,SELECT,9960.8264,True
1,7,Reporting,16,Q1,SELECT,12382.3666,True
1,7,Reporting,17,Q12,SELECT,10140.3359,True
1,7,Reporting,18,U_orders,UPDATE,2.5477,True
1,7,Reporting,19,Q14,SELECT,9945.1022,True
1,7,Reporting,20,U_orders,UPDATE,1.0854,True
1,7,Reporting,21,Q6,SELECT,9969.8482,True
1,7,Reporting,22,Q1,SELECT,12294.4717,True
1,7,Reporting,23,Q12,SELECT,10162.3352,True
1,7,Reporting,24,Q12,SELECT,10461.9914,True
1,7,Reporting,25,U_orders,UPDATE,3.0823,True
1,7,Reporting,26,Q12,SELECT,11142.3191,True
1,7,Reporting,27,Q4,SELECT,3240.739,True
1,7,Reporting,28,Q4,SELECT,1028.6946,True
1,7,Reporting,29,Q1,SELECT,12393.9617,True
1,8,JoinHeavy,0,Q3,SELECT,14324.8205,True
1,8,JoinHeavy,1,Q7,SELECT,15138.6238,True
1,8,JoinHeavy,2,Q18,SELECT,30513.8967,True
1,8,JoinHeavy,3,Q7,SELECT,14681.1539,True
1,8,JoinHeavy,4,Q5,SELECT,9769.3708,True
1,8,JoinHeavy,5,Q5,SELECT,2066.1638,True
1,8,JoinHeavy,6,Q3,SELECT,12754.4662,True
1,8,JoinHeavy,7,Q10,SELECT,12643.1108,True
1,8,JoinHeavy,8,Q5,SELECT,1137.4431,True
1,8,JoinHeavy,9,Q10,SELECT,12732.9877,True
1,8,JoinHeavy,10,Q3,SELECT,13340.8039,True
1,8,JoinHeavy,11,Q3,SELECT,13721.8871,True
1,8,JoinHeavy,12,Q10,SELECT,12948.514,True
1,8,JoinHeavy,13,Q10,SELECT,13076.6763,True
1,8,JoinHeavy,14,Q7,SELECT,13925.6057,True
1,8,JoinHeavy,15,Q3,SELECT,12699.2899,True
1,8,JoinHeavy,16,Q5,SELECT,9154.2877,True
1,8,JoinHeavy,17,Q5,SELECT,1107.8669,True
1,8,JoinHeavy,18,Q5,SELECT,1043.5793,True
1,8,JoinHeavy,19,Q10,SELECT,12034.9353,True
1,8,JoinHeavy,20,Q18,SELECT,30678.2924,True
1,8,JoinHeavy,21,Q5,SELECT,1098.9398,True
1,8,JoinHeavy,22,I_customer,INSERT,3.4689,True
1,8,JoinHeavy,23,I_customer,INSERT,0.2814,True
1,8,JoinHeavy,24,I_customer,INSERT,0.2679,True
1,8,JoinHeavy,25,I_customer,INSERT,0.2543,True
1,8,JoinHeavy,26,I_customer,INSERT,0.2676,True
1,8,JoinHeavy,27,I_customer,INSERT,0.2577,True
1,8,JoinHeavy,28,I_customer,INSERT,0.2686,True
1,8,JoinHeavy,29,I_customer,INSERT,0.2292,True
1,8,JoinHeavy,30,I_customer,INSERT,0.2496,True
1,8,JoinHeavy,31,I_customer,INSERT,0.246,True
1,8,JoinHeavy,32,I_customer,INSERT,0.2349,True
1,8,JoinHeavy,33,I_customer,INSERT,0.2469,True
1,8,JoinHeavy,34,I_customer,INSERT,0.1895,True
1,8,JoinHeavy,35,I_customer,INSERT,0.1712,True
1,8,JoinHeavy,36,I_customer,INSERT,0.3132,True
1,8,JoinHeavy,37,I_customer,INSERT,0.1687,True
1,8,JoinHeavy,38,I_customer,INSERT,0.1647,True
1,8,JoinHeavy,39,I_customer,INSERT,0.1765,True
1,9,JoinHeavy,0,Q7,SELECT,15495.8139,True
1,9,JoinHeavy,1,Q18,SELECT,32232.5598,True
1,9,JoinHeavy,2,Q10,SELECT,12813.8959,True
1,9,JoinHeavy,3,Q10,SELECT,12815.887,True
1,9,JoinHeavy,4,Q18,SELECT,31232.2874,True
1,9,JoinHeavy,5,Q5,SELECT,11165.258,True
1,9,JoinHeavy,6,Q3,SELECT,12720.4085,True
1,9,JoinHeavy,7,Q10,SELECT,12837.2353,True
1,9,JoinHeavy,8,Q10,SELECT,12365.8688,True
1,9,JoinHeavy,9,Q5,SELECT,1028.479,True
1,9,JoinHeavy,10,Q3,SELECT,13225.1182,True
1,9,JoinHeavy,11,Q10,SELECT,12630.481,True
1,9,JoinHeavy,12,Q3,SELECT,13131.5175,True
1,9,JoinHeavy,13,Q3,SELECT,13153.2378,True
1,9,JoinHeavy,14,Q3,SELECT,13348.4212,True
1,9,JoinHeavy,15,Q3,SELECT,13066.0766,True
1,9,JoinHeavy,16,Q7,SELECT,14069.2707,True
1,9,JoinHeavy,17,Q18,SELECT,30965.6286,True
1,9,JoinHeavy,18,Q3,SELECT,13328.673,True
1,9,JoinHeavy,19,Q5,SELECT,11024.5105,True
1,9,JoinHeavy,20,Q10,SELECT,13692.46,True
1,9,JoinHeavy,21,Q5,SELECT,1076.8073,True
1,9,JoinHeavy,22,I_customer,INSERT,2.3615,True
1,9,JoinHeavy,23,I_customer,INSERT,0.4299,True
1,9,JoinHeavy,24,I_customer,INSERT,0.3139,True
1,9,JoinHeavy,25,I_customer,INSERT,0.2796,True
1,9,JoinHeavy,26,I_customer,INSERT,0.2676,True
1,9,JoinHeavy,27,I_customer,INSERT,0.2715,True
1,9,JoinHeavy,28,I_customer,INSERT,0.2699,True
1,9,JoinHeavy,29,I_customer,INSERT,0.2401,True
1,9,JoinHeavy,30,I_customer,INSERT,0.2446,True
1,9,JoinHeavy,31,I_customer,INSERT,0.2937,True
1,9,JoinHeavy,32,I_customer,INSERT,0.1952,True
1,9,JoinHeavy,33,I_customer,INSERT,0.189,True
1,9,JoinHeavy,34,I_customer,INSERT,0.1678,True
1,9,JoinHeavy,35,I_customer,INSERT,0.1875,True
1,9,JoinHeavy,36,I_customer,INSERT,0.1736,True
1,9,JoinHeavy,37,I_customer,INSERT,0.1658,True
1,9,JoinHeavy,38,I_customer,INSERT,0.1671,True
1,9,JoinHeavy,39,I_customer,INSERT,0.5403,True
1,10,JoinHeavy,0,Q7,SELECT,16162.5653,True
1,10,JoinHeavy,1,Q5,SELECT,11687.1709,True
1,10,JoinHeavy,2,Q5,SELECT,1385.6989,True
1,10,JoinHeavy,3,Q7,SELECT,18166.3522,True
1,10,JoinHeavy,4,Q7,SELECT,17691.931,True
1,10,JoinHeavy,5,Q5,SELECT,14096.6763,True
1,10,JoinHeavy,6,Q5,SELECT,2397.8568,True
1,10,JoinHeavy,7,Q5,SELECT,1065.257,True
1,10,JoinHeavy,8,Q7,SELECT,13371.4196,True
1,10,JoinHeavy,9,Q7,SELECT,16334.9338,True
1,10,JoinHeavy,10,Q18,SELECT,31867.0426,True
1,10,JoinHeavy,11,Q7,SELECT,15686.0403,True
1,10,JoinHeavy,12,Q10,SELECT,12726.1518,True
1,10,JoinHeavy,13,Q3,SELECT,13631.3757,True
1,10,JoinHeavy,14,Q3,SELECT,13544.0993,True
1,10,JoinHeavy,15,Q3,SELECT,13921.2578,True
1,10,JoinHeavy,16,Q10,SELECT,13402.3405,True
1,10,JoinHeavy,17,Q5,SELECT,9356.2426,True
1,10,JoinHeavy,18,Q5,SELECT,1036.5737,True
1,10,JoinHeavy,19,Q5,SELECT,990.6764,True
1,10,JoinHeavy,20,Q3,SELECT,13163.8202,True
1,10,JoinHeavy,21,Q7,SELECT,13452.2907,True
1,10,JoinHeavy,22,I_customer,INSERT,2.7214,True
1,10,JoinHeavy,23,I_customer,INSERT,0.371,True
1,10,JoinHeavy,24,I_customer,INSERT,0.2847,True
1,10,JoinHeavy,25,I_customer,INSERT,0.317,True
1,10,JoinHeavy,26,I_customer,INSERT,0.329,True
1,10,JoinHeavy,27,I_customer,INSERT,0.2976,True
1,10,JoinHeavy,28,I_customer,INSERT,0.2491,True
1,10,JoinHeavy,29,I_customer,INSERT,0.2571,True
1,10,JoinHeavy,30,I_customer,INSERT,0.2384,True
1,10,JoinHeavy,31,I_customer,INSERT,0.277,True
1,10,JoinHeavy,32,I_customer,INSERT,0.2328,True
1,10,JoinHeavy,33,I_customer,INSERT,0.2683,True
1,10,JoinHeavy,34,I_customer,INSERT,0.1543,True
1,10,JoinHeavy,35,I_customer,INSERT,0.1524,True
1,10,JoinHeavy,36,I_customer,INSERT,0.1385,True
1,10,JoinHeavy,37,I_customer,INSERT,0.1352,True
1,10,JoinHeavy,38,I_customer,INSERT,0.1515,True
1,10,JoinHeavy,39,I_customer,INSERT,0.1832,True
1,11,JoinHeavy,0,Q5,SELECT,11771.0899,True
1,11,JoinHeavy,1,Q7,SELECT,17978.6741,True
1,11,JoinHeavy,2,Q3,SELECT,15774.254,True
1,11,JoinHeavy,3,Q18,SELECT,31616.7389,True
1,11,JoinHeavy,4,Q3,SELECT,13444.6618,True
1,11,JoinHeavy,5,Q5,SELECT,11145.4355,True
1,11,JoinHeavy,6,Q5,SELECT,992.9137,True
1,11,JoinHeavy,7,Q3,SELECT,15472.3458,True
1,11,JoinHeavy,8,Q7,SELECT,14687.3451,True
1,11,JoinHeavy,9,Q5,SELECT,11773.0432,True
1,11,JoinHeavy,10,Q18,SELECT,30862.0654,True
1,11,JoinHeavy,11,Q5,SELECT,2861.2485,True
1,11,JoinHeavy,12,Q3,SELECT,13733.7316,True
1,11,JoinHeavy,13,Q3,SELECT,13138.0876,True
1,11,JoinHeavy,14,Q7,SELECT,13811.7786,True
1,11,JoinHeavy,15,Q3,SELECT,13119.0124,True
1,11,JoinHeavy,16,Q3,SELECT,13562.5778,True
1,11,JoinHeavy,17,Q5,SELECT,10022.0511,True
1,11,JoinHeavy,18,Q3,SELECT,13211.5435,True
1,11,JoinHeavy,19,Q3,SELECT,13378.519,True
1,11,JoinHeavy,20,Q3,SELECT,13931.0237,True
1,11,JoinHeavy,21,Q7,SELECT,14171.0754,True
1,11,JoinHeavy,22,I_customer,INSERT,3.1204,True
1,11,JoinHeavy,23,I_customer,INSERT,0.206,True
1,11,JoinHeavy,24,I_customer,INSERT,0.1836,True
1,11,JoinHeavy,25,I_customer,INSERT,0.1815,True
1,11,JoinHeavy,26,I_customer,INSERT,0.3885,True
1,11,JoinHeavy,27,I_customer,INSERT,0.1746,True
1,11,JoinHeavy,28,I_customer,INSERT,0.1759,True
1,11,JoinHeavy,29,I_customer,INSERT,0.1705,True
1,11,JoinHeavy,30,I_customer,INSERT,0.1629,True
1,11,JoinHeavy,31,I_customer,INSERT,0.1606,True
1,11,JoinHeavy,32,I_customer,INSERT,0.1676,True
1,11,JoinHeavy,33,I_customer,INSERT,0.1807,True
1,11,JoinHeavy,34,I_customer,INSERT,0.2031,True
1,11,JoinHeavy,35,I_customer,INSERT,0.1827,True
1,11,JoinHeavy,36,I_customer,INSERT,0.1563,True
1,11,JoinHeavy,37,I_customer,INSERT,0.1569,True
1,11,JoinHeavy,38,I_customer,INSERT,0.1533,True
1,11,JoinHeavy,39,I_customer,INSERT,0.1772,True
1,12,JoinHeavy,0,Q3,SELECT,14942.1315,True
1,12,JoinHeavy,1,Q5,SELECT,10651.1764,True
1,12,JoinHeavy,2,Q3,SELECT,13300.3177,True
1,12,JoinHeavy,3,Q3,SELECT,13565.1691,True
1,12,JoinHeavy,4,Q7,SELECT,14106.6743,True
1,12,JoinHeavy,5,Q3,SELECT,13297.5938,True
1,12,JoinHeavy,6,Q10,SELECT,12997.1308,True
1,12,JoinHeavy,7,Q3,SELECT,14079.8905,True
1,12,JoinHeavy,8,Q7,SELECT,14199.6295,True
1,12,JoinHeavy,9,Q7,SELECT,17869.1497,True
1,12,JoinHeavy,10,Q5,SELECT,14441.0235,True
1,12,JoinHeavy,11,Q3,SELECT,14046.0197,True
1,12,JoinHeavy,12,Q5,SELECT,2257.0379,True
1,12,JoinHeavy,13,Q3,SELECT,13145.9512,True
1,12,JoinHeavy,14,Q7,SELECT,14074.2427,True
1,12,JoinHeavy,15,Q10,SELECT,13822.1925,True
1,12,JoinHeavy,16,Q3,SELECT,14242.1894,True
1,12,JoinHeavy,17,Q10,SELECT,13024.3178,True
1,12,JoinHeavy,18,Q18,SELECT,30423.4453,True
1,12,JoinHeavy,19,Q10,SELECT,12663.916,True
1,12,JoinHeavy,20,Q3,SELECT,13391.583,True
1,12,JoinHeavy,21,Q3,SELECT,13495.4335,True
1,12,JoinHeavy,22,I_customer,INSERT,1.8532,True
1,12,JoinHeavy,23,I_customer,INSERT,0.3808,True
1,12,JoinHeavy,24,I_customer,INSERT,0.2797,True
1,12,JoinHeavy,25,I_customer,INSERT,0.2234,True
1,12,JoinHeavy,26,I_customer,INSERT,0.1966,True
1,12,JoinHeavy,27,I_customer,INSERT,0.183,True
1,12,JoinHeavy,28,I_customer,INSERT,0.2842,True
1,12,JoinHeavy,29,I_customer,INSERT,0.4122,True
1,12,JoinHeavy,30,I_customer,INSERT,0.2352,True
1,12,JoinHeavy,31,I_customer,INSERT,0.217,True
1,12,JoinHeavy,32,I_customer,INSERT,0.2117,True
1,12,JoinHeavy,33,I_customer,INSERT,0.2111,True
1,12,JoinHeavy,34,I_customer,INSERT,0.215,True
1,12,JoinHeavy,35,I_customer,INSERT,0.2129,True
1,12,JoinHeavy,36,I_customer,INSERT,0.2176,True
1,12,JoinHeavy,37,I_customer,INSERT,0.9662,True
1,12,JoinHeavy,38,I_customer,INSERT,0.2353,True
1,12,JoinHeavy,39,I_customer,INSERT,0.1852,True
1,13,JoinHeavy,0,Q3,SELECT,14781.5978,True
1,13,JoinHeavy,1,Q5,SELECT,10238.7464,True
1,13,JoinHeavy,2,Q10,SELECT,12257.2798,True
1,13,JoinHeavy,3,Q5,SELECT,1145.107,True
1,13,JoinHeavy,4,Q3,SELECT,12822.955,True
1,13,JoinHeavy,5,Q10,SELECT,12263.9464,True
1,13,JoinHeavy,6,Q5,SELECT,1209.4753,True
1,13,JoinHeavy,7,Q3,SELECT,13141.6673,True
1,13,JoinHeavy,8,Q7,SELECT,14307.9346,True
1,13,JoinHeavy,9,Q7,SELECT,15691.479,True
1,13,JoinHeavy,10,Q5,SELECT,15259.7107,True
1,13,JoinHeavy,11,Q5,SELECT,1892.2615,True
1,13,JoinHeavy,12,Q3,SELECT,13164.7073,True
1,13,JoinHeavy,13,Q3,SELECT,13305.6332,True
1,13,JoinHeavy,14,Q5,SELECT,1164.7953,True
1,13,JoinHeavy,15,Q10,SELECT,13136.604,True
1,13,JoinHeavy,16,Q3,SELECT,14163.3395,True
1,13,JoinHeavy,17,Q10,SELECT,13128.0828,True
1,13,JoinHeavy,18,Q3,SELECT,13768.091,True
1,13,JoinHeavy,19,Q5,SELECT,1158.8317,True
1,13,JoinHeavy,20,Q3,SELECT,13993.0951,True
1,13,JoinHeavy,21,Q10,SELECT,13198.0242,True
1,13,JoinHeavy,22,I_customer,INSERT,3.371,True
1,13,JoinHeavy,23,I_customer,INSERT,0.3932,True
1,13,JoinHeavy,24,I_customer,INSERT,0.3002,True
1,13,JoinHeavy,25,I_customer,INSERT,0.3119,True
1,13,JoinHeavy,26,I_customer,INSERT,0.2595,True
1,13,JoinHeavy,27,I_customer,INSERT,0.2357,True
1,13,JoinHeavy,28,I_customer,INSERT,0.2473,True
1,13,JoinHeavy,29,I_customer,INSERT,0.2325,True
1,13,JoinHeavy,30,I_customer,INSERT,0.2362,True
1,13,JoinHeavy,31,I_customer,INSERT,0.2304,True
1,13,JoinHeavy,32,I_customer,INSERT,0.2163,True
1,13,JoinHeavy,33,I_customer,INSERT,0.231,True
1,13,JoinHeavy,34,I_customer,INSERT,0.2357,True
1,13,JoinHeavy,35,I_customer,INSERT,0.291,True
1,13,JoinHeavy,36,I_customer,INSERT,0.2522,True
1,13,JoinHeavy,37,I_customer,INSERT,0.2458,True
1,13,JoinHeavy,38,I_customer,INSERT,0.1446,True
1,13,JoinHeavy,39,I_customer,INSERT,0.1604,True
1,14,JoinHeavy,0,Q10,SELECT,13575.3431,True
1,14,JoinHeavy,1,Q10,SELECT,12900.2761,True
1,14,JoinHeavy,2,Q3,SELECT,13175.1419,True
1,14,JoinHeavy,3,Q3,SELECT,13717.8843,True
1,14,JoinHeavy,4,Q5,SELECT,1126.8189,True
1,14,JoinHeavy,5,Q10,SELECT,12968.1783,True
1,14,JoinHeavy,6,Q10,SELECT,14309.3146,True
1,14,JoinHeavy,7,Q3,SELECT,14150.2283,True
1,14,JoinHeavy,8,Q7,SELECT,15139.8636,True
1,14,JoinHeavy,9,Q3,SELECT,14074.7676,True
1,14,JoinHeavy,10,Q3,SELECT,14768.0974,True
1,14,JoinHeavy,11,Q3,SELECT,13807.8231,True
1,14,JoinHeavy,12,Q5,SELECT,10829.8756,True
1,14,JoinHeavy,13,Q3,SELECT,12718.0055,True
1,14,JoinHeavy,14,Q5,SELECT,1186.2687,True
1,14,JoinHeavy,15,Q7,SELECT,13306.812,True
1,14,JoinHeavy,16,Q10,SELECT,13233.97,True
1,14,JoinHeavy,17,Q3,SELECT,14182.9983,True
1,14,JoinHeavy,18,Q7,SELECT,14667.4493,True
1,14,JoinHeavy,19,Q3,SELECT,14026.942,True
1,14,JoinHeavy,20,Q3,SELECT,15081.6203,True
1,14,JoinHeavy,21,Q5,SELECT,9568.4163,True
1,14,JoinHeavy,22,I_customer,INSERT,2.3856,True
1,14,JoinHeavy,23,I_customer,INSERT,0.3505,True
1,14,JoinHeavy,24,I_customer,INSERT,0.3409,True
1,14,JoinHeavy,25,I_customer,INSERT,0.2425,True
1,14,JoinHeavy,26,I_customer,INSERT,0.2579,True
1,14,JoinHeavy,27,I_customer,INSERT,0.2391,True
1,14,JoinHeavy,28,I_customer,INSERT,0.2429,True
1,14,JoinHeavy,29,I_customer,INSERT,0.2616,True
1,14,JoinHeavy,30,I_customer,INSERT,0.228,True
1,14,JoinHeavy,31,I_customer,INSERT,0.2463,True
1,14,JoinHeavy,32,I_customer,INSERT,0.2301,True
1,14,JoinHeavy,33,I_customer,INSERT,0.2474,True
1,14,JoinHeavy,34,I_customer,INSERT,0.2975,True
1,14,JoinHeavy,35,I_customer,INSERT,0.2449,True
1,14,JoinHeavy,36,I_customer,INSERT,0.2453,True
1,14,JoinHeavy,37,I_customer,INSERT,0.1574,True
1,14,JoinHeavy,38,I_customer,INSERT,0.1443,True
1,14,JoinHeavy,39,I_customer,INSERT,0.1535,True
1,15,JoinHeavy,0,Q3,SELECT,13291.4555,True
1,15,JoinHeavy,1,Q3,SELECT,13277.1612,True
1,15,JoinHeavy,2,Q3,SELECT,13162.8684,True
1,15,JoinHeavy,3,Q5,SELECT,1173.7684,True
1,15,JoinHeavy,4,Q3,SELECT,13808.0012,True
1,15,JoinHeavy,5,Q10,SELECT,13663.8015,True
1,15,JoinHeavy,6,Q3,SELECT,13682.3957,True
1,15,JoinHeavy,7,Q7,SELECT,14441.567,True
1,15,JoinHeavy,8,Q3,SELECT,15532.4275,True
1,15,JoinHeavy,9,Q5,SELECT,10356.8721,True
1,15,JoinHeavy,10,Q7,SELECT,15975.3526,True
1,15,JoinHeavy,11,Q10,SELECT,15094.0792,True
1,15,JoinHeavy,12,Q5,SELECT,11536.492,True
1,15,JoinHeavy,13,Q3,SELECT,13208.6442,True
1,15,JoinHeavy,14,Q7,SELECT,16473.0839,True
1,15,JoinHeavy,15,Q18,SELECT,32027.6378,True
1,15,JoinHeavy,16,Q10,SELECT,12939.5193,True
1,15,JoinHeavy,17,Q3,SELECT,13737.6638,True
1,15,JoinHeavy,18,Q5,SELECT,11621.9047,True
1,15,JoinHeavy,19,Q5,SELECT,1190.0219,True
1,15,JoinHeavy,20,Q10,SELECT,13062.444,True
1,15,JoinHeavy,21,Q3,SELECT,13468.0158,True
1,15,JoinHeavy,22,I_customer,INSERT,2.2388,True
1,15,JoinHeavy,23,I_customer,INSERT,0.315,True
1,15,JoinHeavy,24,I_customer,INSERT,0.2688,True
1,15,JoinHeavy,25,I_customer,INSERT,0.2319,True
1,15,JoinHeavy,26,I_customer,INSERT,0.172,True
1,15,JoinHeavy,27,I_customer,INSERT,0.165,True
1,15,JoinHeavy,28,I_customer,INSERT,0.1616,True
1,15,JoinHeavy,29,I_customer,INSERT,0.183,True
1,15,JoinHeavy,30,I_customer,INSERT,0.2438,True
1,15,JoinHeavy,31,I_customer,INSERT,0.2235,True
1,15,JoinHeavy,32,I_customer,INSERT,0.2415,True
1,15,JoinHeavy,33,I_customer,INSERT,0.2484,True
1,15,JoinHeavy,34,I_customer,INSERT,0.2056,True
1,15,JoinHeavy,35,I_customer,INSERT,0.8747,True
1,15,JoinHeavy,36,I_customer,INSERT,0.181,True
1,15,JoinHeavy,37,I_customer,INSERT,0.1461,True
1,15,JoinHeavy,38,I_customer,INSERT,0.1531,True
1,15,JoinHeavy,39,I_customer,INSERT,0.166,True
1,16,Procurement,0,D_orders,DELETE,3.9425,True
1,16,Procurement,1,D_orders,DELETE,0.6983,True
1,16,Procurement,2,D_orders,DELETE,0.3727,True
1,16,Procurement,3,D_orders,DELETE,0.3294,True
1,16,Procurement,4,Q14,SELECT,11957.8565,True
1,16,Procurement,5,Q17,SELECT,34105.1764,True
1,16,Procurement,6,Q17,SELECT,33790.189,True
1,16,Procurement,7,Q17,SELECT,35015.1389,True
1,16,Procurement,8,Q11,SELECT,1707.1954,True
1,16,Procurement,9,Q17,SELECT,34859.9179,True
1,16,Procurement,10,Q6,SELECT,12048.3655,True
1,16,Procurement,11,Q6,SELECT,12052.3691,True
1,16,Procurement,12,Q11,SELECT,591.5958,True
1,16,Procurement,13,Q17,SELECT,34069.1257,True
1,16,Procurement,14,Q6,SELECT,12667.2741,True
1,16,Procurement,15,Q17,SELECT,33783.9485,True
1,16,Procurement,16,Q11,SELECT,608.3321,True
1,16,Procurement,17,Q6,SELECT,11842.7323,True
1,16,Procurement,18,Q11,SELECT,489.7909,True
1,16,Procurement,19,Q17,SELECT,33899.9195,True
1,16,Procurement,20,Q6,SELECT,12390.3568,True
1,16,Procurement,21,Q17,SELECT,33922.0047,True
1,16,Procurement,22,Q6,SELECT,11847.6263,True
1,16,Procurement,23,Q14,SELECT,11908.6967,True
1,16,Procurement,24,Q11,SELECT,591.628,True
1,17,Procurement,0,D_orders,DELETE,5.7523,True
1,17,Procurement,1,D_orders,DELETE,0.6698,True
1,17,Procurement,2,D_orders,DELETE,0.3129,True
1,17,Procurement,3,D_orders,DELETE,0.3411,True
1,17,Procurement,4,Q11,SELECT,502.0137,True
1,17,Procurement,5,Q11,SELECT,495.877,True
1,17,Procurement,6,Q17,SELECT,36492.5985,True
1,17,Procurement,7,Q17,SELECT,35853.4896,True
1,17,Procurement,8,Q14,SELECT,11817.0582,True
1,17,Procurement,9,Q17,SELECT,39440.4525,True
1,17,Procurement,10,Q11,SELECT,627.2212,True
1,17,Procurement,11,Q11,SELECT,501.6776,True
1,17,Procurement,12,Q14,SELECT,11855.6287,True
1,17,Procurement,13,Q17,SELECT,34694.4309,True
1,17,Procurement,14,Q6,SELECT,12237.2688,True
1,17,Procurement,15,Q6,SELECT,12091.8505,True
1,17,Procurement,16,Q11,SELECT,620.5184,True
1,17,Procurement,17,Q6,SELECT,11907.7016,True
1,17,Procurement,18,Q11,SELECT,499.6549,True
1,17,Procurement,19,Q1,SELECT,13942.9464,True
1,17,Procurement,20,Q17,SELECT,33757.7658,True
1,17,Procurement,21,Q11,SELECT,600.1167,True
1,17,Procurement,22,Q17,SELECT,34563.5881,True
1,17,Procurement,23,Q11,SELECT,496.8391,True
1,17,Procurement,24,Q1,SELECT,14819.8978,True
1,18,Procurement,0,D_orders,DELETE,2.0759,True
1,18,Procurement,1,D_orders,DELETE,2.7686,True
1,18,Procurement,2,D_orders,DELETE,1.8715,True
1,18,Procurement,3,D_orders,DELETE,1.23,True
1,18,Procurement,4,Q17,SELECT,37051.0933,True
1,18,Procurement,5,Q11,SELECT,593.9735,True
1,18,Procurement,6,Q17,SELECT,35103.3431,True
1,18,Procurement,7,Q17,SELECT,37224.951,True
1,18,Procurement,8,Q6,SELECT,12462.9728,True
1,18,Procurement,9,Q14,SELECT,12005.3026,True
1,18,Procurement,10,Q17,SELECT,37576.4429,True
1,18,Procurement,11,Q6,SELECT,12005.8203,True
1,18,Procurement,12,Q1,SELECT,14211.4814,True
1,18,Procurement,13,Q14,SELECT,12024.649,True
1,18,Procurement,14,Q11,SELECT,633.7391,True
1,18,Procurement,15,Q17,SELECT,34981.3312,True
1,18,Procurement,16,Q11,SELECT,600.911,True
1,18,Procurement,17,Q11,SELECT,491.4935,True
1,18,Procurement,18,Q6,SELECT,12197.6377,True
1,18,Procurement,19,Q6,SELECT,12000.9079,True
1,18,Procurement,20,Q6,SELECT,11994.3644,True
1,18,Procurement,21,Q17,SELECT,35209.3615,True
1,18,Procurement,22,Q14,SELECT,12942.0314,True
1,18,Procurement,23,Q11,SELECT,647.1321,True
1,18,Procurement,24,Q17,SELECT,36389.7105,True
1,19,Procurement,0,D_orders,DELETE,3.426,True
1,19,Procurement,1,D_orders,DELETE,0.8545,True
1,19,Procurement,2,D_orders,DELETE,0.365,True
1,19,Procurement,3,D_orders,DELETE,0.5042,True
1,19,Procurement,4,Q6,SELECT,12329.9327,True
1,19,Procurement,5,Q11,SELECT,638.6352,True
1,19,Procurement,6,Q1,SELECT,15592.0908,True
1,19,Procurement,7,Q11,SELECT,506.6565,True
1,19,Procurement,8,Q17,SELECT,34304.1879,True
1,19,Procurement,9,Q6,SELECT,12470.509,True
1,19,Procurement,10,Q17,SELECT,34174.5408,True
1,19,Procurement,11,Q11,SELECT,597.8388,True
1,19,Procurement,12,Q17,SELECT,35054.1618,True
1,19,Procurement,13,Q17,SELECT,34878.6316,True
1,19,Procurement,14,Q11,SELECT,597.2786,True
1,19,Procurement,15,Q11,SELECT,489.8191,True
1,19,Procurement,16,Q17,SELECT,34277.951,True
1,19,Procurement,17,Q6,SELECT,11948.9429,True
1,19,Procurement,18,Q17,SELECT,37246.22,True
1,19,Procurement,19,Q17,SELECT,34359.2744,True
1,19,Procurement,20,Q14,SELECT,12040.8785,True
1,19,Procurement,21,Q11,SELECT,621.9587,True
1,19,Procurement,22,Q17,SELECT,34510.9844,True
1,19,Procurement,23,Q17,SELECT,34494.4227,True
1,19,Procurement,24,Q6,SELECT,11730.0614,True
1,20,Procurement,0,D_orders,DELETE,4.7819,True
1,20,Procurement,1,D_orders,DELETE,0.3938,True
1,20,Procurement,2,D_orders,DELETE,0.8582,True
1,20,Procurement,3,D_orders,DELETE,0.5137,True
1,20,Procurement,4,Q6,SELECT,12583.1067,True
1,20,Procurement,5,Q17,SELECT,35665.1098,True
1,20,Procurement,6,Q6,SELECT,11681.1342,True
1,20,Procurement,7,Q1,SELECT,14143.4364,True
1,20,Procurement,8,Q17,SELECT,34713.6556,True
1,20,Procurement,9,Q11,SELECT,609.6086,True
1,20,Procurement,10,Q6,SELECT,11669.0171,True
1,20,Procurement,11,Q17,SELECT,35890.6856,True
1,20,Procurement,12,Q14,SELECT,13030.8735,True
1,20,Procurement,13,Q17,SELECT,36150.7773,True
1,20,Procurement,14,Q1,SELECT,16428.194,True
1,20,Procurement,15,Q17,SELECT,35420.3647,True
1,20,Procurement,16,Q11,SELECT,614.0625,True
1,20,Procurement,17,Q17,SELECT,35461.2143,True
1,20,Procurement,18,Q17,SELECT,34456.1425,True
1,20,Procurement,19,Q17,SELECT,34116.958,True
1,20,Procurement,20,Q11,SELECT,592.7235,True
1,20,Procurement,21,Q6,SELECT,11684.3807,True
1,20,Procurement,22,Q14,SELECT,11719.3375,True
1,20,Procurement,23,Q1,SELECT,13903.5685,True
1,20,Procurement,24,Q6,SELECT,12125.9788,True
1,21,Procurement,0,D_orders,DELETE,2.8478,True
1,21,Procurement,1,D_orders,DELETE,0.5767,True
1,21,Procurement,2,D_orders,DELETE,0.424,True
1,21,Procurement,3,D_orders,DELETE,0.4737,True
1,21,Procurement,4,Q17,SELECT,33948.53,True
1,21,Procurement,5,Q17,SELECT,36083.517,True
1,21,Procurement,6,Q1,SELECT,15885.5165,True
1,21,Procurement,7,Q11,SELECT,614.5769,True
1,21,Procurement,8,Q6,SELECT,12448.8372,True
1,21,Procurement,9,Q17,SELECT,35750.6654,True
1,21,Procurement,10,Q17,SELECT,34874.3314,True
1,21,Procurement,11,Q11,SELECT,615.0857,True
1,21,Procurement,12,Q17,SELECT,34930.9349,True
1,21,Procurement,13,Q14,SELECT,11639.4786,True
1,21,Procurement,14,Q17,SELECT,33243.9221,True
1,21,Procurement,15,Q11,SELECT,580.4385,True
1,21,Procurement,16,Q11,SELECT,488.832,True
1,21,Procurement,17,Q17,SELECT,34376.9355,True
1,21,Procurement,18,Q11,SELECT,510.9571,True
1,21,Procurement,19,Q17,SELECT,35109.3995,True
1,21,Procurement,20,Q14,SELECT,11795.0994,True
1,21,Procurement,21,Q17,SELECT,35379.9507,True
1,21,Procurement,22,Q6,SELECT,11814.0373,True
1,21,Procurement,23,Q11,SELECT,638.2763,True
1,21,Procurement,24,Q1,SELECT,14884.9086,True
1,22,Procurement,0,D_orders,DELETE,1.7984,True
1,22,Procurement,1,D_orders,DELETE,0.616,True
1,22,Procurement,2,D_orders,DELETE,0.3797,True
1,22,Procurement,3,D_orders,DELETE,0.3921,True
1,22,Procurement,4,Q11,SELECT,497.5705,True
1,22,Procurement,5,Q14,SELECT,12117.6364,True
1,22,Procurement,6,Q11,SELECT,511.6588,True
1,22,Procurement,7,Q1,SELECT,17030.8305,True
1,22,Procurement,8,Q6,SELECT,11617.3018,True
1,22,Procurement,9,Q6,SELECT,11579.5654,True
1,22,Procurement,10,Q17,SELECT,34977.5762,True
1,22,Procurement,11,Q11,SELECT,611.8385,True
1,22,Procurement,12,Q17,SELECT,34033.9167,True
1,22,Procurement,13,Q11,SELECT,579.617,True
1,22,Procurement,14,Q1,SELECT,18083.5003,True
1,22,Procurement,15,Q6,SELECT,11685.063,True
1,22,Procurement,16,Q6,SELECT,12088.2813,True
1,22,Procurement,17,Q1,SELECT,13769.6775,True
1,22,Procurement,18,Q1,SELECT,13669.4599,True
1,22,Procurement,19,Q6,SELECT,11535.5859,True
1,22,Procurement,20,Q11,SELECT,583.0615,True
1,22,Procurement,21,Q6,SELECT,12073.0428,True
1,22,Procurement,22,Q11,SELECT,491.5337,True
1,22,Procurement,23,Q17,SELECT,35055.9462,True
1,22,Procurement,24,Q17,SELECT,36504.1616,True
1,23,Procurement,0,D_orders,DELETE,3.014,True
1,23,Procurement,1,D_orders,DELETE,0.3704,True
1,23,Procurement,2,D_orders,DELETE,1.0071,True
1,23,Procurement,3,D_orders,DELETE,0.3594,True
1,23,Procurement,4,Q17,SELECT,34991.9489,True
1,23,Procurement,5,Q11,SELECT,615.7292,True
1,23,Procurement,6,Q17,SELECT,34747.3201,True
1,23,Procurement,7,Q17,SELECT,33870.5924,True
1,23,Procurement,8,Q11,SELECT,595.709,True
1,23,Procurement,9,Q11,SELECT,491.3177,True
1,23,Procurement,10,Q11,SELECT,487.5112,True
1,23,Procurement,11,Q6,SELECT,11452.7246,True
1,23,Procurement,12,Q6,SELECT,11585.3703,True
1,23,Procurement,13,Q17,SELECT,33545.0517,True
1,23,Procurement,14,Q1,SELECT,14054.1951,True
1,23,Procurement,15,Q11,SELECT,614.6953,True
1,23,Procurement,16,Q11,SELECT,494.111,True
1,23,Procurement,17,Q11,SELECT,488.7349,True
1,23,Procurement,18,Q14,SELECT,12245.7135,True
1,23,Procurement,19,Q11,SELECT,487.6985,True
1,23,Procurement,20,Q1,SELECT,14781.0859,True
1,23,Procurement,21,Q1,SELECT,13756.6121,True
1,23,Procurement,22,Q14,SELECT,11516.023,True
1,23,Procurement,23,Q6,SELECT,12469.0676,True
1,23,Procurement,24,Q17,SELECT,35022.6454,True
1,24,Customer,0,Q7,SELECT,21112.6798,True
1,24,Customer,1,U_customer,UPDATE,2.7636,True
1,24,Customer,2,Q3,SELECT,16953.8059,True
1,24,Customer,3,U_customer,UPDATE,1.4186,True
1,24,Customer,4,Q18,SELECT,31380.2021,True
1,24,Customer,5,U_customer,UPDATE,0.9648,True
1,24,Customer,6,Q7,SELECT,19262.3656,True
1,24,Customer,7,U_customer,UPDATE,1.1215,True
1,24,Customer,8,Q5,SELECT,14342.9089,True
1,24,Customer,9,U_customer,UPDATE,0.8712,True
1,24,Customer,10,Q18,SELECT,30982.8202,True
1,24,Customer,11,U_customer,UPDATE,1.5489,True
1,24,Customer,12,Q10,SELECT,12294.7863,True
1,24,Customer,13,U_customer,UPDATE,0.9224,True
1,24,Customer,14,Q10,SELECT,12347.6576,True
1,24,Customer,15,U_customer,UPDATE,0.8413,True
1,24,Customer,16,Q3,SELECT,13122.522,True
1,24,Customer,17,U_customer,UPDATE,0.847,True
1,24,Customer,18,Q18,SELECT,31190.5795,True
1,24,Customer,19,U_customer,UPDATE,3.2197,True
1,25,Customer,0,Q7,SELECT,15309.1572,True
1,25,Customer,1,U_customer,UPDATE,2.8373,True
1,25,Customer,2,Q18,SELECT,30588.8367,True
1,25,Customer,3,U_customer,UPDATE,1.8689,True
1,25,Customer,4,Q10,SELECT,12477.3307,True
1,25,Customer,5,U_customer,UPDATE,3.3585,True
1,25,Customer,6,Q7,SELECT,14988.8478,True
1,25,Customer,7,U_customer,UPDATE,1.2029,True
1,25,Customer,8,Q18,SELECT,31890.8865,True
1,25,Customer,9,U_customer,UPDATE,1.777,True
1,25,Customer,10,Q3,SELECT,13381.7689,True
1,25,Customer,11,U_customer,UPDATE,0.8586,True
1,25,Customer,12,Q18,SELECT,32371.4073,True
1,25,Customer,13,U_customer,UPDATE,0.9628,True
1,25,Customer,14,Q18,SELECT,32528.1378,True
1,25,Customer,15,U_customer,UPDATE,2.5362,True
1,25,Customer,16,Q3,SELECT,13830.8912,True
1,25,Customer,17,U_customer,UPDATE,0.5291,True
1,25,Customer,18,Q18,SELECT,31187.7297,True
1,25,Customer,19,U_customer,UPDATE,2.7433,True
1,26,Customer,0,Q3,SELECT,13696.2314,True
1,26,Customer,1,U_customer,UPDATE,1.3961,True
1,26,Customer,2,Q3,SELECT,13398.5239,True
1,26,Customer,3,U_customer,UPDATE,1.0185,True
1,26,Customer,4,Q10,SELECT,13090.8208,True
1,26,Customer,5,U_customer,UPDATE,0.9443,True
1,26,Customer,6,Q18,SELECT,30936.9443,True
1,26,Customer,7,U_customer,UPDATE,1.715,True
1,26,Customer,8,Q3,SELECT,13696.4074,True
1,26,Customer,9,U_customer,UPDATE,1.3607,True
1,26,Customer,10,Q10,SELECT,13149.3888,True
1,26,Customer,11,U_customer,UPDATE,4.2549,True
1,26,Customer,12,Q10,SELECT,12721.7677,True
1,26,Customer,13,U_customer,UPDATE,3.7049,True
1,26,Customer,14,Q10,SELECT,13523.8211,True
1,26,Customer,15,U_customer,UPDATE,4.6402,True
1,26,Customer,16,Q10,SELECT,12557.3868,True
1,26,Customer,17,U_customer,UPDATE,0.808,True
1,26,Customer,18,Q5,SELECT,9870.6061,True
1,26,Customer,19,U_customer,UPDATE,0.4594,True
1,27,Customer,0,Q3,SELECT,14016.2987,True
1,27,Customer,1,U_customer,UPDATE,1.2227,True
1,27,Customer,2,Q10,SELECT,12945.6766,True
1,27,Customer,3,U_customer,UPDATE,1.0235,True
1,27,Customer,4,Q18,SELECT,30019.1543,True
1,27,Customer,5,U_customer,UPDATE,1.2804,True
1,27,Customer,6,Q7,SELECT,15868.7015,True
1,27,Customer,7,U_customer,UPDATE,1.2721,True
1,27,Customer,8,Q7,SELECT,13754.8857,True
1,27,Customer,9,U_customer,UPDATE,2.0161,True
1,27,Customer,10,Q3,SELECT,14568.4119,True
1,27,Customer,11,U_customer,UPDATE,1.315,True
1,27,Customer,12,Q10,SELECT,12844.9207,True
1,27,Customer,13,U_customer,UPDATE,1.2517,True
1,27,Customer,14,Q3,SELECT,13904.3433,True
1,27,Customer,15,U_customer,UPDATE,1.9855,True
1,27,Customer,16,Q18,SELECT,30787.5778,True
1,27,Customer,17,U_customer,UPDATE,1.375,True
1,27,Customer,18,Q18,SELECT,31146.5589,True
1,27,Customer,19,U_customer,UPDATE,1.6108,True
1,28,Customer,0,Q3,SELECT,13610.3326,True
1,28,Customer,1,U_customer,UPDATE,1.9082,True
1,28,Customer,2,Q5,SELECT,11179.7932,True
1,28,Customer,3,U_customer,UPDATE,1.0743,True
1,28,Customer,4,Q10,SELECT,11858.8645,True
1,28,Customer,5,U_customer,UPDATE,1.0428,True
1,28,Customer,6,Q18,SELECT,31489.334,True
1,28,Customer,7,U_customer,UPDATE,1.6808,True
1,28,Customer,8,Q3,SELECT,13412.4225,True
1,28,Customer,9,U_customer,UPDATE,1.0553,True
1,28,Customer,10,Q18,SELECT,32117.0433,True
1,28,Customer,11,U_customer,UPDATE,3.2102,True
1,28,Customer,12,Q18,SELECT,32681.8366,True
1,28,Customer,13,U_customer,UPDATE,0.9138,True
1,28,Customer,14,Q10,SELECT,12075.961,True
1,28,Customer,15,U_customer,UPDATE,1.6499,True
1,28,Customer,16,Q10,SELECT,12193.2375,True
1,28,Customer,17,U_customer,UPDATE,1.5479,True
1,28,Customer,18,Q18,SELECT,31771.5044,True
1,28,Customer,19,U_customer,UPDATE,1.4326,True
1,29,Customer,0,Q7,SELECT,16662.3695,True
1,29,Customer,1,U_customer,UPDATE,0.9833,True
1,29,Customer,2,Q10,SELECT,12152.2122,True
1,29,Customer,3,U_customer,UPDATE,1.0596,True
1,29,Customer,4,Q3,SELECT,13131.1963,True
1,29,Customer,5,U_customer,UPDATE,1.6685,True
1,29,Customer,6,Q3,SELECT,13246.4839,True
1,29,Customer,7,U_customer,UPDATE,0.9862,True
1,29,Customer,8,Q10,SELECT,12592.4341,True
1,29,Customer,9,U_customer,UPDATE,2.1928,True
1,29,Customer,10,Q10,SELECT,13063.7395,True
1,29,Customer,11,U_customer,UPDATE,1.2273,True
1,29,Customer,12,Q18,SELECT,30441.2289,True
1,29,Customer,13,U_customer,UPDATE,0.9953,True
1,29,Customer,14,Q18,SELECT,31706.8516,True
1,29,Customer,15,U_customer,UPDATE,1.2157,True
1,29,Customer,16,Q7,SELECT,14932.9317,True
1,29,Customer,17,U_customer,UPDATE,3.9094,True
1,29,Customer,18,Q10,SELECT,13049.3323,True
1,29,Customer,19,U_customer,UPDATE,3.1893,True
1,30,Customer,0,Q18,SELECT,31206.5902,True
1,30,Customer,1,U_customer,UPDATE,1.262,True
1,30,Customer,2,Q18,SELECT,32992.1446,True
1,30,Customer,3,U_customer,UPDATE,1.2974,True
1,30,Customer,4,Q3,SELECT,13431.1979,True
1,30,Customer,5,U_customer,UPDATE,1.1646,True
1,30,Customer,6,Q5,SELECT,10768.8223,True
1,30,Customer,7,U_customer,UPDATE,0.4649,True
1,30,Customer,8,Q5,SELECT,1007.6888,True
1,30,Customer,9,U_customer,UPDATE,1.5022,True
1,30,Customer,10,Q18,SELECT,30669.9033,True
1,30,Customer,11,U_customer,UPDATE,1.1622,True
1,30,Customer,12,Q10,SELECT,12568.9678,True
1,30,Customer,13,U_customer,UPDATE,0.7878,True
1,30,Customer,14,Q18,SELECT,31102.9032,True
1,30,Customer,15,U_customer,UPDATE,0.9838,True
1,30,Customer,16,Q10,SELECT,12361.6795,True
1,30,Customer,17,U_customer,UPDATE,2.4254,True
1,30,Customer,18,Q18,SELECT,31114.157,True
1,30,Customer,19,U_customer,UPDATE,1.322,True
1,31,Customer,0,Q18,SELECT,30839.8605,True
1,31,Customer,1,U_customer,UPDATE,1.7354,True
1,31,Customer,2,Q18,SELECT,30766.8146,True
1,31,Customer,3,U_customer,UPDATE,0.9307,True
1,31,Customer,4,Q10,SELECT,12411.2406,True
1,31,Customer,5,U_customer,UPDATE,1.4225,True
1,31,Customer,6,Q18,SELECT,31778.0612,True
1,31,Customer,7,U_customer,UPDATE,1.7085,True
1,31,Customer,8,Q10,SELECT,12362.0667,True
1,31,Customer,9,U_customer,UPDATE,1.257,True
1,31,Customer,10,Q3,SELECT,13345.1723,True
1,31,Customer,11,U_customer,UPDATE,1.1781,True
1,31,Customer,12,Q18,SELECT,32465.8945,True
1,31,Customer,13,U_customer,UPDATE,1.5065,True
1,31,Customer,14,Q3,SELECT,13356.6366,True
1,31,Customer,15,U_customer,UPDATE,1.3292,True
1,31,Customer,16,Q5,SELECT,1030.791,True
1,31,Customer,17,U_customer,UPDATE,1.7942,True
1,31,Customer,18,Q3,SELECT,13220.5605,True
1,31,Customer,19,U_customer,UPDATE,0.8206,True
2,0,Reporting,0,Q14,SELECT,13031.7733,True
2,0,Reporting,1,Q6,SELECT,19493.0385,True
2,0,Reporting,2,Q4,SELECT,8016.0569,True
2,0,Reporting,3,U_orders,UPDATE,9.2036,True
2,0,Reporting,4,U_orders,UPDATE,0.7628,True
2,0,Reporting,5,U_orders,UPDATE,0.7743,True
2,0,Reporting,6,Q14,SELECT,12064.928,True
2,0,Reporting,7,Q1,SELECT,13369.1776,True
2,0,Reporting,8,Q6,SELECT,17529.8412,True
2,0,Reporting,9,Q6,SELECT,14912.6118,True
2,0,Reporting,10,Q14,SELECT,4805.1378,True
2,0,Reporting,11,Q12,SELECT,5023.3285,True
2,0,Reporting,12,Q12,SELECT,5295.2375,True
2,0,Reporting,13,U_orders,UPDATE,4.014,True
2,0,Reporting,14,Q1,SELECT,7888.4386,True
2,0,Reporting,15,Q6,SELECT,15058.4775,True
2,0,Reporting,16,Q14,SELECT,5659.7574,True
2,0,Reporting,17,Q1,SELECT,7224.0105,True
2,0,Reporting,18,Q14,SELECT,1129.9341,True
2,0,Reporting,19,Q1,SELECT,7159.0686,True
2,0,Reporting,20,U_orders,UPDATE,4.6064,True
2,0,Reporting,21,Q6,SELECT,17168.2904,True
2,0,Reporting,22,Q6,SELECT,11299.6627,True
2,0,Reporting,23,Q6,SELECT,14892.4831,True
2,0,Reporting,24,Q1,SELECT,6867.537,True
2,0,Reporting,25,U_orders,UPDATE,4.4263,True
2,0,Reporting,26,Q1,SELECT,6594.621,True
2,0,Reporting,27,Q14,SELECT,3903.4337,True
2,0,Reporting,28,Q6,SELECT,14462.8094,True
2,0,Reporting,29,Q14,SELECT,3016.2268,True
2,1,Reporting,0,Q14,SELECT,878.0612,True
2,1,Reporting,1,Q12,SELECT,4614.0117,True
2,1,Reporting,2,Q1,SELECT,7100.5439,True
2,1,Reporting,3,Q4,SELECT,11313.2738,True
2,1,Reporting,4,Q1,SELECT,13250.6448,True
2,1,Reporting,5,U_orders,UPDATE,1.8925,True
2,1,Reporting,6,U_orders,UPDATE,0.9187,True
2,1,Reporting,7,U_orders,UPDATE,0.6942,True
2,1,Reporting,8,Q14,SELECT,10211.5737,True
2,1,Reporting,9,Q6,SELECT,17498.3033,True
2,1,Reporting,10,Q6,SELECT,20874.0464,True
2,1,Reporting,11,Q1,SELECT,7519.91,True
2,1,Reporting,12,Q6,SELECT,14719.1875,True
2,1,Reporting,13,Q14,SELECT,3827.1638,True
2,1,Reporting,14,Q1,SELECT,7164.2953,True
2,1,Reporting,15,U_orders,UPDATE,5.9365,True
2,1,Reporting,16,Q1,SELECT,7047.5899,True
2,1,Reporting,17,Q14,SELECT,959.4209,True
2,1,Reporting,18,Q1,SELECT,7035.3077,True
2,1,Reporting,19,Q1,SELECT,7070.8126,True
2,1,Reporting,20,U_orders,UPDATE,2.0436,True
2,1,Reporting,21,Q1,SELECT,7041.6426,True
2,1,Reporting,22,Q12,SELECT,4873.6277,True
2,1,Reporting,23,Q14,SELECT,1689.1546,True
2,1,Reporting,24,U_orders,UPDATE,3.3494,True
2,1,Reporting,25,Q14,SELECT,750.6428,True
2,1,Reporting,26,Q1,SELECT,7091.7943,True
2,1,Reporting,27,Q1,SELECT,7245.5544,True
2,1,Reporting,28,Q14,SELECT,892.5115,True
2,1,Reporting,29,Q1,SELECT,7058.9673,True
2,2,Reporting,0,U_orders,UPDATE,3.75,True
2,2,Reporting,1,Q4,SELECT,7972.538,True
2,2,Reporting,2,Q14,SELECT,10305.8616,True
2,2,Reporting,3,U_orders,UPDATE,1.8518,True
2,2,Reporting,4,Q1,SELECT,13355.4851,True
2,2,Reporting,5,Q6,SELECT,18672.9168,True
2,2,Reporting,6,Q12,SELECT,5676.5512,True
2,2,Reporting,7,Q6,SELECT,18264.3178,True
2,2,Reporting,8,Q1,SELECT,7063.2477,True
2,2,Reporting,9,Q14,SELECT,1662.9353,True
2,2,Reporting,10,Q1,SELECT,7577.6045,True
2,2,Reporting,11,U_orders,UPDATE,7.0631,True
2,2,Reporting,12,Q14,SELECT,780.0279,True
2,2,Reporting,13,Q1,SELECT,7716.5267,True
2,2,Reporting,14,Q14,SELECT,1293.2064,True
2,2,Reporting,15,Q14,SELECT,763.7572,True
2,2,Reporting,16,Q1,SELECT,7655.6858,True
2,2,Reporting,17,Q14,SELECT,1182.4033,True
2,2,Reporting,18,Q1,SELECT,7670.7486,True
2,2,Reporting,19,U_orders,UPDATE,4.2269,True
2,2,Reporting,20,Q12,SELECT,5073.413,True
2,2,Reporting,21,Q6,SELECT,11855.3296,True
2,2,Reporting,22,U_orders,UPDATE,1.7877,True
2,2,Reporting,23,U_orders,UPDATE,1.2233,True
2,2,Reporting,24,Q1,SELECT,7551.9565,True
2,2,Reporting,25,Q6,SELECT,15739.027,True
2,2,Reporting,26,Q6,SELECT,16467.8278,True
2,2,Reporting,27,Q1,SELECT,7863.9531,True
2,2,Reporting,28,Q6,SELECT,16273.8548,True
2,2,Reporting,29,Q6,SELECT,18025.9277,True
2,3,Reporting,0,Q6,SELECT,19543.4025,True
2,3,Reporting,1,Q4,SELECT,7905.2013,True
2,3,Reporting,2,U_orders,UPDATE,2.402,True
2,3,Reporting,3,Q14,SELECT,12109.3315,True
2,3,Reporting,4,Q1,SELECT,13719.486,True
2,3,Reporting,5,Q4,SELECT,9264.7883,True
2,3,Reporting,6,Q12,SELECT,11372.0097,True
2,3,Reporting,7,Q1,SELECT,13767.1097,True
2,3,Reporting,8,Q14,SELECT,4477.936,True
2,3,Reporting,9,Q6,SELECT,15278.981,True
2,3,Reporting,10,Q14,SELECT,3733.621,True
2,3,Reporting,11,Q14,SELECT,798.7055,True
2,3,Reporting,12,Q1,SELECT,9022.412,True
2,3,Reporting,13,Q1,SELECT,8781.9315,True
2,3,Reporting,14,U_orders,UPDATE,4.8545,True
2,3,Reporting,15,Q1,SELECT,8851.3971,True
2,3,Reporting,16,U_orders,UPDATE,2.6998,True
2,3,Reporting,17,U_orders,UPDATE,1.1448,True
2,3,Reporting,18,U_orders,UPDATE,0.5769,True
2,3,Reporting,19,Q14,SELECT,811.92,True
2,3,Reporting,20,Q6,SELECT,13313.0005,True
2,3,Reporting,21,Q1,SELECT,7783.862,True
2,3,Reporting,22,Q6,SELECT,12589.1688,True
2,3,Reporting,23,Q12,SELECT,4877.3391,True
2,3,Reporting,24,Q6,SELECT,14622.511,True
2,3,Reporting,25,Q14,SELECT,7334.1679,True
2,3,Reporting,26,U_orders,UPDATE,2.3899,True
2,3,Reporting,27,Q6,SELECT,14257.8544,True
2,3,Reporting,28,Q12,SELECT,4339.952,True
2,3,Reporting,29,Q6,SELECT,15146.6816,True
2,4,Reporting,0,Q14,SELECT,7116.3178,True
2,4,Reporting,1,Q1,SELECT,7481.1433,True
2,4,Reporting,2,Q14,SELECT,926.1578,True
2,4,Reporting,3,Q1,SELECT,7313.0055,True
2,4,Reporting,4,Q1,SELECT,7638.2819,True
2,4,Reporting,5,Q1,SELECT,7436.3567,True
2,4,Reporting,6,U_orders,UPDATE,2.7231,True
2,4,Reporting,7,Q12,SELECT,4840.8063,True
2,4,Reporting,8,Q14,SELECT,1226.2818,True
2,4,Reporting,9,Q4,SELECT,10225.9985,True
2,4,Reporting,10,Q1,SELECT,13915.598,True
2,4,Reporting,11,U_orders,UPDATE,1.7726,True
2,4,Reporting,12,Q1,SELECT,13101.5852,True
2,4,Reporting,13,U_orders,UPDATE,1.7181,True
2,4,Reporting,14,Q6,SELECT,19207.0136,True
2,4,Reporting,15,Q14,SELECT,6915.8835,True
2,4,Reporting,16,U_orders,UPDATE,2.3798,True
2,4,Reporting,17,Q6,SELECT,15919.4841,True
2,4,Reporting,18,Q14,SELECT,6394.8908,True
2,4,Reporting,19,Q4,SELECT,10559.1657,True
2,4,Reporting,20,Q1,SELECT,13858.4218,True
2,4,Reporting,21,Q12,SELECT,11610.1355,True
2,4,Reporting,22,U_orders,UPDATE,3.5988,True
2,4,Reporting,23,Q1,SELECT,13221.7494,True
2,4,Reporting,24,Q6,SELECT,17452.2817,True
2,4,Reporting,25,U_orders,UPDATE,2.7886,True
2,4,Reporting,26,Q14,SELECT,7274.6363,True
2,4,Reporting,27,Q14,SELECT,779.3832,True
2,4,Reporting,28,Q12,SELECT,6044.2562,True
2,4,Reporting,29,Q6,SELECT,14840.8622,True
2,5,Reporting,0,Q4,SELECT,8241.9489,True
2,5,Reporting,1,Q14,SELECT,12654.5717,True
2,5,Reporting,2,U_orders,UPDATE,2.1908,True
2,5,Reporting,3,Q1,SELECT,13113.9414,True
2,5,Reporting,4,Q6,SELECT,17602.4363,True
2,5,Reporting,5,Q1,SELECT,8492.1442,True
2,5,Reporting,6,U_orders,UPDATE,3.8838,True
2,5,Reporting,7,Q1,SELECT,8470.0086,True
2,5,Reporting,8,Q1,SELECT,8587.6744,True
2,5,Reporting,9,Q12,SELECT,6180.4851,True
2,5,Reporting,10,U_orders,UPDATE,3.2448,True
2,5,Reporting,11,Q14,SELECT,6867.1256,True
2,5,Reporting,12,U_orders,UPDATE,5.1778,True
2,5,Reporting,13,Q4,SELECT,11540.1056,True
2,5,Reporting,14,Q1,SELECT,14672.4088,True
2,5,Reporting,15,Q14,SELECT,7335.9718,True
2,5,Reporting,16,Q1,SELECT,12494.159,True
2,5,Reporting,17,Q4,SELECT,4570.1396,True
2,5,Reporting,18,Q1,SELECT,13208.3791,True
2,5,Reporting,19,Q6,SELECT,18143.2127,True
2,5,Reporting,20,Q14,SELECT,4949.5958,True
2,5,Reporting,21,Q1,SELECT,10128.9323,True
2,5,Reporting,22,Q1,SELECT,10424.2908,True
2,5,Reporting,23,Q1,SELECT,10298.243,True
2,5,Reporting,24,Q12,SELECT,7941.2879,True
2,5,Reporting,25,U_orders,UPDATE,7.2747,True
2,5,Reporting,26,U_orders,UPDATE,1.0505,True
2,5,Reporting,27,Q12,SELECT,8049.5323,True
2,5,Reporting,28,Q12,SELECT,7763.9963,True
2,5,Reporting,29,Q14,SELECT,1184.0984,True
2,6,Reporting,0,Q6,SELECT,15388.9876,True
2,6,Reporting,1,Q14,SELECT,3655.7118,True
2,6,Reporting,2,Q6,SELECT,16437.8098,True
2,6,Reporting,3,Q1,SELECT,7026.4791,True
2,6,Reporting,4,Q1,SELECT,7224.2033,True
2,6,Reporting,5,Q6,SELECT,14530.4244,True
2,6,Reporting,6,Q6,SELECT,15983.4178,True
2,6,Reporting,7,Q1,SELECT,6926.581,True
2,6,Reporting,8,U_orders,UPDATE,7.3868,True
2,6,Reporting,9,Q12,SELECT,3972.9347,True
2,6,Reporting,10,Q14,SELECT,2205.6303,True
2,6,Reporting,11,U_orders,UPDATE,1.7107,True
2,6,Reporting,12,Q1,SELECT,7051.0954,True
2,6,Reporting,13,Q6,SELECT,15190.7817,True
2,6,Reporting,14,Q6,SELECT,15105.4175,True
2,6,Reporting,15,Q1,SELECT,6651.8881,True
2,6,Reporting,16,Q1,SELECT,6818.3744,True
2,6,Reporting,17,Q14,SELECT,3459.268,True
2,6,Reporting,18,Q1,SELECT,7078.2215,True
2,6,Reporting,19,U_orders,UPDATE,11.2476,True
2,6,Reporting,20,U_orders,UPDATE,2.1136,True
2,6,Reporting,21,Q4,SELECT,8656.8209,True
2,6,Reporting,22,Q6,SELECT,21804.8997,True
2,6,Reporting,23,Q6,SELECT,21657.6135,True
2,6,Reporting,24,U_orders,UPDATE,3.8768,True
2,6,Reporting,25,Q1,SELECT,8111.4094,True
2,6,Reporting,26,Q6,SELECT,16086.2205,True
2,6,Reporting,27,Q6,SELECT,15221.8643,True
2,6,Reporting,28,U_orders,UPDATE,4.1498,True
2,6,Reporting,29,Q1,SELECT,6254.0719,True
2,7,Reporting,0,Q14,SELECT,4967.1532,True
2,7,Reporting,1,Q6,SELECT,13324.7221,True
2,7,Reporting,2,U_orders,UPDATE,2.6245,True
2,7,Reporting,3,U_orders,UPDATE,1.285,True
2,7,Reporting,4,Q6,SELECT,12037.9145,True
2,7,Reporting,5,Q1,SELECT,6552.1317,True
2,7,Reporting,6,Q1,SELECT,6492.4083,True
2,7,Reporting,7,Q14,SELECT,1273.9084,True
2,7,Reporting,8,Q14,SELECT,752.2235,True
2,7,Reporting,9,U_orders,UPDATE,3.2084,True
2,7,Reporting,10,Q1,SELECT,7540.9617,True
2,7,Reporting,11,U_orders,UPDATE,1.9387,True
2,7,Reporting,12,Q6,SELECT,12547.5657,True
2,7,Reporting,13,U_orders,UPDATE,2.3842,True
2,7,Reporting,14,Q6,SELECT,12039.6445,True
2,7,Reporting,15,Q6,SELECT,13148.4264,True
2,7,Reporting,16,Q1,SELECT,6205.0334,True
2,7,Reporting,17,Q1,SELECT,6056.7868,True
2,7,Reporting,18,Q1,SELECT,5090.5963,True
2,7,Reporting,19,Q1,SELECT,5489.5335,True
2,7,Reporting,20,Q1,SELECT,5130.257,True
2,7,Reporting,21,Q4,SELECT,7759.3627,True
2,7,Reporting,22,Q1,SELECT,11508.3486,True
2,7,Reporting,23,Q1,SELECT,11601.3417,True
2,7,Reporting,24,Q6,SELECT,17207.3656,True
2,7,Reporting,25,Q4,SELECT,9451.4045,True
2,7,Reporting,26,Q12,SELECT,8381.783,True
2,7,Reporting,27,Q1,SELECT,10970.3265,True
2,7,Reporting,28,Q4,SELECT,830.1703,True
2,7,Reporting,29,U_orders,UPDATE,4.301,True
2,8,JoinHeavy,0,Q7,SELECT,14492.0478,True
2,8,JoinHeavy,1,Q5,SELECT,11004.0623,True
2,8,JoinHeavy,2,Q7,SELECT,13319.0132,True
2,8,JoinHeavy,3,Q5,SELECT,9899.1049,True
2,8,JoinHeavy,4,Q7,SELECT,13414.4736,True
2,8,JoinHeavy,5,Q3,SELECT,13816.3651,True
2,8,JoinHeavy,6,Q3,SELECT,14094.8021,True
2,8,JoinHeavy,7,Q18,SELECT,31674.1591,True
2,8,JoinHeavy,8,Q3,SELECT,13302.3757,True
2,8,JoinHeavy,9,Q7,SELECT,11633.2107,True
2,8,JoinHeavy,10,Q5,SELECT,8764.2363,True
2,8,JoinHeavy,11,Q3,SELECT,13033.5939,True
2,8,JoinHeavy,12,Q3,SELECT,13185.0866,True
2,8,JoinHeavy,13,Q5,SELECT,1127.0539,True
2,8,JoinHeavy,14,Q3,SELECT,13047.0733,True
2,8,JoinHeavy,15,Q18,SELECT,31499.8265,True
2,8,JoinHeavy,16,Q10,SELECT,12534.0493,True
2,8,JoinHeavy,17,Q7,SELECT,11470.0805,True
2,8,JoinHeavy,18,Q18,SELECT,30414.4464,True
2,8,JoinHeavy,19,Q7,SELECT,12496.8533,True
2,8,JoinHeavy,20,Q5,SELECT,9532.6916,True
2,8,JoinHeavy,21,Q7,SELECT,15301.6105,True
2,8,JoinHeavy,22,I_customer,INSERT,3.8976,True
2,8,JoinHeavy,23,I_customer,INSERT,0.2285,True
2,8,JoinHeavy,24,I_customer,INSERT,0.1655,True
2,8,JoinHeavy,25,I_customer,INSERT,0.15,True
2,8,JoinHeavy,26,I_customer,INSERT,0.1332,True
2,8,JoinHeavy,27,I_customer,INSERT,0.1336,True
2,8,JoinHeavy,28,I_customer,INSERT,0.1784,True
2,8,JoinHeavy,29,I_customer,INSERT,0.1387,True
2,8,JoinHeavy,30,I_customer,INSERT,0.1645,True
2,8,JoinHeavy,31,I_customer,INSERT,0.1384,True
2,8,JoinHeavy,32,I_customer,INSERT,0.1151,True
2,8,JoinHeavy,33,I_customer,INSERT,0.1306,True
2,8,JoinHeavy,34,I_customer,INSERT,0.1227,True
2,8,JoinHeavy,35,I_customer,INSERT,0.1258,True
2,8,JoinHeavy,36,I_customer,INSERT,0.1409,True
2,8,JoinHeavy,37,I_customer,INSERT,0.1211,True
2,8,JoinHeavy,38,I_customer,INSERT,0.1267,True
2,8,JoinHeavy,39,I_customer,INSERT,0.1245,True
2,9,JoinHeavy,0,Q10,SELECT,15190.2899,True
2,9,JoinHeavy,1,Q10,SELECT,12087.4362,True
2,9,JoinHeavy,2,Q3,SELECT,13400.126,True
2,9,JoinHeavy,3,Q7,SELECT,9862.3325,True
2,9,JoinHeavy,4,Q7,SELECT,8964.4727,True
2,9,JoinHeavy,5,Q18,SELECT,32072.3587,True
2,9,JoinHeavy,6,Q18,SELECT,32012.1397,True
2,9,JoinHeavy,7,Q18,SELECT,31248.9196,True
2,9,JoinHeavy,8,Q3,SELECT,13423.6225,True
2,9,JoinHeavy,9,Q5,SELECT,9246.6762,True
2,9,JoinHeavy,10,Q3,SELECT,12609.3105,True
2,9,JoinHeavy,11,Q18,SELECT,32232.6474,True
2,9,JoinHeavy,12,Q3,SELECT,13604.1633,True
2,9,JoinHeavy,13,Q10,SELECT,12598.1132,True
2,9,JoinHeavy,14,Q5,SELECT,1053.1601,True
2,9,JoinHeavy,15,Q10,SELECT,12122.8565,True
2,9,JoinHeavy,16,Q3,SELECT,14196.6026,True
2,9,JoinHeavy,17,Q3,SELECT,12913.2389,True
2,9,JoinHeavy,18,Q5,SELECT,909.7917,True
2,9,JoinHeavy,19,Q7,SELECT,11347.164,True
2,9,JoinHeavy,20,Q5,SELECT,8956.7701,True
2,9,JoinHeavy,21,Q5,SELECT,925.9973,True
2,9,JoinHeavy,22,I_customer,INSERT,2.464,True
2,9,JoinHeavy,23,I_customer,INSERT,0.514,True
2,9,JoinHeavy,24,I_customer,INSERT,0.9401,True
2,9,JoinHeavy,25,I_customer,INSERT,0.2621,True
2,9,JoinHeavy,26,I_customer,INSERT,0.2824,True
2,9,JoinHeavy,27,I_customer,INSERT,0.3131,True
2,9,JoinHeavy,28,I_customer,INSERT,0.329,True
2,9,JoinHeavy,29,I_customer,INSERT,0.3086,True
2,9,JoinHeavy,30,I_customer,INSERT,0.3146,True
2,9,JoinHeavy,31,I_customer,INSERT,0.3086,True
2,9,JoinHeavy,32,I_customer,INSERT,0.1739,True
2,9,JoinHeavy,33,I_customer,INSERT,0.3288,True
2,9,JoinHeavy,34,I_customer,INSERT,0.1528,True
2,9,JoinHeavy,35,I_customer,INSERT,0.1348,True
2,9,JoinHeavy,36,I_customer,INSERT,0.1396,True
2,9,JoinHeavy,37,I_customer,INSERT,0.155,True
2,9,JoinHeavy,38,I_customer,INSERT,0.1551,True
2,9,JoinHeavy,39,I_customer,INSERT,0.1361,True
2,10,JoinHeavy,0,Q18,SELECT,32064.6549,True
2,10,JoinHeavy,1,Q5,SELECT,1174.5738,True
2,10,JoinHeavy,2,Q3,SELECT,12601.1969,True
2,10,JoinHeavy,3,Q7,SELECT,11937.3708,True
2,10,JoinHeavy,4,Q10,SELECT,11903.314,True
2,10,JoinHeavy,5,Q5,SELECT,8182.015,True
2,10,JoinHeavy,6,Q3,SELECT,12388.2942,True
2,10,JoinHeavy,7,Q18,SELECT,31242.02,True
2,10,JoinHeavy,8,Q3,SELECT,12596.7695,True
2,10,JoinHeavy,9,Q7,SELECT,11493.9012,True
2,10,JoinHeavy,10,Q5,SELECT,9421.7764,True
2,10,JoinHeavy,11,Q5,SELECT,904.4382,True
2,10,JoinHeavy,12,Q7,SELECT,11730.2273,True
2,10,JoinHeavy,13,Q5,SELECT,8501.8588,True
2,10,JoinHeavy,14,Q3,SELECT,12232.1173,True
2,10,JoinHeavy,15,Q3,SELECT,12451.879,True
2,10,JoinHeavy,16,Q10,SELECT,11779.0811,True
2,10,JoinHeavy,17,Q3,SELECT,12627.7737,True
2,10,JoinHeavy,18,Q3,SELECT,12589.1777,True
2,10,JoinHeavy,19,Q18,SELECT,30461.5955,True
2,10,JoinHeavy,20,Q5,SELECT,2133.1744,True
2,10,JoinHeavy,21,Q18,SELECT,30808.7845,True
2,10,JoinHeavy,22,I_customer,INSERT,1.1042,True
2,10,JoinHeavy,23,I_customer,INSERT,0.2181,True
2,10,JoinHeavy,24,I_customer,INSERT,0.1708,True
2,10,JoinHeavy,25,I_customer,INSERT,0.1642,True
2,10,JoinHeavy,26,I_customer,INSERT,0.1719,True
2,10,JoinHeavy,27,I_customer,INSERT,0.1609,True
2,10,JoinHeavy,28,I_customer,INSERT,0.1597,True
2,10,JoinHeavy,29,I_customer,INSERT,0.1565,True
2,10,JoinHeavy,30,I_customer,INSERT,0.1558,True
2,10,JoinHeavy,31,I_customer,INSERT,0.1504,True
2,10,JoinHeavy,32,I_customer,INSERT,0.1398,True
2,10,JoinHeavy,33,I_customer,INSERT,0.153,True
2,10,JoinHeavy,34,I_customer,INSERT,0.1509,True
2,10,JoinHeavy,35,I_customer,INSERT,0.144,True
2,10,JoinHeavy,36,I_customer,INSERT,0.1547,True
2,10,JoinHeavy,37,I_customer,INSERT,0.1473,True
2,10,JoinHeavy,38,I_customer,INSERT,0.1437,True
2,10,JoinHeavy,39,I_customer,INSERT,0.1453,True
2,11,JoinHeavy,0,Q5,SELECT,1085.0768,True
2,11,JoinHeavy,1,Q5,SELECT,934.2553,True
2,11,JoinHeavy,2,Q10,SELECT,12252.4608,True
2,11,JoinHeavy,3,Q3,SELECT,12682.4388,True
2,11,JoinHeavy,4,Q5,SELECT,910.4593,True
2,11,JoinHeavy,5,Q10,SELECT,11744.8395,True
2,11,JoinHeavy,6,Q7,SELECT,11995.0417,True
2,11,JoinHeavy,7,Q18,SELECT,31269.2668,True
2,11,JoinHeavy,8,Q3,SELECT,13471.3977,True
2,11,JoinHeavy,9,Q3,SELECT,13996.3603,True
2,11,JoinHeavy,10,Q7,SELECT,11381.7094,True
2,11,JoinHeavy,11,Q10,SELECT,11981.3656,True
2,11,JoinHeavy,12,Q3,SELECT,12701.5805,True
2,11,JoinHeavy,13,Q5,SELECT,9035.5737,True
2,11,JoinHeavy,14,Q18,SELECT,31228.4659,True
2,11,JoinHeavy,15,Q3,SELECT,12564.7686,True
2,11,JoinHeavy,16,Q10,SELECT,11801.01,True
2,11,JoinHeavy,17,Q5,SELECT,1119.9224,True
2,11,JoinHeavy,18,Q7,SELECT,11652.7151,True
2,11,JoinHeavy,19,Q10,SELECT,11872.2861,True
2,11,JoinHeavy,20,Q5,SELECT,16093.9362,True
2,11,JoinHeavy,21,Q5,SELECT,1170.9887,True
2,11,JoinHeavy,22,I_customer,INSERT,6.6933,True
2,11,JoinHeavy,23,I_customer,INSERT,0.4069,True
2,11,JoinHeavy,24,I_customer,INSERT,0.3875,True
2,11,JoinHeavy,25,I_customer,INSERT,0.3651,True
2,11,JoinHeavy,26,I_customer,INSERT,0.3009,True
2,11,JoinHeavy,27,I_customer,INSERT,0.1788,True
2,11,JoinHeavy,28,I_customer,INSERT,0.2308,True
2,11,JoinHeavy,29,I_customer,INSERT,0.159,True
2,11,JoinHeavy,30,I_customer,INSERT,0.2022,True
2,11,JoinHeavy,31,I_customer,INSERT,0.2118,True
2,11,JoinHeavy,32,I_customer,INSERT,0.1777,True
2,11,JoinHeavy,33,I_customer,INSERT,0.1506,True
2,11,JoinHeavy,34,I_customer,INSERT,0.1664,True
2,11,JoinHeavy,35,I_customer,INSERT,0.1863,True
2,11,JoinHeavy,36,I_customer,INSERT,0.1691,True
2,11,JoinHeavy,37,I_customer,INSERT,0.1816,True
2,11,JoinHeavy,38,I_customer,INSERT,0.1544,True
2,11,JoinHeavy,39,I_customer,INSERT,0.1649,True
2,12,JoinHeavy,0,Q5,SELECT,1083.56,True
2,12,JoinHeavy,1,Q18,SELECT,30789.7878,True
2,12,JoinHeavy,2,Q5,SELECT,1110.7621,True
2,12,JoinHeavy,3,Q3,SELECT,14063.9816,True
2,12,JoinHeavy,4,Q7,SELECT,12309.9911,True
2,12,JoinHeavy,5,Q10,SELECT,12358.9911,True
2,12,JoinHeavy,6,Q10,SELECT,12087.3505,True
2,12,JoinHeavy,7,Q7,SELECT,11318.9625,True
2,12,JoinHeavy,8,Q3,SELECT,13576.2066,True
2,12,JoinHeavy,9,Q3,SELECT,12755.9477,True
2,12,JoinHeavy,10,Q5,SELECT,8677.0473,True
2,12,JoinHeavy,11,Q5,SELECT,923.9845,True
2,12,JoinHeavy,12,Q5,SELECT,917.0657,True
2,12,JoinHeavy,13,Q10,SELECT,11580.0715,True
2,12,JoinHeavy,14,Q18,SELECT,30013.0373,True
2,12,JoinHeavy,15,Q10,SELECT,11411.1414,True
2,12,JoinHeavy,16,Q18,SELECT,31105.7742,True
2,12,JoinHeavy,17,Q5,SELECT,1051.267,True
2,12,JoinHeavy,18,Q5,SELECT,913.6367,True
2,12,JoinHeavy,19,Q18,SELECT,30053.4324,True
2,12,JoinHeavy,20,Q18,SELECT,29987.8147,True
2,12,JoinHeavy,21,Q18,SELECT,29978.3533,True
2,12,JoinHeavy,22,I_customer,INSERT,8.7242,True
2,12,JoinHeavy,23,I_customer,INSERT,0.3971,True
2,12,JoinHeavy,24,I_customer,INSERT,0.239,True
2,12,JoinHeavy,25,I_customer,INSERT,0.2188,True
2,12,JoinHeavy,26,I_customer,INSERT,0.2332,True
2,12,JoinHeavy,27,I_customer,INSERT,0.2776,True
2,12,JoinHeavy,28,I_customer,INSERT,0.2223,True
2,12,JoinHeavy,29,I_customer,INSERT,0.2142,True
2,12,JoinHeavy,30,I_customer,INSERT,0.232,True
2,12,JoinHeavy,31,I_customer,INSERT,0.2302,True
2,12,JoinHeavy,32,I_customer,INSERT,0.2255,True
2,12,JoinHeavy,33,I_customer,INSERT,0.2755,True
2,12,JoinHeavy,34,I_customer,INSERT,0.2298,True
2,12,JoinHeavy,35,I_customer,INSERT,1.01,True
2,12,JoinHeavy,36,I_customer,INSERT,0.2991,True
2,12,JoinHeavy,37,I_customer,INSERT,0.3182,True
2,12,JoinHeavy,38,I_customer,INSERT,0.2975,True
2,12,JoinHeavy,39,I_customer,INSERT,0.2505,True
2,13,JoinHeavy,0,Q3,SELECT,12517.0329,True
2,13,JoinHeavy,1,Q7,SELECT,12785.649,True
2,13,JoinHeavy,2,Q3,SELECT,14356.1139,True
2,13,JoinHeavy,3,Q10,SELECT,12168.1542,True
2,13,JoinHeavy,4,Q3,SELECT,12744.0973,True
2,13,JoinHeavy,5,Q3,SELECT,12676.0911,True
2,13,JoinHeavy,6,Q5,SELECT,7762.9498,True
2,13,JoinHeavy,7,Q3,SELECT,12078.157,True
2,13,JoinHeavy,8,Q18,SELECT,30263.3334,True
2,13,JoinHeavy,9,Q3,SELECT,12471.6285,True
2,13,JoinHeavy,10,Q5,SELECT,1038.5978,True
2,13,JoinHeavy,11,Q7,SELECT,11879.6771,True
2,13,JoinHeavy,12,Q10,SELECT,11748.495,True
2,13,JoinHeavy,13,Q5,SELECT,9341.94,True
2,13,JoinHeavy,14,Q10,SELECT,11680.7974,True
2,13,JoinHeavy,15,Q18,SELECT,30110.6245,True
2,13,JoinHeavy,16,Q7,SELECT,11850.5935,True
2,13,JoinHeavy,17,Q18,SELECT,30250.0808,True
2,13,JoinHeavy,18,Q7,SELECT,12208.2397,True
2,13,JoinHeavy,19,Q5,SELECT,9286.6227,True
2,13,JoinHeavy,20,Q5,SELECT,911.8947,True
2,13,JoinHeavy,21,Q7,SELECT,12279.191,True
2,13,JoinHeavy,22,I_customer,INSERT,2.3406,True
2,13,JoinHeavy,23,I_customer,INSERT,0.4167,True
2,13,JoinHeavy,24,I_customer,INSERT,0.2554,True
2,13,JoinHeavy,25,I_customer,INSERT,0.2593,True
2,13,JoinHeavy,26,I_customer,INSERT,0.259,True
2,13,JoinHeavy,27,I_customer,INSERT,0.2723,True
2,13,JoinHeavy,28,I_customer,INSERT,0.2507,True
2,13,JoinHeavy,29,I_customer,INSERT,0.2572,True
2,13,JoinHeavy,30,I_customer,INSERT,0.2221,True
2,13,JoinHeavy,31,I_customer,INSERT,0.2155,True
2,13,JoinHeavy,32,I_customer,INSERT,0.2218,True
2,13,JoinHeavy,33,I_customer,INSERT,0.2254,True
2,13,JoinHeavy,34,I_customer,INSERT,0.232,True
2,13,JoinHeavy,35,I_customer,INSERT,0.2411,True
2,13,JoinHeavy,36,I_customer,INSERT,0.2308,True
2,13,JoinHeavy,37,I_customer,INSERT,0.2149,True
2,13,JoinHeavy,38,I_customer,INSERT,0.3636,True
2,13,JoinHeavy,39,I_customer,INSERT,0.1578,True
2,14,JoinHeavy,0,Q18,SELECT,31617.6399,True
2,14,JoinHeavy,1,Q5,SELECT,10056.6611,True
2,14,JoinHeavy,2,Q7,SELECT,15972.5734,True
2,14,JoinHeavy,3,Q3,SELECT,13694.1796,True
2,14,JoinHeavy,4,Q7,SELECT,11917.0106,True
2,14,JoinHeavy,5,Q7,SELECT,7697.0017,True
2,14,JoinHeavy,6,Q3,SELECT,14427.8875,True
2,14,JoinHeavy,7,Q10,SELECT,12420.3805,True
2,14,JoinHeavy,8,Q10,SELECT,12459.484,True
2,14,JoinHeavy,9,Q5,SELECT,9669.2137,True
2,14,JoinHeavy,10,Q3,SELECT,12515.5374,True
2,14,JoinHeavy,11,Q10,SELECT,12076.2017,True
2,14,JoinHeavy,12,Q5,SELECT,1092.1712,True
2,14,JoinHeavy,13,Q5,SELECT,928.1646,True
2,14,JoinHeavy,14,Q3,SELECT,13377.9462,True
2,14,JoinHeavy,15,Q7,SELECT,12502.4621,True
2,14,JoinHeavy,16,Q10,SELECT,12483.8306,True
2,14,JoinHeavy,17,Q5,SELECT,9656.1597,True
2,14,JoinHeavy,18,Q5,SELECT,1024.2935,True
2,14,JoinHeavy,19,Q7,SELECT,11529.2208,True
2,14,JoinHeavy,20,Q3,SELECT,13148.014,True
2,14,JoinHeavy,21,Q3,SELECT,13443.2074,True
2,14,JoinHeavy,22,I_customer,INSERT,9.0649,True
2,14,JoinHeavy,23,I_customer,INSERT,0.2638,True
2,14,JoinHeavy,24,I_customer,INSERT,0.1686,True
2,14,JoinHeavy,25,I_customer,INSERT,0.1437,True
2,14,JoinHeavy,26,I_customer,INSERT,0.1274,True
2,14,JoinHeavy,27,I_customer,INSERT,0.1147,True
2,14,JoinHeavy,28,I_customer,INSERT,0.1145,True
2,14,JoinHeavy,29,I_customer,INSERT,0.242,True
2,14,JoinHeavy,30,I_customer,INSERT,0.0964,True
2,14,JoinHeavy,31,I_customer,INSERT,0.0955,True
2,14,JoinHeavy,32,I_customer,INSERT,0.0992,True
2,14,JoinHeavy,33,I_customer,INSERT,0.0989,True
2,14,JoinHeavy,34,I_customer,INSERT,0.1126,True
2,14,JoinHeavy,35,I_customer,INSERT,0.1018,True
2,14,JoinHeavy,36,I_customer,INSERT,0.1055,True
2,14,JoinHeavy,37,I_customer,INSERT,0.103,True
2,14,JoinHeavy,38,I_customer,INSERT,0.6935,True
2,14,JoinHeavy,39,I_customer,INSERT,0.119,True
2,15,JoinHeavy,0,Q3,SELECT,13077.1472,True
2,15,JoinHeavy,1,Q5,SELECT,6129.1912,True
2,15,JoinHeavy,2,Q5,SELECT,956.8966,True
2,15,JoinHeavy,3,Q5,SELECT,919.7863,True
2,15,JoinHeavy,4,Q7,SELECT,11249.397,True
2,15,JoinHeavy,5,Q3,SELECT,12249.4657,True
2,15,JoinHeavy,6,Q7,SELECT,11565.6208,True
2,15,JoinHeavy,7,Q5,SELECT,8618.8637,True
2,15,JoinHeavy,8,Q3,SELECT,12106.3931,True
2,15,JoinHeavy,9,Q10,SELECT,12458.5375,True
2,15,JoinHeavy,10,Q3,SELECT,13249.333,True
2,15,JoinHeavy,11,Q7,SELECT,12089.1619,True
2,15,JoinHeavy,12,Q10,SELECT,12015.1517,True
2,15,JoinHeavy,13,Q7,SELECT,13912.6348,True
2,15,JoinHeavy,14,Q3,SELECT,15712.7589,True
2,15,JoinHeavy,15,Q7,SELECT,15225.0909,True
2,15,JoinHeavy,16,Q7,SELECT,16680.0525,True
2,15,JoinHeavy,17,Q18,SELECT,30868.9218,True
2,15,JoinHeavy,18,Q10,SELECT,12348.6043,True
2,15,JoinHeavy,19,Q3,SELECT,13195.3417,True
2,15,JoinHeavy,20,Q5,SELECT,9130.091,True
2,15,JoinHeavy,21,Q10,SELECT,12066.8407,True
2,15,JoinHeavy,22,I_customer,INSERT,3.3285,True
2,15,JoinHeavy,23,I_customer,INSERT,0.3735,True
2,15,JoinHeavy,24,I_customer,INSERT,0.3265,True
2,15,JoinHeavy,25,I_customer,INSERT,0.2501,True
2,15,JoinHeavy,26,I_customer,INSERT,0.2505,True
2,15,JoinHeavy,27,I_customer,INSERT,0.8996,True
2,15,JoinHeavy,28,I_customer,INSERT,0.2187,True
2,15,JoinHeavy,29,I_customer,INSERT,0.215,True
2,15,JoinHeavy,30,I_customer,INSERT,0.2352,True
2,15,JoinHeavy,31,I_customer,INSERT,0.2181,True
2,15,JoinHeavy,32,I_customer,INSERT,0.25,True
2,15,JoinHeavy,33,I_customer,INSERT,0.2169,True
2,15,JoinHeavy,34,I_customer,INSERT,0.2373,True
2,15,JoinHeavy,35,I_customer,INSERT,0.2277,True
2,15,JoinHeavy,36,I_customer,INSERT,0.2523,True
2,15,JoinHeavy,37,I_customer,INSERT,0.2451,True
2,15,JoinHeavy,38,I_customer,INSERT,0.2562,True
2,15,JoinHeavy,39,I_customer,INSERT,0.2565,True
2,16,Procurement,0,D_orders,DELETE,6.1724,True
2,16,Procurement,1,D_orders,DELETE,0.6807,True
2,16,Procurement,2,D_orders,DELETE,0.7252,True
2,16,Procurement,3,D_orders,DELETE,0.4163,True
2,16,Procurement,4,Q11,SELECT,1524.1353,True
2,16,Procurement,5,Q17,SELECT,36069.2733,True
2,16,Procurement,6,Q1,SELECT,14032.0157,True
2,16,Procurement,7,Q11,SELECT,550.4653,True
2,16,Procurement,8,Q17,SELECT,35660.9327,True
2,16,Procurement,9,Q11,SELECT,553.9433,True
2,16,Procurement,10,Q17,SELECT,35658.7749,True
2,16,Procurement,11,Q11,SELECT,550.6592,True
2,16,Procurement,12,Q17,SELECT,35398.7198,True
2,16,Procurement,13,Q6,SELECT,25222.1338,True
2,16,Procurement,14,Q17,SELECT,27120.1999,True
2,16,Procurement,15,Q1,SELECT,10525.4449,True
2,16,Procurement,16,Q17,SELECT,25353.7109,True
2,16,Procurement,17,Q11,SELECT,540.7699,True
2,16,Procurement,18,Q6,SELECT,18455.8102,True
2,16,Procurement,19,Q11,SELECT,485.431,True
2,16,Procurement,20,Q11,SELECT,479.184,True
2,16,Procurement,21,Q11,SELECT,475.4853,True
2,16,Procurement,22,Q11,SELECT,481.157,True
2,16,Procurement,23,Q17,SELECT,22057.0406,True
2,16,Procurement,24,Q14,SELECT,4265.2384,True
2,17,Procurement,0,D_orders,DELETE,4.593,True
2,17,Procurement,1,D_orders,DELETE,1.5681,True
2,17,Procurement,2,D_orders,DELETE,0.5546,True
2,17,Procurement,3,D_orders,DELETE,0.6572,True
2,17,Procurement,4,Q17,SELECT,22885.86,True
2,17,Procurement,5,Q14,SELECT,779.931,True
2,17,Procurement,6,Q1,SELECT,8526.2397,True
2,17,Procurement,7,Q17,SELECT,23271.2517,True
2,17,Procurement,8,Q1,SELECT,8614.1955,True
2,17,Procurement,9,Q14,SELECT,784.2224,True
2,17,Procurement,10,Q1,SELECT,8528.621,True
2,17,Procurement,11,Q6,SELECT,14984.8985,True
2,17,Procurement,12,Q11,SELECT,1482.0577,True
2,17,Procurement,13,Q17,SELECT,21441.6254,True
2,17,Procurement,14,Q11,SELECT,529.3656,True
2,17,Procurement,15,Q14,SELECT,4213.0793,True
2,17,Procurement,16,Q17,SELECT,22253.0275,True
2,17,Procurement,17,Q11,SELECT,524.718,True
2,17,Procurement,18,Q6,SELECT,17693.2029,True
2,17,Procurement,19,Q11,SELECT,456.8312,True
2,17,Procurement,20,Q14,SELECT,7676.9193,True
2,17,Procurement,21,Q11,SELECT,456.308,True
2,17,Procurement,22,Q11,SELECT,451.9137,True
2,17,Procurement,23,Q14,SELECT,760.8443,True
2,17,Procurement,24,Q11,SELECT,455.2813,True
2,18,Procurement,0,D_orders,DELETE,2.4058,True
2,18,Procurement,1,D_orders,DELETE,0.7963,True
2,18,Procurement,2,D_orders,DELETE,0.8212,True
2,18,Procurement,3,D_orders,DELETE,0.6282,True
2,18,Procurement,4,Q17,SELECT,22505.459,True
2,18,Procurement,5,Q6,SELECT,18084.1598,True
2,18,Procurement,6,Q6,SELECT,18727.8612,True
2,18,Procurement,7,Q1,SELECT,5807.0317,True
2,18,Procurement,8,Q6,SELECT,9784.5328,True
2,18,Procurement,9,Q6,SELECT,11895.1178,True
2,18,Procurement,10,Q17,SELECT,17069.204,True
2,18,Procurement,11,Q14,SELECT,2523.7534,True
2,18,Procurement,12,Q17,SELECT,17020.6377,True
2,18,Procurement,13,Q6,SELECT,15075.4712,True
2,18,Procurement,14,Q17,SELECT,18577.0968,True
2,18,Procurement,15,Q1,SELECT,5045.0056,True
2,18,Procurement,16,Q17,SELECT,14814.0681,True
2,18,Procurement,17,Q1,SELECT,4974.0525,True
2,18,Procurement,18,Q6,SELECT,18083.6544,True
2,18,Procurement,19,Q17,SELECT,18261.0983,True
2,18,Procurement,20,Q6,SELECT,15606.4873,True
2,18,Procurement,21,Q17,SELECT,19285.2864,True
2,18,Procurement,22,Q11,SELECT,1513.1579,True
2,18,Procurement,23,Q11,SELECT,462.1361,True
2,18,Procurement,24,Q14,SELECT,7047.3814,True
2,19,Procurement,0,D_orders,DELETE,1.6738,True
2,19,Procurement,1,D_orders,DELETE,0.5978,True
2,19,Procurement,2,D_orders,DELETE,0.5442,True
2,19,Procurement,3,D_orders,DELETE,0.5561,True
2,19,Procurement,4,Q1,SELECT,8682.4537,True
2,19,Procurement,5,Q11,SELECT,458.7704,True
2,19,Procurement,6,Q11,SELECT,454.4375,True
2,19,Procurement,7,Q14,SELECT,732.7479,True
2,19,Procurement,8,Q17,SELECT,23193.0402,True
2,19,Procurement,9,Q17,SELECT,23943.6935,True
2,19,Procurement,10,Q1,SELECT,5757.6282,True
2,19,Procurement,11,Q6,SELECT,19302.7853,True
2,19,Procurement,12,Q11,SELECT,1549.716,True
2,19,Procurement,13,Q11,SELECT,458.2426,True
2,19,Procurement,14,Q6,SELECT,18402.5908,True
2,19,Procurement,15,Q17,SELECT,19456.0513,True
2,19,Procurement,16,Q1,SELECT,5060.593,True
2,19,Procurement,17,Q11,SELECT,516.6949,True
2,19,Procurement,18,Q14,SELECT,4297.76,True
2,19,Procurement,19,Q6,SELECT,15121.6882,True
2,19,Procurement,20,Q14,SELECT,3199.3914,True
2,19,Procurement,21,Q17,SELECT,16564.351,True
2,19,Procurement,22,Q11,SELECT,1469.9684,True
2,19,Procurement,23,Q6,SELECT,12483.5484,True
2,19,Procurement,24,Q14,SELECT,8574.1496,True
2,20,Procurement,0,D_orders,DELETE,2.886,True
2,20,Procurement,1,D_orders,DELETE,0.8091,True
2,20,Procurement,2,D_orders,DELETE,0.5745,True
2,20,Procurement,3,D_orders,DELETE,0.8165,True
2,20,Procurement,4,Q17,SELECT,20969.4791,True
2,20,Procurement,5,Q17,SELECT,21019.879,True
2,20,Procurement,6,Q11,SELECT,1563.4983,True
2,20,Procurement,7,Q6,SELECT,14127.597,True
2,20,Procurement,8,Q11,SELECT,458.0301,True
2,20,Procurement,9,Q1,SELECT,9160.462,True
2,20,Procurement,10,Q17,SELECT,22645.3619,True
2,20,Procurement,11,Q14,SELECT,6996.6318,True
2,20,Procurement,12,Q14,SELECT,733.4863,True
2,20,Procurement,13,Q14,SELECT,720.7374,True
2,20,Procurement,14,Q6,SELECT,15502.999,True
2,20,Procurement,15,Q14,SELECT,725.53,True
2,20,Procurement,16,Q17,SELECT,18286.2593,True
2,20,Procurement,17,Q11,SELECT,1479.2786,True
2,20,Procurement,18,Q14,SELECT,762.1683,True
2,20,Procurement,19,Q11,SELECT,464.9452,True
2,20,Procurement,20,Q11,SELECT,460.6966,True
2,20,Procurement,21,Q6,SELECT,13199.434,True
2,20,Procurement,22,Q6,SELECT,12823.5899,True
2,20,Procurement,23,Q17,SELECT,23652.7769,True
2,20,Procurement,24,Q6,SELECT,17165.1002,True
2,21,Procurement,0,D_orders,DELETE,2.9642,True
2,21,Procurement,1,D_orders,DELETE,0.647,True
2,21,Procurement,2,D_orders,DELETE,0.6897,True
2,21,Procurement,3,D_orders,DELETE,0.5336,True
2,21,Procurement,4,Q14,SELECT,2741.3745,True
2,21,Procurement,5,Q17,SELECT,19378.5417,True
2,21,Procurement,6,Q1,SELECT,5004.4614,True
2,21,Procurement,7,Q11,SELECT,1501.3892,True
2,21,Procurement,8,Q17,SELECT,20737.8985,True
2,21,Procurement,9,Q11,SELECT,506.4013,True
2,21,Procurement,10,Q11,SELECT,463.3611,True
2,21,Procurement,11,Q1,SELECT,5031.1628,True
2,21,Procurement,12,Q17,SELECT,16675.0958,True
2,21,Procurement,13,Q1,SELECT,5035.929,True
2,21,Procurement,14,Q1,SELECT,5046.1375,True
2,21,Procurement,15,Q1,SELECT,5017.9568,True
2,21,Procurement,16,Q6,SELECT,9885.6996,True
2,21,Procurement,17,Q17,SELECT,23791.4375,True
2,21,Procurement,18,Q14,SELECT,1322.9208,True
2,21,Procurement,19,Q14,SELECT,733.4289,True
2,21,Procurement,20,Q1,SELECT,5087.4906,True
2,21,Procurement,21,Q11,SELECT,1523.601,True
2,21,Procurement,22,Q14,SELECT,735.9714,True
2,21,Procurement,23,Q1,SELECT,6447.7058,True
2,21,Procurement,24,Q17,SELECT,19492.2816,True
2,22,Procurement,0,D_orders,DELETE,11.6285,True
2,22,Procurement,1,D_orders,DELETE,2.7107,True
2,22,Procurement,2,D_orders,DELETE,2.2394,True
2,22,Procurement,3,D_orders,DELETE,2.0345,True
2,22,Procurement,4,Q1,SELECT,5045.0549,True
2,22,Procurement,5,Q11,SELECT,497.4905,True
2,22,Procurement,6,Q14,SELECT,3227.5266,True
2,22,Procurement,7,Q11,SELECT,474.8569,True
2,22,Procurement,8,Q14,SELECT,725.991,True
2,22,Procurement,9,Q17,SELECT,20350.4973,True
2,22,Procurement,10,Q6,SELECT,17174.4269,True
2,22,Procurement,11,Q17,SELECT,19829.0201,True
2,22,Procurement,12,Q6,SELECT,16270.7649,True
2,22,Procurement,13,Q17,SELECT,18742.7791,True
2,22,Procurement,14,Q11,SELECT,1620.2165,True
2,22,Procurement,15,Q11,SELECT,458.229,True
2,22,Procurement,16,Q11,SELECT,455.9856,True
2,22,Procurement,17,Q1,SELECT,6049.0879,True
2,22,Procurement,18,Q17,SELECT,16175.2007,True
2,22,Procurement,19,Q6,SELECT,19594.9956,True
2,22,Procurement,20,Q17,SELECT,18212.799,True
2,22,Procurement,21,Q1,SELECT,5225.2257,True
2,22,Procurement,22,Q6,SELECT,7304.9401,True
2,22,Procurement,23,Q11,SELECT,1587.8898,True
2,22,Procurement,24,Q11,SELECT,462.9835,True
2,23,Procurement,0,D_orders,DELETE,4.548,True
2,23,Procurement,1,D_orders,DELETE,2.7862,True
2,23,Procurement,2,D_orders,DELETE,0.7421,True
2,23,Procurement,3,D_orders,DELETE,0.5888,True
2,23,Procurement,4,Q11,SELECT,457.9522,True
2,23,Procurement,5,Q11,SELECT,456.218,True
2,23,Procurement,6,Q11,SELECT,453.4672,True
2,23,Procurement,7,Q6,SELECT,17666.8681,True
2,23,Procurement,8,Q6,SELECT,17687.6866,True
2,23,Procurement,9,Q11,SELECT,509.7216,True
2,23,Procurement,10,Q6,SELECT,17899.4137,True
2,23,Procurement,11,Q11,SELECT,453.3227,True
2,23,Procurement,12,Q11,SELECT,452.7955,True
2,23,Procurement,13,Q6,SELECT,17426.9494,True
2,23,Procurement,14,Q11,SELECT,519.7688,True
2,23,Procurement,15,Q14,SELECT,4217.3206,True
2,23,Procurement,16,Q6,SELECT,15200.9907,True
2,23,Procurement,17,Q17,SELECT,20903.9129,True
2,23,Procurement,18,Q11,SELECT,519.3397,True
2,23,Procurement,19,Q6,SELECT,15558.8857,True
2,23,Procurement,20,Q17,SELECT,20242.627,True
2,23,Procurement,21,Q11,SELECT,1535.2515,True
2,23,Procurement,22,Q17,SELECT,22624.3912,True
2,23,Procurement,23,Q11,SELECT,462.9153,True
2,23,Procurement,24,Q1,SELECT,5092.7507,True
2,24,Customer,0,Q3,SELECT,12720.1537,True
2,24,Customer,1,U_customer,UPDATE,2.9969,True
2,24,Customer,2,Q10,SELECT,6615.6487,True
2,24,Customer,3,U_customer,UPDATE,2.0437,True
2,24,Customer,4,Q3,SELECT,6988.5859,True
2,24,Customer,5,U_customer,UPDATE,0.8308,True
2,24,Customer,6,Q10,SELECT,5717.8143,True
2,24,Customer,7,U_customer,UPDATE,2.4912,True
2,24,Customer,8,Q5,SELECT,3968.8411,True
2,24,Customer,9,U_customer,UPDATE,2.0607,True
2,24,Customer,10,Q5,SELECT,896.8434,True
2,24,Customer,11,U_customer,UPDATE,1.7931,True
2,24,Customer,12,Q18,SELECT,27778.8155,True
2,24,Customer,13,U_customer,UPDATE,1.1251,True
2,24,Customer,14,Q3,SELECT,10200.9875,True
2,24,Customer,15,U_customer,UPDATE,1.6179,True
2,24,Customer,16,Q7,SELECT,11601.9446,True
2,24,Customer,17,U_customer,UPDATE,0.8755,True
2,24,Customer,18,Q10,SELECT,11477.7195,True
2,24,Customer,19,U_customer,UPDATE,1.2651,True
2,25,Customer,0,Q7,SELECT,11821.4268,True
2,25,Customer,1,U_customer,UPDATE,0.9556,True
2,25,Customer,2,Q3,SELECT,12767.9482,True
2,25,Customer,3,U_customer,UPDATE,2.0017,True
2,25,Customer,4,Q18,SELECT,30907.5129,True
2,25,Customer,5,U_customer,UPDATE,1.5217,True
2,25,Customer,6,Q5,SELECT,8693.9493,True
2,25,Customer,7,U_customer,UPDATE,1.6618,True
2,25,Customer,8,Q18,SELECT,30951.7702,True
2,25,Customer,9,U_customer,UPDATE,2.7305,True
2,25,Customer,10,Q5,SELECT,1024.9429,True
2,25,Customer,11,U_customer,UPDATE,1.9189,True
2,25,Customer,12,Q18,SELECT,29725.417,True
2,25,Customer,13,U_customer,UPDATE,1.6881,True
2,25,Customer,14,Q18,SELECT,29824.2286,True
2,25,Customer,15,U_customer,UPDATE,1.5218,True
2,25,Customer,16,Q5,SELECT,972.557,True
2,25,Customer,17,U_customer,UPDATE,1.5481,True
2,25,Customer,18,Q10,SELECT,11527.4189,True
2,25,Customer,19,U_customer,UPDATE,1.731,True
2,26,Customer,0,Q18,SELECT,30178.0627,True
2,26,Customer,1,U_customer,UPDATE,2.5655,True
2,26,Customer,2,Q3,SELECT,12550.3175,True
2,26,Customer,3,U_customer,UPDATE,1.0673,True
2,26,Customer,4,Q10,SELECT,11695.3561,True
2,26,Customer,5,U_customer,UPDATE,1.2444,True
2,26,Customer,6,Q3,SELECT,12631.833,True
2,26,Customer,7,U_customer,UPDATE,0.9983,True
2,26,Customer,8,Q10,SELECT,11713.5773,True
2,26,Customer,9,U_customer,UPDATE,1.5526,True
2,26,Customer,10,Q5,SELECT,1009.7598,True
2,26,Customer,11,U_customer,UPDATE,1.3972,True
2,26,Customer,12,Q18,SELECT,30875.4465,True
2,26,Customer,13,U_customer,UPDATE,1.618,True
2,26,Customer,14,Q3,SELECT,13007.931,True
2,26,Customer,15,U_customer,UPDATE,1.27,True
2,26,Customer,16,Q10,SELECT,11727.3914,True
2,26,Customer,17,U_customer,UPDATE,1.5044,True
2,26,Customer,18,Q18,SELECT,29848.0994,True
2,26,Customer,19,U_customer,UPDATE,0.681,True
2,27,Customer,0,Q18,SELECT,31327.6705,True
2,27,Customer,1,U_customer,UPDATE,2.1245,True
2,27,Customer,2,Q3,SELECT,13300.356,True
2,27,Customer,3,U_customer,UPDATE,0.61,True
2,27,Customer,4,Q7,SELECT,13687.673,True
2,27,Customer,5,U_customer,UPDATE,1.6441,True
2,27,Customer,6,Q18,SELECT,29754.2119,True
2,27,Customer,7,U_customer,UPDATE,0.8897,True
2,27,Customer,8,Q3,SELECT,12821.3229,True
2,27,Customer,9,U_customer,UPDATE,2.8061,True
2,27,Customer,10,Q10,SELECT,12073.1537,True
2,27,Customer,11,U_customer,UPDATE,1.5871,True
2,27,Customer,12,Q3,SELECT,12878.1182,True
2,27,Customer,13,U_customer,UPDATE,0.8558,True
2,27,Customer,14,Q3,SELECT,14603.1774,True
2,27,Customer,15,U_customer,UPDATE,1.466,True
2,27,Customer,16,Q3,SELECT,13130.448,True
2,27,Customer,17,U_customer,UPDATE,0.6388,True
2,27,Customer,18,Q3,SELECT,13446.911,True
2,27,Customer,19,U_customer,UPDATE,0.9347,True
2,28,Customer,0,Q18,SELECT,30269.28,True
2,28,Customer,1,U_customer,UPDATE,2.7321,True
2,28,Customer,2,Q3,SELECT,13307.6601,True
2,28,Customer,3,U_customer,UPDATE,0.6252,True
2,28,Customer,4,Q5,SELECT,9080.6083,True
2,28,Customer,5,U_customer,UPDATE,3.2324,True
2,28,Customer,6,Q18,SELECT,30307.3078,True
2,28,Customer,7,U_customer,UPDATE,0.7047,True
2,28,Customer,8,Q18,SELECT,29602.7409,True
2,28,Customer,9,U_customer,UPDATE,0.6096,True
2,28,Customer,10,Q18,SELECT,29812.515,True
2,28,Customer,11,U_customer,UPDATE,2.4604,True
2,28,Customer,12,Q3,SELECT,12211.9378,True
2,28,Customer,13,U_customer,UPDATE,1.0598,True
2,28,Customer,14,Q3,SELECT,12302.6557,True
2,28,Customer,15,U_customer,UPDATE,0.9277,True
2,28,Customer,16,Q18,SELECT,29791.4853,True
2,28,Customer,17,U_customer,UPDATE,0.6067,True
2,28,Customer,18,Q10,SELECT,11531.4064,True
2,28,Customer,19,U_customer,UPDATE,1.6287,True
2,29,Customer,0,Q18,SELECT,29865.7393,True
2,29,Customer,1,U_customer,UPDATE,0.7073,True
2,29,Customer,2,Q10,SELECT,11647.863,True
2,29,Customer,3,U_customer,UPDATE,0.5957,True
2,29,Customer,4,Q10,SELECT,11564.0407,True
2,29,Customer,5,U_customer,UPDATE,2.277,True
2,29,Customer,6,Q7,SELECT,12168.9568,True
2,29,Customer,7,U_customer,UPDATE,3.3326,True
2,29,Customer,8,Q7,SELECT,11464.4177,True
2,29,Customer,9,U_customer,UPDATE,0.9758,True
2,29,Customer,10,Q7,SELECT,14473.3132,True
2,29,Customer,11,U_customer,UPDATE,0.9614,True
2,29,Customer,12,Q3,SELECT,12215.4014,True
2,29,Customer,13,U_customer,UPDATE,1.3613,True
2,29,Customer,14,Q10,SELECT,11507.663,True
2,29,Customer,15,U_customer,UPDATE,2.857,True
2,29,Customer,16,Q3,SELECT,12818.131,True
2,29,Customer,17,U_customer,UPDATE,1.1572,True
2,29,Customer,18,Q10,SELECT,11529.2249,True
2,29,Customer,19,U_customer,UPDATE,1.9449,True
2,30,Customer,0,Q10,SELECT,11777.132,True
2,30,Customer,1,U_customer,UPDATE,0.9342,True
2,30,Customer,2,Q10,SELECT,11497.2815,True
2,30,Customer,3,U_customer,UPDATE,1.8727,True
2,30,Customer,4,Q18,SELECT,29818.7438,True
2,30,Customer,5,U_customer,UPDATE,0.9506,True
2,30,Customer,6,Q3,SELECT,12826.8243,True
2,30,Customer,7,U_customer,UPDATE,0.608,True
2,30,Customer,8,Q18,SELECT,30603.3664,True
2,30,Customer,9,U_customer,UPDATE,1.3615,True
2,30,Customer,10,Q10,SELECT,11980.4204,True
2,30,Customer,11,U_customer,UPDATE,0.7075,True
2,30,Customer,12,Q3,SELECT,13154.3962,True
2,30,Customer,13,U_customer,UPDATE,0.4724,True
2,30,Customer,14,Q18,SELECT,30967.4299,True
2,30,Customer,15,U_customer,UPDATE,3.4687,True
2,30,Customer,16,Q10,SELECT,12578.629,True
2,30,Customer,17,U_customer,UPDATE,1.8576,True
2,30,Customer,18,Q3,SELECT,12864.9803,True
2,30,Customer,19,U_customer,UPDATE,0.7532,True
2,31,Customer,0,Q10,SELECT,11936.2483,True
2,31,Customer,1,U_customer,UPDATE,1.6905,True
2,31,Customer,2,Q10,SELECT,12029.53,True
2,31,Customer,3,U_customer,UPDATE,1.0266,True
2,31,Customer,4,Q3,SELECT,12774.0652,True
2,31,Customer,5,U_customer,UPDATE,0.7912,True
2,31,Customer,6,Q3,SELECT,12858.6584,True
2,31,Customer,7,U_customer,UPDATE,0.8145,True
2,31,Customer,8,Q10,SELECT,12480.0466,True
2,31,Customer,9,U_customer,UPDATE,0.465,True
2,31,Customer,10,Q3,SELECT,13091.3598,True
2,31,Customer,11,U_customer,UPDATE,1.3861,True
2,31,Customer,12,Q18,SELECT,30548.7043,True
2,31,Customer,13,U_customer,UPDATE,1.1569,True
2,31,Customer,14,Q3,SELECT,12765.4928,True
2,31,Customer,15,U_customer,UPDATE,0.8157,True
2,31,Customer,16,Q3,SELECT,12929.4485,True
2,31,Customer,17,U_customer,UPDATE,0.928,True
2,31,Customer,18,Q7,SELECT,10736.8904,True
2,31,Customer,19,U_customer,UPDATE,0.7165,True
3,0,Reporting,0,Q1,SELECT,12917.8272,True
3,0,Reporting,1,U_orders,UPDATE,5.7145,True
3,0,Reporting,2,Q6,SELECT,16799.1456,True
3,0,Reporting,3,Q1,SELECT,9687.8675,True
3,0,Reporting,4,U_orders,UPDATE,1.8261,True
3,0,Reporting,5,Q1,SELECT,9641.2251,True
3,0,Reporting,6,Q4,SELECT,7637.8728,True
3,0,Reporting,7,Q4,SELECT,864.7473,True
3,0,Reporting,8,Q14,SELECT,10499.4732,True
3,0,Reporting,9,Q14,SELECT,825.5501,True
3,0,Reporting,10,Q4,SELECT,9418.9517,True
3,0,Reporting,11,Q1,SELECT,13352.5,True
3,0,Reporting,12,Q14,SELECT,5507.847,True
3,0,Reporting,13,Q6,SELECT,17017.7702,True
3,0,Reporting,14,Q14,SELECT,3384.9908,True
3,0,Reporting,15,U_orders,UPDATE,4.8367,True
3,0,Reporting,16,Q14,SELECT,768.1247,True
3,0,Reporting,17,Q12,SELECT,6518.8299,True
3,0,Reporting,18,U_orders,UPDATE,3.7295,True
3,0,Reporting,19,Q1,SELECT,9301.1637,True
3,0,Reporting,20,Q4,SELECT,10610.6274,True
3,0,Reporting,21,Q1,SELECT,13568.5286,True
3,0,Reporting,22,Q12,SELECT,11495.9008,True
3,0,Reporting,23,Q4,SELECT,1111.665,True
3,0,Reporting,24,U_orders,UPDATE,2.7429,True
3,0,Reporting,25,Q1,SELECT,13631.3636,True
3,0,Reporting,26,Q6,SELECT,18008.6981,True
3,0,Reporting,27,U_orders,UPDATE,2.2878,True
3,0,Reporting,28,Q6,SELECT,19655.1579,True
3,0,Reporting,29,Q12,SELECT,3899.3767,True
3,1,Reporting,0,Q1,SELECT,6243.7343,True
3,1,Reporting,1,Q1,SELECT,5058.2651,True
3,1,Reporting,2,Q1,SELECT,5452.5891,True
3,1,Reporting,3,Q14,SELECT,2600.8563,True
3,1,Reporting,4,Q1,SELECT,6091.7771,True
3,1,Reporting,5,Q12,SELECT,2439.8662,True
3,1,Reporting,6,Q1,SELECT,5095.4926,True
3,1,Reporting,7,Q14,SELECT,1362.628,True
3,1,Reporting,8,Q12,SELECT,2915.4093,True
3,1,Reporting,9,U_orders,UPDATE,4.2333,True
3,1,Reporting,10,U_orders,UPDATE,1.3087,True
3,1,Reporting,11,U_orders,UPDATE,3.2175,True
3,1,Reporting,12,Q14,SELECT,942.5685,True
3,1,Reporting,13,U_orders,UPDATE,3.3716,True
3,1,Reporting,14,Q1,SELECT,5191.8447,True
3,1,Reporting,15,Q4,SELECT,7790.8425,True
3,1,Reporting,16,Q6,SELECT,22292.9916,True
3,1,Reporting,17,Q14,SELECT,6598.1602,True
3,1,Reporting,18,U_orders,UPDATE,1.8861,True
3,1,Reporting,19,U_orders,UPDATE,1.2333,True
3,1,Reporting,20,Q1,SELECT,9125.408,True
3,1,Reporting,21,Q1,SELECT,8883.6899,True
3,1,Reporting,22,Q1,SELECT,9381.4588,True
3,1,Reporting,23,Q1,SELECT,8987.0042,True
3,1,Reporting,24,Q12,SELECT,6575.9145,True
3,1,Reporting,25,Q12,SELECT,6615.9545,True
3,1,Reporting,26,Q1,SELECT,8971.7763,True
3,1,Reporting,27,Q6,SELECT,15757.1768,True
3,1,Reporting,28,Q4,SELECT,7888.1012,True
3,1,Reporting,29,Q1,SELECT,11016.8833,True
3,2,Reporting,0,Q1,SELECT,10996.6979,True
3,2,Reporting,1,U_orders,UPDATE,2.3487,True
3,2,Reporting,2,Q6,SELECT,18022.9935,True
3,2,Reporting,3,U_orders,UPDATE,3.0148,True
3,2,Reporting,4,Q6,SELECT,19922.7465,True
3,2,Reporting,5,Q6,SELECT,20136.5474,True
3,2,Reporting,6,Q14,SELECT,3878.3391,True
3,2,Reporting,7,Q1,SELECT,7066.374,True
3,2,Reporting,8,Q6,SELECT,17238.9521,True
3,2,Reporting,9,U_orders,UPDATE,4.0375,True
3,2,Reporting,10,Q1,SELECT,6505.5288,True
3,2,Reporting,11,Q14,SELECT,4815.0057,True
3,2,Reporting,12,U_orders,UPDATE,1.9783,True
3,2,Reporting,13,Q14,SELECT,757.3068,True
3,2,Reporting,14,Q14,SELECT,747.9925,True
3,2,Reporting,15,Q1,SELECT,7013.33,True
3,2,Reporting,16,Q1,SELECT,7344.8678,True
3,2,Reporting,17,Q4,SELECT,10350.9957,True
3,2,Reporting,18,Q6,SELECT,16652.5182,True
3,2,Reporting,19,U_orders,UPDATE,2.1889,True
3,2,Reporting,20,Q6,SELECT,20263.8707,True
3,2,Reporting,21,Q1,SELECT,8264.0668,True
3,2,Reporting,22,Q1,SELECT,8229.0587,True
3,2,Reporting,23,Q1,SELECT,7765.1097,True
3,2,Reporting,24,Q6,SELECT,14293.9929,True
3,2,Reporting,25,U_orders,UPDATE,3.7793,True
3,2,Reporting,26,Q6,SELECT,12585.087,True
3,2,Reporting,27,Q4,SELECT,8688.7343,True
3,2,Reporting,28,Q12,SELECT,9142.7931,True
3,2,Reporting,29,Q14,SELECT,9423.1194,True
3,3,Reporting,0,Q1,SELECT,11861.1543,True
3,3,Reporting,1,Q1,SELECT,12016.2143,True
3,3,Reporting,2,Q1,SELECT,11745.8687,True
3,3,Reporting,3,Q6,SELECT,15381.1288,True
3,3,Reporting,4,Q4,SELECT,8828.7878,True
3,3,Reporting,5,Q1,SELECT,11492.8971,True
3,3,Reporting,6,U_orders,UPDATE,5.1108,True
3,3,Reporting,7,Q1,SELECT,11500.7555,True
3,3,Reporting,8,Q6,SELECT,17495.8048,True
3,3,Reporting,9,Q6,SELECT,20725.1132,True
3,3,Reporting,10,Q1,SELECT,6522.0209,True
3,3,Reporting,11,Q14,SELECT,4019.9622,True
3,3,Reporting,12,Q6,SELECT,14938.3307,True
3,3,Reporting,13,Q12,SELECT,3700.6242,True
3,3,Reporting,14,Q1,SELECT,6402.6419,True
3,3,Reporting,15,Q4,SELECT,7860.7837,True
3,3,Reporting,16,Q1,SELECT,11689.913,True
3,3,Reporting,17,U_orders,UPDATE,2.1632,True
3,3,Reporting,18,Q1,SELECT,11789.3573,True
3,3,Reporting,19,U_orders,UPDATE,2.9664,True
3,3,Reporting,20,Q1,SELECT,11581.3835,True
3,3,Reporting,21,U_orders,UPDATE,2.2265,True
3,3,Reporting,22,Q6,SELECT,16087.2427,True
3,3,Reporting,23,Q1,SELECT,7703.0771,True
3,3,Reporting,24,U_orders,UPDATE,3.2751,True
3,3,Reporting,25,Q1,SELECT,7404.8978,True
3,3,Reporting,26,U_orders,UPDATE,1.6996,True
3,3,Reporting,27,Q12,SELECT,4631.5349,True
3,3,Reporting,28,Q1,SELECT,7091.0813,True
3,3,Reporting,29,Q12,SELECT,4341.5726,True
3,4,Reporting,0,Q6,SELECT,17657.978,True
3,4,Reporting,1,Q6,SELECT,8697.7492,True
3,4,Reporting,2,Q1,SELECT,6450.0809,True
3,4,Reporting,3,Q6,SELECT,18288.9035,True
3,4,Reporting,4,Q1,SELECT,5752.784,True
3,4,Reporting,5,Q6,SELECT,18302.8394,True
3,4,Reporting,6,Q6,SELECT,18386.9885,True
3,4,Reporting,7,Q6,SELECT,19131.573,True
3,4,Reporting,8,Q1,SELECT,5526.5342,True
3,4,Reporting,9,Q4,SELECT,7082.7556,True
3,4,Reporting,10,U_orders,UPDATE,2.313,True
3,4,Reporting,11,Q6,SELECT,18328.0211,True
3,4,Reporting,12,Q6,SELECT,19431.1236,True
3,4,Reporting,13,U_orders,UPDATE,3.5962,True
3,4,Reporting,14,Q6,SELECT,18529.7655,True
3,4,Reporting,15,Q4,SELECT,6958.6087,True
3,4,Reporting,16,U_orders,UPDATE,2.0787,True
3,4,Reporting,17,Q1,SELECT,10894.5278,True
3,4,Reporting,18,Q4,SELECT,737.4312,True
3,4,Reporting,19,Q14,SELECT,10725.8617,True
3,4,Reporting,20,U_orders,UPDATE,1.7898,True
3,4,Reporting,21,Q4,SELECT,8717.4023,True
3,4,Reporting,22,Q1,SELECT,13011.6311,True
3,4,Reporting,23,U_orders,UPDATE,5.1192,True
3,4,Reporting,24,Q1,SELECT,13702.0577,True
3,4,Reporting,25,Q6,SELECT,18076.9856,True
3,4,Reporting,26,U_orders,UPDATE,3.0886,True
3,4,Reporting,27,Q1,SELECT,7952.5959,True
3,4,Reporting,28,Q6,SELECT,18474.8584,True
3,4,Reporting,29,Q1,SELECT,6443.0383,True
3,5,Reporting,0,Q1,SELECT,6680.4455,True
3,5,Reporting,1,Q1,SELECT,6425.4331,True
3,5,Reporting,2,Q4,SELECT,8372.7902,True
3,5,Reporting,3,U_orders,UPDATE,2.4947,True
3,5,Reporting,4,U_orders,UPDATE,1.0657,True
3,5,Reporting,5,Q1,SELECT,11006.445,True
3,5,Reporting,6,Q6,SELECT,18325.3764,True
3,5,Reporting,7,Q1,SELECT,8878.3417,True
3,5,Reporting,8,Q1,SELECT,8991.7448,True
3,5,Reporting,9,U_orders,UPDATE,5.2233,True
3,5,Reporting,10,U_orders,UPDATE,1.1057,True
3,5,Reporting,11,Q1,SELECT,8953.9523,True
3,5,Reporting,12,Q1,SELECT,8928.9674,True
3,5,Reporting,13,Q4,SELECT,9275.4808,True
3,5,Reporting,14,Q1,SELECT,10722.3259,True
3,5,Reporting,15,Q1,SELECT,10554.0124,True
3,5,Reporting,16,Q12,SELECT,8366.5113,True
3,5,Reporting,17,Q6,SELECT,17636.3378,True
3,5,Reporting,18,Q1,SELECT,7985.8185,True
3,5,Reporting,19,Q1,SELECT,7944.5133,True
3,5,Reporting,20,U_orders,UPDATE,3.7407,True
3,5,Reporting,21,Q4,SELECT,9062.7462,True
3,5,Reporting,22,Q1,SELECT,10463.555,True
3,5,Reporting,23,Q6,SELECT,16984.9063,True
3,5,Reporting,24,Q1,SELECT,8914.6058,True
3,5,Reporting,25,Q1,SELECT,8848.0393,True
3,5,Reporting,26,Q6,SELECT,14946.6836,True
3,5,Reporting,27,Q6,SELECT,11974.947,True
3,5,Reporting,28,U_orders,UPDATE,3.15,True
3,5,Reporting,29,Q12,SELECT,4168.4517,True
3,6,Reporting,0,Q6,SELECT,16473.0251,True
3,6,Reporting,1,Q6,SELECT,15882.5019,True
3,6,Reporting,2,U_orders,UPDATE,2.9615,True
3,6,Reporting,3,Q14,SELECT,5318.7465,True
3,6,Reporting,4,Q6,SELECT,15324.6624,True
3,6,Reporting,5,Q1,SELECT,7082.7069,True
3,6,Reporting,6,Q14,SELECT,4886.4176,True
3,6,Reporting,7,Q1,SELECT,7006.8208,True
3,6,Reporting,8,U_orders,UPDATE,3.6892,True
3,6,Reporting,9,Q6,SELECT,11163.2288,True
3,6,Reporting,10,Q6,SELECT,11872.9907,True
3,6,Reporting,11,U_orders,UPDATE,5.6642,True
3,6,Reporting,12,Q14,SELECT,3666.6351,True
3,6,Reporting,13,Q1,SELECT,7195.8281,True
3,6,Reporting,14,Q14,SELECT,783.729,True
3,6,Reporting,15,Q1,SELECT,7047.1597,True
3,6,Reporting,16,Q12,SELECT,4449.5702,True
3,6,Reporting,17,Q1,SELECT,7098.5001,True
3,6,Reporting,18,Q14,SELECT,3529.3737,True
3,6,Reporting,19,Q1,SELECT,7078.5734,True
3,6,Reporting,20,Q6,SELECT,9540.5967,True
3,6,Reporting,21,Q6,SELECT,11518.6733,True
3,6,Reporting,22,U_orders,UPDATE,4.4852,True
3,6,Reporting,23,Q14,SELECT,4713.8883,True
3,6,Reporting,24,U_orders,UPDATE,1.4285,True
3,6,Reporting,25,Q12,SELECT,4499.8778,True
3,6,Reporting,26,Q1,SELECT,6996.0244,True
3,6,Reporting,27,Q1,SELECT,7093.4127,True
3,6,Reporting,28,Q4,SELECT,9836.005,True
3,6,Reporting,29,U_orders,UPDATE,4.5309,True
3,7,Reporting,0,Q1,SELECT,12076.3064,True
3,7,Reporting,1,Q12,SELECT,9260.0828,True
3,7,Reporting,2,Q1,SELECT,11522.5436,True
3,7,Reporting,3,Q6,SELECT,17015.7443,True
3,7,Reporting,4,Q14,SELECT,5613.2208,True
3,7,Reporting,5,Q4,SELECT,11371.4946,True
3,7,Reporting,6,Q4,SELECT,787.3553,True
3,7,Reporting,7,U_orders,UPDATE,2.7559,True
3,7,Reporting,8,Q6,SELECT,16373.7683,True
3,7,Reporting,9,U_orders,UPDATE,2.5135,True
3,7,Reporting,10,Q6,SELECT,19521.7518,True
3,7,Reporting,11,Q6,SELECT,18921.4122,True
3,7,Reporting,12,Q1,SELECT,6971.8244,True
3,7,Reporting,13,U_orders,UPDATE,4.514,True
3,7,Reporting,14,Q4,SELECT,7592.2122,True
3,7,Reporting,15,U_orders,UPDATE,1.497,True
3,7,Reporting,16,Q4,SELECT,891.7699,True
3,7,Reporting,17,Q6,SELECT,20333.4939,True
3,7,Reporting,18,Q4,SELECT,7927.3008,True
3,7,Reporting,19,U_orders,UPDATE,2.3145,True
3,7,Reporting,20,Q1,SELECT,10473.0827,True
3,7,Reporting,21,Q4,SELECT,3172.6777,True
3,7,Reporting,22,Q6,SELECT,17344.8837,True
3,7,Reporting,23,U_orders,UPDATE,4.6028,True
3,7,Reporting,24,Q6,SELECT,21245.0063,True
3,7,Reporting,25,Q1,SELECT,7293.3826,True
3,7,Reporting,26,Q12,SELECT,4188.0534,True
3,7,Reporting,27,Q6,SELECT,14135.493,True
3,7,Reporting,28,Q1,SELECT,7161.6573,True
3,7,Reporting,29,Q6,SELECT,11559.34,True
3,8,JoinHeavy,0,Q10,SELECT,11617.4222,True
3,8,JoinHeavy,1,Q18,SELECT,27587.7557,True
3,8,JoinHeavy,2,Q7,SELECT,12640.0378,True
3,8,JoinHeavy,3,Q3,SELECT,12863.7302,True
3,8,JoinHeavy,4,Q5,SELECT,7954.9354,True
3,8,JoinHeavy,5,Q3,SELECT,11964.9907,True
3,8,JoinHeavy,6,Q10,SELECT,11343.8601,True
3,8,JoinHeavy,7,Q3,SELECT,12232.0172,True
3,8,JoinHeavy,8,Q5,SELECT,931.9939,True
3,8,JoinHeavy,9,Q3,SELECT,12140.1975,True
3,8,JoinHeavy,10,Q18,SELECT,29810.7199,True
3,8,JoinHeavy,11,Q3,SELECT,12524.6935,True
3,8,JoinHeavy,12,Q5,SELECT,1169.4503,True
3,8,JoinHeavy,13,Q3,SELECT,12443.3743,True
3,8,JoinHeavy,14,Q5,SELECT,897.006,True
3,8,JoinHeavy,15,Q3,SELECT,13643.1766,True
3,8,JoinHeavy,16,Q3,SELECT,13039.8889,True
3,8,JoinHeavy,17,Q3,SELECT,12526.2129,True
3,8,JoinHeavy,18,Q3,SELECT,12984.693,True
3,8,JoinHeavy,19,Q18,SELECT,30311.184,True
3,8,JoinHeavy,20,Q7,SELECT,11417.6068,True
3,8,JoinHeavy,21,Q3,SELECT,12564.8176,True
3,8,JoinHeavy,22,I_customer,INSERT,1.9993,True
3,8,JoinHeavy,23,I_customer,INSERT,0.345,True
3,8,JoinHeavy,24,I_customer,INSERT,0.2636,True
3,8,JoinHeavy,25,I_customer,INSERT,0.2523,True
3,8,JoinHeavy,26,I_customer,INSERT,0.8437,True
3,8,JoinHeavy,27,I_customer,INSERT,0.2621,True
3,8,JoinHeavy,28,I_customer,INSERT,0.2627,True
3,8,JoinHeavy,29,I_customer,INSERT,0.2222,True
3,8,JoinHeavy,30,I_customer,INSERT,0.2128,True
3,8,JoinHeavy,31,I_customer,INSERT,0.224,True
3,8,JoinHeavy,32,I_customer,INSERT,0.1917,True
3,8,JoinHeavy,33,I_customer,INSERT,0.2028,True
3,8,JoinHeavy,34,I_customer,INSERT,0.196,True
3,8,JoinHeavy,35,I_customer,INSERT,0.198,True
3,8,JoinHeavy,36,I_customer,INSERT,0.2043,True
3,8,JoinHeavy,37,I_customer,INSERT,0.179,True
3,8,JoinHeavy,38,I_customer,INSERT,0.1649,True
3,8,JoinHeavy,39,I_customer,INSERT,0.3801,True
3,9,JoinHeavy,0,Q5,SELECT,8235.3938,True
3,9,JoinHeavy,1,Q18,SELECT,29938.5685,True
3,9,JoinHeavy,2,Q5,SELECT,1167.5143,True
3,9,JoinHeavy,3,Q7,SELECT,11497.4329,True
3,9,JoinHeavy,4,Q5,SELECT,9387.169,True
3,9,JoinHeavy,5,Q5,SELECT,1063.3795,True
3,9,JoinHeavy,6,Q3,SELECT,12203.8001,True
3,9,JoinHeavy,7,Q3,SELECT,12112.2642,True
3,9,JoinHeavy,8,Q5,SELECT,905.0844,True
3,9,JoinHeavy,9,Q3,SELECT,12199.9327,True
3,9,JoinHeavy,10,Q5,SELECT,893.6187,True
3,9,JoinHeavy,11,Q10,SELECT,11594.6613,True
3,9,JoinHeavy,12,Q5,SELECT,946.4397,True
3,9,JoinHeavy,13,Q5,SELECT,907.2391,True
3,9,JoinHeavy,14,Q18,SELECT,29927.5009,True
3,9,JoinHeavy,15,Q10,SELECT,11524.3442,True
3,9,JoinHeavy,16,Q5,SELECT,928.1121,True
3,9,JoinHeavy,17,Q10,SELECT,12702.5392,True
3,9,JoinHeavy,18,Q3,SELECT,12419.0589,True
3,9,JoinHeavy,19,Q3,SELECT,12380.6149,True
3,9,JoinHeavy,20,Q18,SELECT,30625.2251,True
3,9,JoinHeavy,21,Q3,SELECT,12369.3049,True
3,9,JoinHeavy,22,I_customer,INSERT,1.6457,True
3,9,JoinHeavy,23,I_customer,INSERT,0.354,True
3,9,JoinHeavy,24,I_customer,INSERT,0.2698,True
3,9,JoinHeavy,25,I_customer,INSERT,0.2653,True
3,9,JoinHeavy,26,I_customer,INSERT,0.2293,True
3,9,JoinHeavy,27,I_customer,INSERT,0.2572,True
3,9,JoinHeavy,28,I_customer,INSERT,0.2367,True
3,9,JoinHeavy,29,I_customer,INSERT,0.2469,True
3,9,JoinHeavy,30,I_customer,INSERT,0.2996,True
3,9,JoinHeavy,31,I_customer,INSERT,0.2498,True
3,9,JoinHeavy,32,I_customer,INSERT,0.2184,True
3,9,JoinHeavy,33,I_customer,INSERT,0.2375,True
3,9,JoinHeavy,34,I_customer,INSERT,0.1705,True
3,9,JoinHeavy,35,I_customer,INSERT,0.1626,True
3,9,JoinHeavy,36,I_customer,INSERT,0.141,True
3,9,JoinHeavy,37,I_customer,INSERT,0.1405,True
3,9,JoinHeavy,38,I_customer,INSERT,0.1543,True
3,9,JoinHeavy,39,I_customer,INSERT,0.1606,True
3,10,JoinHeavy,0,Q10,SELECT,11585.6396,True
3,10,JoinHeavy,1,Q7,SELECT,12366.3191,True
3,10,JoinHeavy,2,Q3,SELECT,13033.8328,True
3,10,JoinHeavy,3,Q18,SELECT,30296.9443,True
3,10,JoinHeavy,4,Q3,SELECT,12738.0517,True
3,10,JoinHeavy,5,Q3,SELECT,12764.1419,True
3,10,JoinHeavy,6,Q3,SELECT,12762.5509,True
3,10,JoinHeavy,7,Q3,SELECT,12806.7692,True
3,10,JoinHeavy,8,Q5,SELECT,8744.9299,True
3,10,JoinHeavy,9,Q7,SELECT,11862.9605,True
3,10,JoinHeavy,10,Q3,SELECT,13339.3042,True
3,10,JoinHeavy,11,Q5,SELECT,7935.6605,True
3,10,JoinHeavy,12,Q7,SELECT,11619.9337,True
3,10,JoinHeavy,13,Q10,SELECT,11718.197,True
3,10,JoinHeavy,14,Q5,SELECT,9165.4273,True
3,10,JoinHeavy,15,Q5,SELECT,943.7152,True
3,10,JoinHeavy,16,Q7,SELECT,11361.1288,True
3,10,JoinHeavy,17,Q10,SELECT,11498.4193,True
3,10,JoinHeavy,18,Q7,SELECT,12047.5917,True
3,10,JoinHeavy,19,Q5,SELECT,9262.7261,True
3,10,JoinHeavy,20,Q3,SELECT,12800.0356,True
3,10,JoinHeavy,21,Q7,SELECT,11582.028,True
3,10,JoinHeavy,22,I_customer,INSERT,1.9683,True
3,10,JoinHeavy,23,I_customer,INSERT,0.2899,True
3,10,JoinHeavy,24,I_customer,INSERT,0.2893,True
3,10,JoinHeavy,25,I_customer,INSERT,0.2534,True
3,10,JoinHeavy,26,I_customer,INSERT,0.2456,True
3,10,JoinHeavy,27,I_customer,INSERT,0.2228,True
3,10,JoinHeavy,28,I_customer,INSERT,0.2378,True
3,10,JoinHeavy,29,I_customer,INSERT,0.2222,True
3,10,JoinHeavy,30,I_customer,INSERT,0.2156,True
3,10,JoinHeavy,31,I_customer,INSERT,0.2177,True
3,10,JoinHeavy,32,I_customer,INSERT,0.2574,True
3,10,JoinHeavy,33,I_customer,INSERT,0.3197,True
3,10,JoinHeavy,34,I_customer,INSERT,0.2563,True
3,10,JoinHeavy,35,I_customer,INSERT,0.2413,True
3,10,JoinHeavy,36,I_customer,INSERT,0.1447,True
3,10,JoinHeavy,37,I_customer,INSERT,0.1383,True
3,10,JoinHeavy,38,I_customer,INSERT,0.1438,True
3,10,JoinHeavy,39,I_customer,INSERT,0.1466,True
3,11,JoinHeavy,0,Q7,SELECT,15300.5786,True
3,11,JoinHeavy,1,Q3,SELECT,15417.2387,True
3,11,JoinHeavy,2,Q10,SELECT,12831.1648,True
3,11,JoinHeavy,3,Q3,SELECT,13514.2192,True
3,11,JoinHeavy,4,Q10,SELECT,12853.9339,True
3,11,JoinHeavy,5,Q7,SELECT,14926.6709,True
3,11,JoinHeavy,6,Q7,SELECT,7493.2297,True
3,11,JoinHeavy,7,Q7,SELECT,8643.4254,True
3,11,JoinHeavy,8,Q3,SELECT,14373.1019,True
3,11,JoinHeavy,9,Q3,SELECT,13896.4371,True
3,11,JoinHeavy,10,Q7,SELECT,13027.0478,True
3,11,JoinHeavy,11,Q3,SELECT,14839.7048,True
3,11,JoinHeavy,12,Q18,SELECT,31105.935,True
3,11,JoinHeavy,13,Q5,SELECT,8990.2784,True
3,11,JoinHeavy,14,Q18,SELECT,32232.5331,True
3,11,JoinHeavy,15,Q10,SELECT,11759.7468,True
3,11,JoinHeavy,16,Q5,SELECT,939.0945,True
3,11,JoinHeavy,17,Q10,SELECT,11820.1444,True
3,11,JoinHeavy,18,Q5,SELECT,903.9845,True
3,11,JoinHeavy,19,Q5,SELECT,908.039,True
3,11,JoinHeavy,20,Q10,SELECT,11871.1004,True
3,11,JoinHeavy,21,Q5,SELECT,906.5591,True
3,11,JoinHeavy,22,I_customer,INSERT,3.4297,True
3,11,JoinHeavy,23,I_customer,INSERT,0.2849,True
3,11,JoinHeavy,24,I_customer,INSERT,1.0469,True
3,11,JoinHeavy,25,I_customer,INSERT,0.284,True
3,11,JoinHeavy,26,I_customer,INSERT,0.2233,True
3,11,JoinHeavy,27,I_customer,INSERT,0.2317,True
3,11,JoinHeavy,28,I_customer,INSERT,0.2223,True
3,11,JoinHeavy,29,I_customer,INSERT,0.168,True
3,11,JoinHeavy,30,I_customer,INSERT,0.1662,True
3,11,JoinHeavy,31,I_customer,INSERT,0.1527,True
3,11,JoinHeavy,32,I_customer,INSERT,0.1585,True
3,11,JoinHeavy,33,I_customer,INSERT,0.1363,True
3,11,JoinHeavy,34,I_customer,INSERT,0.142,True
3,11,JoinHeavy,35,I_customer,INSERT,0.1393,True
3,11,JoinHeavy,36,I_customer,INSERT,0.1505,True
3,11,JoinHeavy,37,I_customer,INSERT,0.1482,True
3,11,JoinHeavy,38,I_customer,INSERT,0.1478,True
3,11,JoinHeavy,39,I_customer,INSERT,0.1521,True
3,12,JoinHeavy,0,Q7,SELECT,11319.1989,True
3,12,JoinHeavy,1,Q5,SELECT,7369.8205,True
3,12,JoinHeavy,2,Q18,SELECT,31482.658,True
3,12,JoinHeavy,3,Q3,SELECT,12306.3506,True
3,12,JoinHeavy,4,Q7,SELECT,12584.2342,True
3,12,JoinHeavy,5,Q5,SELECT,9812.1071,True
3,12,JoinHeavy,6,Q7,SELECT,16025.4709,True
3,12,JoinHeavy,7,Q7,SELECT,15715.4221,True
3,12,JoinHeavy,8,Q3,SELECT,13681.951,True
3,12,JoinHeavy,9,Q10,SELECT,12332.0009,True
3,12,JoinHeavy,10,Q3,SELECT,13283.4426,True
3,12,JoinHeavy,11,Q10,SELECT,12458.6223,True
3,12,JoinHeavy,12,Q5,SELECT,9369.743,True
3,12,JoinHeavy,13,Q5,SELECT,967.9195,True
3,12,JoinHeavy,14,Q10,SELECT,11819.7606,True
3,12,JoinHeavy,15,Q7,SELECT,11572.4617,True
3,12,JoinHeavy,16,Q10,SELECT,11983.4415,True
3,12,JoinHeavy,17,Q7,SELECT,11347.9177,True
3,12,JoinHeavy,18,Q3,SELECT,14543.4171,True
3,12,JoinHeavy,19,Q7,SELECT,12895.1808,True
3,12,JoinHeavy,20,Q18,SELECT,30630.7505,True
3,12,JoinHeavy,21,Q7,SELECT,10919.2801,True
3,12,JoinHeavy,22,I_customer,INSERT,2.2693,True
3,12,JoinHeavy,23,I_customer,INSERT,0.2835,True
3,12,JoinHeavy,24,I_customer,INSERT,0.2413,True
3,12,JoinHeavy,25,I_customer,INSERT,0.2299,True
3,12,JoinHeavy,26,I_customer,INSERT,0.2644,True
3,12,JoinHeavy,27,I_customer,INSERT,0.1996,True
3,12,JoinHeavy,28,I_customer,INSERT,0.2166,True
3,12,JoinHeavy,29,I_customer,INSERT,0.2151,True
3,12,JoinHeavy,30,I_customer,INSERT,0.2489,True
3,12,JoinHeavy,31,I_customer,INSERT,0.2278,True
3,12,JoinHeavy,32,I_customer,INSERT,0.2328,True
3,12,JoinHeavy,33,I_customer,INSERT,0.2334,True
3,12,JoinHeavy,34,I_customer,INSERT,0.236,True
3,12,JoinHeavy,35,I_customer,INSERT,0.204,True
3,12,JoinHeavy,36,I_customer,INSERT,0.1462,True
3,12,JoinHeavy,37,I_customer,INSERT,0.1551,True
3,12,JoinHeavy,38,I_customer,INSERT,0.1549,True
3,12,JoinHeavy,39,I_customer,INSERT,0.163,True
3,13,JoinHeavy,0,Q3,SELECT,12800.4391,True
3,13,JoinHeavy,1,Q7,SELECT,8770.9667,True
3,13,JoinHeavy,2,Q5,SELECT,9153.5439,True
3,13,JoinHeavy,3,Q3,SELECT,13908.21,True
3,13,JoinHeavy,4,Q3,SELECT,13986.4266,True
3,13,JoinHeavy,5,Q10,SELECT,12515.7375,True
3,13,JoinHeavy,6,Q7,SELECT,12101.1436,True
3,13,JoinHeavy,7,Q18,SELECT,31395.216,True
3,13,JoinHeavy,8,Q7,SELECT,13311.989,True
3,13,JoinHeavy,9,Q3,SELECT,14921.665,True
3,13,JoinHeavy,10,Q5,SELECT,8525.5555,True
3,13,JoinHeavy,11,Q7,SELECT,14743.7401,True
3,13,JoinHeavy,12,Q10,SELECT,13724.2461,True
3,13,JoinHeavy,13,Q5,SELECT,8939.4881,True
3,13,JoinHeavy,14,Q18,SELECT,30111.3063,True
3,13,JoinHeavy,15,Q7,SELECT,12630.297,True
3,13,JoinHeavy,16,Q3,SELECT,13845.1696,True
3,13,JoinHeavy,17,Q3,SELECT,12865.9916,True
3,13,JoinHeavy,18,Q7,SELECT,11176.3643,True
3,13,JoinHeavy,19,Q7,SELECT,9192.7089,True
3,13,JoinHeavy,20,Q7,SELECT,10203.9674,True
3,13,JoinHeavy,21,Q18,SELECT,30884.6961,True
3,13,JoinHeavy,22,I_customer,INSERT,4.2093,True
3,13,JoinHeavy,23,I_customer,INSERT,0.227,True
3,13,JoinHeavy,24,I_customer,INSERT,0.1443,True
3,13,JoinHeavy,25,I_customer,INSERT,0.1355,True
3,13,JoinHeavy,26,I_customer,INSERT,0.1399,True
3,13,JoinHeavy,27,I_customer,INSERT,0.1349,True
3,13,JoinHeavy,28,I_customer,INSERT,0.1464,True
3,13,JoinHeavy,29,I_customer,INSERT,0.1263,True
3,13,JoinHeavy,30,I_customer,INSERT,0.1286,True
3,13,JoinHeavy,31,I_customer,INSERT,0.1261,True
3,13,JoinHeavy,32,I_customer,INSERT,0.1202,True
3,13,JoinHeavy,33,I_customer,INSERT,0.1275,True
3,13,JoinHeavy,34,I_customer,INSERT,0.1287,True
3,13,JoinHeavy,35,I_customer,INSERT,0.1619,True
3,13,JoinHeavy,36,I_customer,INSERT,0.151,True
3,13,JoinHeavy,37,I_customer,INSERT,0.2095,True
3,13,JoinHeavy,38,I_customer,INSERT,0.1223,True
3,13,JoinHeavy,39,I_customer,INSERT,0.1232,True
3,14,JoinHeavy,0,Q7,SELECT,11356.9255,True
3,14,JoinHeavy,1,Q7,SELECT,14923.9599,True
3,14,JoinHeavy,2,Q3,SELECT,13975.2433,True
3,14,JoinHeavy,3,Q5,SELECT,9747.903,True
3,14,JoinHeavy,4,Q18,SELECT,31223.7942,True
3,14,JoinHeavy,5,Q7,SELECT,11896.056,True
3,14,JoinHeavy,6,Q3,SELECT,13314.9382,True
3,14,JoinHeavy,7,Q10,SELECT,12543.2378,True
3,14,JoinHeavy,8,Q5,SELECT,9933.9069,True
3,14,JoinHeavy,9,Q7,SELECT,12880.8456,True
3,14,JoinHeavy,10,Q10,SELECT,14545.3254,True
3,14,JoinHeavy,11,Q18,SELECT,33024.5834,True
3,14,JoinHeavy,12,Q7,SELECT,10746.1488,True
3,14,JoinHeavy,13,Q3,SELECT,12601.8953,True
3,14,JoinHeavy,14,Q3,SELECT,12674.4703,True
3,14,JoinHeavy,15,Q5,SELECT,8593.111,True
3,14,JoinHeavy,16,Q5,SELECT,927.1623,True
3,14,JoinHeavy,17,Q5,SELECT,911.736,True
3,14,JoinHeavy,18,Q3,SELECT,12401.4868,True
3,14,JoinHeavy,19,Q10,SELECT,12258.8322,True
3,14,JoinHeavy,20,Q5,SELECT,984.3068,True
3,14,JoinHeavy,21,Q7,SELECT,11376.0792,True
3,14,JoinHeavy,22,I_customer,INSERT,2.315,True
3,14,JoinHeavy,23,I_customer,INSERT,0.2656,True
3,14,JoinHeavy,24,I_customer,INSERT,0.2966,True
3,14,JoinHeavy,25,I_customer,INSERT,0.2333,True
3,14,JoinHeavy,26,I_customer,INSERT,0.2274,True
3,14,JoinHeavy,27,I_customer,INSERT,0.2349,True
3,14,JoinHeavy,28,I_customer,INSERT,0.2159,True
3,14,JoinHeavy,29,I_customer,INSERT,0.221,True
3,14,JoinHeavy,30,I_customer,INSERT,0.2206,True
3,14,JoinHeavy,31,I_customer,INSERT,0.2152,True
3,14,JoinHeavy,32,I_customer,INSERT,0.1848,True
3,14,JoinHeavy,33,I_customer,INSERT,0.1527,True
3,14,JoinHeavy,34,I_customer,INSERT,0.1546,True
3,14,JoinHeavy,35,I_customer,INSERT,0.1538,True
3,14,JoinHeavy,36,I_customer,INSERT,0.1457,True
3,14,JoinHeavy,37,I_customer,INSERT,0.1424,True
3,14,JoinHeavy,38,I_customer,INSERT,0.1407,True
3,14,JoinHeavy,39,I_customer,INSERT,0.1522,True
3,15,JoinHeavy,0,Q5,SELECT,7197.5256,True
3,15,JoinHeavy,1,Q7,SELECT,12494.9465,True
3,15,JoinHeavy,2,Q3,SELECT,14681.85,True
3,15,JoinHeavy,3,Q5,SELECT,8494.0027,True
3,15,JoinHeavy,4,Q18,SELECT,31437.7267,True
3,15,JoinHeavy,5,Q5,SELECT,1092.1205,True
3,15,JoinHeavy,6,Q3,SELECT,12313.1463,True
3,15,JoinHeavy,7,Q3,SELECT,12490.8057,True
3,15,JoinHeavy,8,Q7,SELECT,11676.9605,True
3,15,JoinHeavy,9,Q5,SELECT,9181.6493,True
3,15,JoinHeavy,10,Q3,SELECT,12443.0042,True
3,15,JoinHeavy,11,Q5,SELECT,960.4234,True
3,15,JoinHeavy,12,Q5,SELECT,906.471,True
3,15,JoinHeavy,13,Q7,SELECT,11694.566,True
3,15,JoinHeavy,14,Q3,SELECT,13015.0283,True
3,15,JoinHeavy,15,Q3,SELECT,12630.0535,True
3,15,JoinHeavy,16,Q7,SELECT,12328.854,True
3,15,JoinHeavy,17,Q5,SELECT,9215.1344,True
3,15,JoinHeavy,18,Q3,SELECT,12645.9748,True
3,15,JoinHeavy,19,Q10,SELECT,12167.1002,True
3,15,JoinHeavy,20,Q18,SELECT,30640.8727,True
3,15,JoinHeavy,21,Q5,SELECT,1188.9237,True
3,15,JoinHeavy,22,I_customer,INSERT,3.1647,True
3,15,JoinHeavy,23,I_customer,INSERT,0.3566,True
3,15,JoinHeavy,24,I_customer,INSERT,0.2464,True
3,15,JoinHeavy,25,I_customer,INSERT,0.2295,True
3,15,JoinHeavy,26,I_customer,INSERT,0.2183,True
3,15,JoinHeavy,27,I_customer,INSERT,0.2222,True
3,15,JoinHeavy,28,I_customer,INSERT,0.2176,True
3,15,JoinHeavy,29,I_customer,INSERT,0.2139,True
3,15,JoinHeavy,30,I_customer,INSERT,0.2261,True
3,15,JoinHeavy,31,I_customer,INSERT,0.2753,True
3,15,JoinHeavy,32,I_customer,INSERT,0.2484,True
3,15,JoinHeavy,33,I_customer,INSERT,0.2844,True
3,15,JoinHeavy,34,I_customer,INSERT,0.2721,True
3,15,JoinHeavy,35,I_customer,INSERT,0.2671,True
3,15,JoinHeavy,36,I_customer,INSERT,0.336,True
3,15,JoinHeavy,37,I_customer,INSERT,0.4356,True
3,15,JoinHeavy,38,I_customer,INSERT,0.1955,True
3,15,JoinHeavy,39,I_customer,INSERT,0.1441,True
3,16,Procurement,0,D_orders,DELETE,3.8642,True
3,16,Procurement,1,D_orders,DELETE,0.3314,True
3,16,Procurement,2,D_orders,DELETE,0.3313,True
3,16,Procurement,3,D_orders,DELETE,0.6543,True
3,16,Procurement,4,Q1,SELECT,13001.5703,True
3,16,Procurement,5,Q11,SELECT,1473.7261,True
3,16,Procurement,6,Q11,SELECT,472.201,True
3,16,Procurement,7,Q11,SELECT,474.2662,True
3,16,Procurement,8,Q11,SELECT,467.452,True
3,16,Procurement,9,Q6,SELECT,19804.2733,True
3,16,Procurement,10,Q11,SELECT,466.7998,True
3,16,Procurement,11,Q6,SELECT,19242.188,True
3,16,Procurement,12,Q11,SELECT,472.5988,True
3,16,Procurement,13,Q11,SELECT,468.503,True
3,16,Procurement,14,Q17,SELECT,21331.942,True
3,16,Procurement,15,Q11,SELECT,509.2001,True
3,16,Procurement,16,Q6,SELECT,10013.5688,True
3,16,Procurement,17,Q14,SELECT,6597.6795,True
3,16,Procurement,18,Q14,SELECT,742.9065,True
3,16,Procurement,19,Q11,SELECT,465.407,True
3,16,Procurement,20,Q1,SELECT,8927.6921,True
3,16,Procurement,21,Q17,SELECT,23240.0274,True
3,16,Procurement,22,Q11,SELECT,506.7371,True
3,16,Procurement,23,Q14,SELECT,807.6729,True
3,16,Procurement,24,Q17,SELECT,22805.3358,True
3,17,Procurement,0,D_orders,DELETE,4.2103,True
3,17,Procurement,1,D_orders,DELETE,0.5763,True
3,17,Procurement,2,D_orders,DELETE,0.4469,True
3,17,Procurement,3,D_orders,DELETE,0.9551,True
3,17,Procurement,4,Q1,SELECT,8806.3615,True
3,17,Procurement,5,Q17,SELECT,22627.1367,True
3,17,Procurement,6,Q17,SELECT,23026.2185,True
3,17,Procurement,7,Q1,SELECT,6871.4328,True
3,17,Procurement,8,Q11,SELECT,494.4418,True
3,17,Procurement,9,Q11,SELECT,464.7909,True
3,17,Procurement,10,Q17,SELECT,20963.2763,True
3,17,Procurement,11,Q11,SELECT,481.6281,True
3,17,Procurement,12,Q11,SELECT,468.1236,True
3,17,Procurement,13,Q17,SELECT,20889.8272,True
3,17,Procurement,14,Q11,SELECT,497.1817,True
3,17,Procurement,15,Q17,SELECT,21404.1455,True
3,17,Procurement,16,Q17,SELECT,21276.1198,True
3,17,Procurement,17,Q17,SELECT,20714.3718,True
3,17,Procurement,18,Q11,SELECT,507.9557,True
3,17,Procurement,19,Q17,SELECT,22309.6384,True
3,17,Procurement,20,Q11,SELECT,469.6274,True
3,17,Procurement,21,Q6,SELECT,11765.8775,True
3,17,Procurement,22,Q11,SELECT,474.2557,True
3,17,Procurement,23,Q11,SELECT,464.1799,True
3,17,Procurement,24,Q17,SELECT,22931.8347,True
3,18,Procurement,0,D_orders,DELETE,11.6653,True
3,18,Procurement,1,D_orders,DELETE,2.8812,True
3,18,Procurement,2,D_orders,DELETE,2.1629,True
3,18,Procurement,3,D_orders,DELETE,2.3746,True
3,18,Procurement,4,Q1,SELECT,5439.638,True
3,18,Procurement,5,Q14,SELECT,1480.2048,True
3,18,Procurement,6,Q14,SELECT,745.5347,True
3,18,Procurement,7,Q6,SELECT,14782.0391,True
3,18,Procurement,8,Q1,SELECT,6669.9725,True
3,18,Procurement,9,Q1,SELECT,6763.6172,True
3,18,Procurement,10,Q6,SELECT,13365.1587,True
3,18,Procurement,11,Q17,SELECT,18908.4567,True
3,18,Procurement,12,Q6,SELECT,13183.6645,True
3,18,Procurement,13,Q6,SELECT,15608.7465,True
3,18,Procurement,14,Q17,SELECT,19032.935,True
3,18,Procurement,15,Q6,SELECT,15227.4487,True
3,18,Procurement,16,Q14,SELECT,4092.0885,True
3,18,Procurement,17,Q6,SELECT,13618.1029,True
3,18,Procurement,18,Q17,SELECT,18016.7397,True
3,18,Procurement,19,Q11,SELECT,1495.2535,True
3,18,Procurement,20,Q17,SELECT,19515.0272,True
3,18,Procurement,21,Q11,SELECT,465.562,True
3,18,Procurement,22,Q11,SELECT,457.1585,True
3,18,Procurement,23,Q14,SELECT,4103.2077,True
3,18,Procurement,24,Q1,SELECT,8219.7392,True
3,19,Procurement,0,D_orders,DELETE,6.8289,True
3,19,Procurement,1,D_orders,DELETE,0.6135,True
3,19,Procurement,2,D_orders,DELETE,1.688,True
3,19,Procurement,3,D_orders,DELETE,0.8042,True
3,19,Procurement,4,Q1,SELECT,8157.0116,True
3,19,Procurement,5,Q17,SELECT,22117.9037,True
3,19,Procurement,6,Q17,SELECT,21565.8382,True
3,19,Procurement,7,Q17,SELECT,21709.2358,True
3,19,Procurement,8,Q6,SELECT,16757.8918,True
3,19,Procurement,9,Q1,SELECT,6640.9882,True
3,19,Procurement,10,Q6,SELECT,14466.0171,True
3,19,Procurement,11,Q14,SELECT,2530.3965,True
3,19,Procurement,12,Q17,SELECT,18267.0088,True
3,19,Procurement,13,Q17,SELECT,16053.2093,True
3,19,Procurement,14,Q14,SELECT,796.5907,True
3,19,Procurement,15,Q6,SELECT,12871.2385,True
3,19,Procurement,16,Q11,SELECT,1489.5755,True
3,19,Procurement,17,Q11,SELECT,456.8182,True
3,19,Procurement,18,Q1,SELECT,7972.5547,True
3,19,Procurement,19,Q6,SELECT,17159.3066,True
3,19,Procurement,20,Q6,SELECT,19077.5704,True
3,19,Procurement,21,Q11,SELECT,1744.1241,True
3,19,Procurement,22,Q17,SELECT,19334.5874,True
3,19,Procurement,23,Q6,SELECT,17482.444,True
3,19,Procurement,24,Q11,SELECT,1476.2716,True
3,20,Procurement,0,D_orders,DELETE,5.249,True
3,20,Procurement,1,D_orders,DELETE,0.468,True
3,20,Procurement,2,D_orders,DELETE,0.5695,True
3,20,Procurement,3,D_orders,DELETE,0.4519,True
3,20,Procurement,4,Q6,SELECT,18570.8988,True
3,20,Procurement,5,Q6,SELECT,18391.6849,True
3,20,Procurement,6,Q11,SELECT,1470.955,True
3,20,Procurement,7,Q6,SELECT,18001.8577,True
3,20,Procurement,8,Q11,SELECT,514.9818,True
3,20,Procurement,9,Q17,SELECT,19272.9631,True
3,20,Procurement,10,Q17,SELECT,15744.5212,True
3,20,Procurement,11,Q17,SELECT,15629.8229,True
3,20,Procurement,12,Q17,SELECT,15214.7316,True
3,20,Procurement,13,Q11,SELECT,1614.1085,True
3,20,Procurement,14,Q6,SELECT,16818.4662,True
3,20,Procurement,15,Q11,SELECT,1693.0106,True
3,20,Procurement,16,Q1,SELECT,6937.7565,True
3,20,Procurement,17,Q1,SELECT,6640.2605,True
3,20,Procurement,18,Q11,SELECT,488.3952,True
3,20,Procurement,19,Q17,SELECT,19555.9222,True
3,20,Procurement,20,Q11,SELECT,522.2225,True
3,20,Procurement,21,Q11,SELECT,453.7384,True
3,20,Procurement,22,Q1,SELECT,5086.1105,True
3,20,Procurement,23,Q11,SELECT,455.9795,True
3,20,Procurement,24,Q14,SELECT,2658.5851,True
3,21,Procurement,0,D_orders,DELETE,3.4632,True
3,21,Procurement,1,D_orders,DELETE,0.8617,True
3,21,Procurement,2,D_orders,DELETE,0.4906,True
3,21,Procurement,3,D_orders,DELETE,0.6195,True
3,21,Procurement,4,Q6,SELECT,14697.4025,True
3,21,Procurement,5,Q11,SELECT,451.477,True
3,21,Procurement,6,Q14,SELECT,6518.8162,True
3,21,Procurement,7,Q17,SELECT,20259.652,True
3,21,Procurement,8,Q11,SELECT,519.4224,True
3,21,Procurement,9,Q11,SELECT,452.6153,True
3,21,Procurement,10,Q14,SELECT,871.3516,True
3,21,Procurement,11,Q17,SELECT,18490.8554,True
3,21,Procurement,12,Q11,SELECT,465.9278,True
3,21,Procurement,13,Q11,SELECT,458.7646,True
3,21,Procurement,14,Q11,SELECT,453.833,True
3,21,Procurement,15,Q11,SELECT,452.1816,True
3,21,Procurement,16,Q17,SELECT,17615.7506,True
3,21,Procurement,17,Q11,SELECT,465.6034,True
3,21,Procurement,18,Q11,SELECT,451.095,True
3,21,Procurement,19,Q11,SELECT,452.8512,True
3,21,Procurement,20,Q17,SELECT,18118.5939,True
3,21,Procurement,21,Q17,SELECT,17796.7032,True
3,21,Procurement,22,Q14,SELECT,788.4642,True
3,21,Procurement,23,Q11,SELECT,515.2753,True
3,21,Procurement,24,Q17,SELECT,18210.4952,True
3,22,Procurement,0,D_orders,DELETE,9.4229,True
3,22,Procurement,1,D_orders,DELETE,2.155,True
3,22,Procurement,2,D_orders,DELETE,3.0277,True
3,22,Procurement,3,D_orders,DELETE,3.1868,True
3,22,Procurement,4,Q11,SELECT,466.3776,True
3,22,Procurement,5,Q1,SELECT,5654.6825,True
3,22,Procurement,6,Q17,SELECT,20207.3769,True
3,22,Procurement,7,Q1,SELECT,5279.2728,True
3,22,Procurement,8,Q14,SELECT,2552.1564,True
3,22,Procurement,9,Q11,SELECT,495.8153,True
3,22,Procurement,10,Q6,SELECT,13165.9392,True
3,22,Procurement,11,Q6,SELECT,18396.738,True
3,22,Procurement,12,Q14,SELECT,6068.2623,True
3,22,Procurement,13,Q6,SELECT,13991.255,True
3,22,Procurement,14,Q11,SELECT,1736.6394,True
3,22,Procurement,15,Q11,SELECT,460.8728,True
3,22,Procurement,16,Q17,SELECT,22407.7812,True
3,22,Procurement,17,Q6,SELECT,18652.3278,True
3,22,Procurement,18,Q17,SELECT,20772.8912,True
3,22,Procurement,19,Q6,SELECT,5004.2497,True
3,22,Procurement,20,Q11,SELECT,1477.712,True
3,22,Procurement,21,Q6,SELECT,18188.371,True
3,22,Procurement,22,Q11,SELECT,502.2933,True
3,22,Procurement,23,Q17,SELECT,19957.4949,True
3,22,Procurement,24,Q14,SELECT,3143.4755,True
3,23,Procurement,0,D_orders,DELETE,3.8481,True
3,23,Procurement,1,D_orders,DELETE,0.2613,True
3,23,Procurement,2,D_orders,DELETE,0.6003,True
3,23,Procurement,3,D_orders,DELETE,1.3272,True
3,23,Procurement,4,Q17,SELECT,21143.3702,True
3,23,Procurement,5,Q17,SELECT,21786.1563,True
3,23,Procurement,6,Q11,SELECT,1531.6264,True
3,23,Procurement,7,Q1,SELECT,8355.1096,True
3,23,Procurement,8,Q6,SELECT,15745.79,True
3,23,Procurement,9,Q6,SELECT,17198.7159,True
3,23,Procurement,10,Q17,SELECT,20235.5273,True
3,23,Procurement,11,Q11,SELECT,1506.6618,True
3,23,Procurement,12,Q6,SELECT,9164.1373,True
3,23,Procurement,13,Q11,SELECT,451.7872,True
3,23,Procurement,14,Q14,SELECT,6684.1344,True
3,23,Procurement,15,Q17,SELECT,24197.8365,True
3,23,Procurement,16,Q6,SELECT,17212.5735,True
3,23,Procurement,17,Q14,SELECT,5774.0572,True
3,23,Procurement,18,Q11,SELECT,1583.3923,True
3,23,Procurement,19,Q11,SELECT,462.1866,True
3,23,Procurement,20,Q1,SELECT,9743.6813,True
3,23,Procurement,21,Q6,SELECT,15497.2477,True
3,23,Procurement,22,Q11,SELECT,512.7408,True
3,23,Procurement,23,Q11,SELECT,458.7473,True
3,23,Procurement,24,Q11,SELECT,458.793,True
3,24,Customer,0,Q3,SELECT,15352.4765,True
3,24,Customer,1,U_customer,UPDATE,1.2945,True
3,24,Customer,2,Q3,SELECT,10718.4265,True
3,24,Customer,3,U_customer,UPDATE,2.8013,True
3,24,Customer,4,Q3,SELECT,10272.2824,True
3,24,Customer,5,U_customer,UPDATE,2.6305,True
3,24,Customer,6,Q18,SELECT,27267.3957,True
3,24,Customer,7,U_customer,UPDATE,1.5715,True
3,24,Customer,8,Q18,SELECT,31804.13,True
3,24,Customer,9,U_customer,UPDATE,1.44,True
3,24,Customer,10,Q10,SELECT,10485.9734,True
3,24,Customer,11,U_customer,UPDATE,0.5046,True
3,24,Customer,12,Q3,SELECT,10887.4537,True
3,24,Customer,13,U_customer,UPDATE,0.8968,True
3,24,Customer,14,Q3,SELECT,10921.6943,True
3,24,Customer,15,U_customer,UPDATE,1.1018,True
3,24,Customer,16,Q3,SELECT,9944.6714,True
3,24,Customer,17,U_customer,UPDATE,1.2637,True
3,24,Customer,18,Q5,SELECT,7274.5018,True
3,24,Customer,19,U_customer,UPDATE,1.2284,True
3,25,Customer,0,Q10,SELECT,9830.2706,True
3,25,Customer,1,U_customer,UPDATE,0.6215,True
3,25,Customer,2,Q10,SELECT,9746.7315,True
3,25,Customer,3,U_customer,UPDATE,1.5769,True
3,25,Customer,4,Q10,SELECT,9711.538,True
3,25,Customer,5,U_customer,UPDATE,0.6124,True
3,25,Customer,6,Q18,SELECT,28106.0999,True
3,25,Customer,7,U_customer,UPDATE,1.647,True
3,25,Customer,8,Q10,SELECT,9991.2793,True
3,25,Customer,9,U_customer,UPDATE,0.6506,True
3,25,Customer,10,Q5,SELECT,4680.446,True
3,25,Customer,11,U_customer,UPDATE,0.6693,True
3,25,Customer,12,Q10,SELECT,10856.9187,True
3,25,Customer,13,U_customer,UPDATE,1.4853,True
3,25,Customer,14,Q7,SELECT,12404.8258,True
3,25,Customer,15,U_customer,UPDATE,0.4028,True
3,25,Customer,16,Q10,SELECT,11770.9412,True
3,25,Customer,17,U_customer,UPDATE,1.5924,True
3,25,Customer,18,Q7,SELECT,11923.4533,True
3,25,Customer,19,U_customer,UPDATE,0.796,True
3,26,Customer,0,Q18,SELECT,31664.703,True
3,26,Customer,1,U_customer,UPDATE,1.0557,True
3,26,Customer,2,Q18,SELECT,31976.3622,True
3,26,Customer,3,U_customer,UPDATE,0.7569,True
3,26,Customer,4,Q10,SELECT,12384.8249,True
3,26,Customer,5,U_customer,UPDATE,0.3906,True
3,26,Customer,6,Q3,SELECT,14425.1019,True
3,26,Customer,7,U_customer,UPDATE,0.8541,True
3,26,Customer,8,Q18,SELECT,31638.6411,True
3,26,Customer,9,U_customer,UPDATE,2.4229,True
3,26,Customer,10,Q10,SELECT,12263.4887,True
3,26,Customer,11,U_customer,UPDATE,0.8993,True
3,26,Customer,12,Q5,SELECT,9414.4789,True
3,26,Customer,13,U_customer,UPDATE,0.8847,True
3,26,Customer,14,Q7,SELECT,12115.5114,True
3,26,Customer,15,U_customer,UPDATE,1.0694,True
3,26,Customer,16,Q18,SELECT,30928.6641,True
3,26,Customer,17,U_customer,UPDATE,1.4194,True
3,26,Customer,18,Q5,SELECT,8784.0872,True
3,26,Customer,19,U_customer,UPDATE,1.1941,True
3,27,Customer,0,Q3,SELECT,12455.7347,True
3,27,Customer,1,U_customer,UPDATE,1.0968,True
3,27,Customer,2,Q10,SELECT,11772.2159,True
3,27,Customer,3,U_customer,UPDATE,2.2813,True
3,27,Customer,4,Q3,SELECT,12583.6873,True
3,27,Customer,5,U_customer,UPDATE,0.9347,True
3,27,Customer,6,Q18,SELECT,30247.8834,True
3,27,Customer,7,U_customer,UPDATE,1.856,True
3,27,Customer,8,Q10,SELECT,11781.6197,True
3,27,Customer,9,U_customer,UPDATE,0.6955,True
3,27,Customer,10,Q3,SELECT,12737.0079,True
3,27,Customer,11,U_customer,UPDATE,1.042,True
3,27,Customer,12,Q18,SELECT,30166.4989,True
3,27,Customer,13,U_customer,UPDATE,2.4135,True
3,27,Customer,14,Q3,SELECT,12889.7017,True
3,27,Customer,15,U_customer,UPDATE,2.7196,True
3,27,Customer,16,Q7,SELECT,11726.8591,True
3,27,Customer,17,U_customer,UPDATE,1.0747,True
3,27,Customer,18,Q18,SELECT,29983.1545,True
3,27,Customer,19,U_customer,UPDATE,1.7212,True
3,28,Customer,0,Q5,SELECT,9806.5477,True
3,28,Customer,1,U_customer,UPDATE,1.677,True
3,28,Customer,2,Q18,SELECT,31485.2423,True
3,28,Customer,3,U_customer,UPDATE,0.8873,True
3,28,Customer,4,Q10,SELECT,11682.5182,True
3,28,Customer,5,U_customer,UPDATE,1.6855,True
3,28,Customer,6,Q18,SELECT,29690.1287,True
3,28,Customer,7,U_customer,UPDATE,2.0105,True
3,28,Customer,8,Q18,SELECT,29780.7078,True
3,28,Customer,9,U_customer,UPDATE,1.236,True
3,28,Customer,10,Q18,SELECT,29743.6485,True
3,28,Customer,11,U_customer,UPDATE,0.8521,True
3,28,Customer,12,Q10,SELECT,12079.8202,True
3,28,Customer,13,U_customer,UPDATE,4.4657,True
3,28,Customer,14,Q10,SELECT,12568.1198,True
3,28,Customer,15,U_customer,UPDATE,0.5441,True
3,28,Customer,16,Q3,SELECT,12651.755,True
3,28,Customer,17,U_customer,UPDATE,0.4694,True
3,28,Customer,18,Q3,SELECT,12536.8812,True
3,28,Customer,19,U_customer,UPDATE,1.2594,True
3,29,Customer,0,Q7,SELECT,12823.8102,True
3,29,Customer,1,U_customer,UPDATE,2.8868,True
3,29,Customer,2,Q3,SELECT,12456.1022,True
3,29,Customer,3,U_customer,UPDATE,2.5705,True
3,29,Customer,4,Q7,SELECT,11729.7267,True
3,29,Customer,5,U_customer,UPDATE,1.0715,True
3,29,Customer,6,Q18,SELECT,31174.7995,True
3,29,Customer,7,U_customer,UPDATE,1.0534,True
3,29,Customer,8,Q5,SELECT,8895.0329,True
3,29,Customer,9,U_customer,UPDATE,0.8896,True
3,29,Customer,10,Q18,SELECT,29455.5089,True
3,29,Customer,11,U_customer,UPDATE,1.1984,True
3,29,Customer,12,Q18,SELECT,29960.037,True
3,29,Customer,13,U_customer,UPDATE,5.9804,True
3,29,Customer,14,Q18,SELECT,29968.7097,True
3,29,Customer,15,U_customer,UPDATE,1.319,True
3,29,Customer,16,Q10,SELECT,11561.8285,True
3,29,Customer,17,U_customer,UPDATE,1.0188,True
3,29,Customer,18,Q3,SELECT,12347.2178,True
3,29,Customer,19,U_customer,UPDATE,0.723,True
3,30,Customer,0,Q5,SELECT,1076.4882,True
3,30,Customer,1,U_customer,UPDATE,1.4117,True
3,30,Customer,2,Q10,SELECT,11640.6485,True
3,30,Customer,3,U_customer,UPDATE,1.0562,True
3,30,Customer,4,Q18,SELECT,30684.0086,True
3,30,Customer,5,U_customer,UPDATE,3.5615,True
3,30,Customer,6,Q10,SELECT,11580.1143,True
3,30,Customer,7,U_customer,UPDATE,0.8598,True
3,30,Customer,8,Q3,SELECT,12511.442,True
3,30,Customer,9,U_customer,UPDATE,0.9367,True
3,30,Customer,10,Q7,SELECT,12240.7256,True
3,30,Customer,11,U_customer,UPDATE,0.7474,True
3,30,Customer,12,Q18,SELECT,30852.666,True
3,30,Customer,13,U_customer,UPDATE,1.7345,True
3,30,Customer,14,Q18,SELECT,30203.6683,True
3,30,Customer,15,U_customer,UPDATE,2.329,True
3,30,Customer,16,Q10,SELECT,12142.5555,True
3,30,Customer,17,U_customer,UPDATE,4.0265,True
3,30,Customer,18,Q5,SELECT,8954.4004,True
3,30,Customer,19,U_customer,UPDATE,0.4772,True
3,31,Customer,0,Q18,SELECT,29849.2688,True
3,31,Customer,1,U_customer,UPDATE,1.256,True
3,31,Customer,2,Q10,SELECT,11702.4737,True
3,31,Customer,3,U_customer,UPDATE,0.7631,True
3,31,Customer,4,Q18,SELECT,30011.3444,True
3,31,Customer,5,U_customer,UPDATE,2.2055,True
3,31,Customer,6,Q3,SELECT,12270.8913,True
3,31,Customer,7,U_customer,UPDATE,0.9639,True
3,31,Customer,8,Q7,SELECT,12847.1553,True
3,31,Customer,9,U_customer,UPDATE,2.719,True
3,31,Customer,10,Q3,SELECT,13695.193,True
3,31,Customer,11,U_customer,UPDATE,2.1372,True
3,31,Customer,12,Q3,SELECT,13112.2116,True
3,31,Customer,13,U_customer,UPDATE,2.3045,True
3,31,Customer,14,Q10,SELECT,11857.9832,True
3,31,Customer,15,U_customer,UPDATE,2.2827,True
3,31,Customer,16,Q7,SELECT,12145.9117,True
3,31,Customer,17,U_customer,UPDATE,0.84,True
3,31,Customer,18,Q18,SELECT,29877.9048,True
3,31,Customer,19,U_customer,UPDATE,1.4426,True
4,0,Reporting,0,Q1,SELECT,12929.1243,True
4,0,Reporting,1,Q14,SELECT,9380.1792,True
4,0,Reporting,2,Q1,SELECT,12225.8478,True
4,0,Reporting,3,U_orders,UPDATE,3.461,True
4,0,Reporting,4,U_orders,UPDATE,0.9144,True
4,0,Reporting,5,U_orders,UPDATE,0.7343,True
4,0,Reporting,6,U_orders,UPDATE,0.8023,True
4,0,Reporting,7,U_orders,UPDATE,0.7437,True
4,0,Reporting,8,Q6,SELECT,16117.146,True
4,0,Reporting,9,Q14,SELECT,8299.051,True
4,0,Reporting,10,Q4,SELECT,10677.1081,True
4,0,Reporting,11,Q1,SELECT,12978.1757,True
4,0,Reporting,12,Q14,SELECT,6670.0688,True
4,0,Reporting,13,Q1,SELECT,12771.1475,True
4,0,Reporting,14,Q1,SELECT,12929.5995,True
4,0,Reporting,15,Q1,SELECT,12892.2628,True
4,0,Reporting,16,Q14,SELECT,882.243,True
4,0,Reporting,17,Q4,SELECT,9721.1677,True
4,0,Reporting,18,Q6,SELECT,16352.9439,True
4,0,Reporting,19,Q6,SELECT,19584.3558,True
4,0,Reporting,20,Q1,SELECT,7039.1575,True
4,0,Reporting,21,Q4,SELECT,7947.969,True
4,0,Reporting,22,Q1,SELECT,11558.9526,True
4,0,Reporting,23,Q14,SELECT,10818.5936,True
4,0,Reporting,24,Q6,SELECT,16784.7201,True
4,0,Reporting,25,Q4,SELECT,8005.2104,True
4,0,Reporting,26,U_orders,UPDATE,2.4668,True
4,0,Reporting,27,Q6,SELECT,18788.6899,True
4,0,Reporting,28,Q14,SELECT,6866.2195,True
4,0,Reporting,29,Q14,SELECT,820.0362,True
4,1,Reporting,0,U_orders,UPDATE,1.8596,True
4,1,Reporting,1,U_orders,UPDATE,1.0012,True
4,1,Reporting,2,Q1,SELECT,9337.1442,True
4,1,Reporting,3,Q6,SELECT,15040.8478,True
4,1,Reporting,4,Q6,SELECT,15012.6689,True
4,1,Reporting,5,Q14,SELECT,6088.7136,True
4,1,Reporting,6,Q1,SELECT,7025.2112,True
4,1,Reporting,7,U_orders,UPDATE,4.6606,True
4,1,Reporting,8,Q6,SELECT,15941.6432,True
4,1,Reporting,9,Q4,SELECT,8571.8201,True
4,1,Reporting,10,U_orders,UPDATE,2.0386,True
4,1,Reporting,11,Q4,SELECT,810.024,True
4,1,Reporting,12,Q6,SELECT,17355.6934,True
4,1,Reporting,13,Q14,SELECT,8870.962,True
4,1,Reporting,14,U_orders,UPDATE,2.4253,True
4,1,Reporting,15,Q6,SELECT,15989.8713,True
4,1,Reporting,16,Q6,SELECT,10514.2475,True
4,1,Reporting,17,Q6,SELECT,16132.9289,True
4,1,Reporting,18,Q6,SELECT,19125.6163,True
4,1,Reporting,19,Q4,SELECT,6521.4486,True
4,1,Reporting,20,U_orders,UPDATE,2.0429,True
4,1,Reporting,21,Q1,SELECT,10680.0346,True
4,1,Reporting,22,Q14,SELECT,7931.8431,True
4,1,Reporting,23,Q6,SELECT,15634.8731,True
4,1,Reporting,24,Q1,SELECT,8239.7624,True
4,1,Reporting,25,Q6,SELECT,15915.4261,True
4,1,Reporting,26,Q14,SELECT,9456.6727,True
4,1,Reporting,27,Q6,SELECT,14207.5749,True
4,1,Reporting,28,Q1,SELECT,6618.0627,True
4,1,Reporting,29,Q6,SELECT,13825.3186,True
4,2,Reporting,0,Q1,SELECT,7075.7227,True
4,2,Reporting,1,Q1,SELECT,7334.7997,True
4,2,Reporting,2,Q14,SELECT,3748.2053,True
4,2,Reporting,3,Q6,SELECT,13791.211,True
4,2,Reporting,4,Q12,SELECT,4421.3475,True
4,2,Reporting,5,Q6,SELECT,15333.5737,True
4,2,Reporting,6,Q1,SELECT,7130.2203,True
4,2,Reporting,7,U_orders,UPDATE,4.2043,True
4,2,Reporting,8,Q1,SELECT,7090.5065,True
4,2,Reporting,9,U_orders,UPDATE,2.5078,True
4,2,Reporting,10,U_orders,UPDATE,1.3127,True
4,2,Reporting,11,Q6,SELECT,15502.4536,True
4,2,Reporting,12,Q6,SELECT,10810.1343,True
4,2,Reporting,13,Q14,SELECT,5410.3997,True
4,2,Reporting,14,Q1,SELECT,7132.049,True
4,2,Reporting,15,Q1,SELECT,7299.8392,True
4,2,Reporting,16,U_orders,UPDATE,3.4153,True
4,2,Reporting,17,Q1,SELECT,7118.8683,True
4,2,Reporting,18,Q1,SELECT,7194.1473,True
4,2,Reporting,19,Q14,SELECT,921.2316,True
4,2,Reporting,20,Q12,SELECT,4508.3295,True
4,2,Reporting,21,U_orders,UPDATE,1.768,True
4,2,Reporting,22,Q6,SELECT,8924.917,True
4,2,Reporting,23,Q1,SELECT,6471.5552,True
4,2,Reporting,24,Q12,SELECT,3809.2562,True
4,2,Reporting,25,Q1,SELECT,6482.7779,True
4,2,Reporting,26,Q1,SELECT,6554.7438,True
4,2,Reporting,27,Q12,SELECT,3985.5842,True
4,2,Reporting,28,U_orders,UPDATE,3.6558,True
4,2,Reporting,29,Q1,SELECT,6404.338,True
4,3,Reporting,0,U_orders,UPDATE,3.2805,True
4,3,Reporting,1,Q12,SELECT,3904.7357,True
4,3,Reporting,2,Q4,SELECT,8756.1183,True
4,3,Reporting,3,Q6,SELECT,17375.8337,True
4,3,Reporting,4,U_orders,UPDATE,3.2019,True
4,3,Reporting,5,Q14,SELECT,7865.1565,True
4,3,Reporting,6,Q4,SELECT,9975.0889,True
4,3,Reporting,7,Q6,SELECT,17388.3858,True
4,3,Reporting,8,Q4,SELECT,8178.3628,True
4,3,Reporting,9,Q1,SELECT,11148.0622,True
4,3,Reporting,10,U_orders,UPDATE,4.1023,True
4,3,Reporting,11,Q1,SELECT,10675.753,True
4,3,Reporting,12,Q14,SELECT,6900.759,True
4,3,Reporting,13,Q1,SELECT,10163.4752,True
4,3,Reporting,14,Q1,SELECT,10207.3562,True
4,3,Reporting,15,Q14,SELECT,821.8387,True
4,3,Reporting,16,U_orders,UPDATE,2.7805,True
4,3,Reporting,17,Q14,SELECT,753.7,True
4,3,Reporting,18,Q1,SELECT,12135.1364,True
4,3,Reporting,19,U_orders,UPDATE,2.6552,True
4,3,Reporting,20,Q1,SELECT,11193.9924,True
4,3,Reporting,21,Q14,SELECT,1164.5202,True
4,3,Reporting,22,Q1,SELECT,10674.0205,True
4,3,Reporting,23,U_orders,UPDATE,2.2555,True
4,3,Reporting,24,Q14,SELECT,1090.4022,True
4,3,Reporting,25,Q1,SELECT,10261.8364,True
4,3,Reporting,26,Q6,SELECT,15370.9175,True
4,3,Reporting,27,Q1,SELECT,7821.6009,True
4,3,Reporting,28,Q6,SELECT,14030.5129,True
4,3,Reporting,29,Q12,SELECT,3867.4171,True
4,4,Reporting,0,Q14,SELECT,3521.0393,True
4,4,Reporting,1,Q1,SELECT,7218.394,True
4,4,Reporting,2,Q1,SELECT,7190.6617,True
4,4,Reporting,3,Q1,SELECT,7248.173,True
4,4,Reporting,4,Q6,SELECT,10772.4253,True
4,4,Reporting,5,Q6,SELECT,11832.2585,True
4,4,Reporting,6,U_orders,UPDATE,4.5087,True
4,4,Reporting,7,Q1,SELECT,7217.0017,True
4,4,Reporting,8,U_orders,UPDATE,3.9091,True
4,4,Reporting,9,Q6,SELECT,12577.6377,True
4,4,Reporting,10,Q1,SELECT,6925.3445,True
4,4,Reporting,11,Q1,SELECT,7132.917,True
4,4,Reporting,12,Q6,SELECT,12710.184,True
4,4,Reporting,13,Q6,SELECT,13668.7332,True
4,4,Reporting,14,Q6,SELECT,12421.3998,True
4,4,Reporting,15,Q14,SELECT,3982.0033,True
4,4,Reporting,16,Q1,SELECT,6905.2552,True
4,4,Reporting,17,U_orders,UPDATE,5.142,True
4,4,Reporting,18,U_orders,UPDATE,1.7499,True
4,4,Reporting,19,Q6,SELECT,11321.8568,True
4,4,Reporting,20,Q14,SELECT,4087.9825,True
4,4,Reporting,21,Q6,SELECT,11431.0955,True
4,4,Reporting,22,Q6,SELECT,14105.0793,True
4,4,Reporting,23,Q1,SELECT,6386.4687,True
4,4,Reporting,24,Q14,SELECT,4975.434,True
4,4,Reporting,25,Q1,SELECT,6982.9171,True
4,4,Reporting,26,Q1,SELECT,6876.3398,True
4,4,Reporting,27,U_orders,UPDATE,4.5389,True
4,4,Reporting,28,Q14,SELECT,1844.3848,True
4,4,Reporting,29,U_orders,UPDATE,2.8702,True
4,5,Reporting,0,U_orders,UPDATE,2.4946,True
4,5,Reporting,1,Q14,SELECT,976.1651,True
4,5,Reporting,2,Q1,SELECT,6991.1559,True
4,5,Reporting,3,Q4,SELECT,9561.5097,True
4,5,Reporting,4,Q6,SELECT,19596.0057,True
4,5,Reporting,5,Q1,SELECT,8678.5073,True
4,5,Reporting,6,Q6,SELECT,17343.8716,True
4,5,Reporting,7,Q1,SELECT,7658.3862,True
4,5,Reporting,8,Q1,SELECT,7713.0216,True
4,5,Reporting,9,Q6,SELECT,13787.3941,True
4,5,Reporting,10,U_orders,UPDATE,3.7184,True
4,5,Reporting,11,Q1,SELECT,6647.3488,True
4,5,Reporting,12,Q1,SELECT,6626.4055,True
4,5,Reporting,13,Q4,SELECT,7980.9398,True
4,5,Reporting,14,Q14,SELECT,12530.2635,True
4,5,Reporting,15,U_orders,UPDATE,2.3352,True
4,5,Reporting,16,Q1,SELECT,13074.2628,True
4,5,Reporting,17,Q6,SELECT,16848.1923,True
4,5,Reporting,18,Q6,SELECT,17891.1855,True
4,5,Reporting,19,Q1,SELECT,7415.7534,True
4,5,Reporting,20,Q14,SELECT,5546.9331,True
4,5,Reporting,21,U_orders,UPDATE,2.5461,True
4,5,Reporting,22,Q1,SELECT,7150.3607,True
4,5,Reporting,23,Q6,SELECT,14064.7495,True
4,5,Reporting,24,Q1,SELECT,6265.8695,True
4,5,Reporting,25,Q14,SELECT,3528.0975,True
4,5,Reporting,26,Q4,SELECT,9807.7342,True
4,5,Reporting,27,U_orders,UPDATE,5.0806,True
4,5,Reporting,28,Q1,SELECT,13476.536,True
4,5,Reporting,29,U_orders,UPDATE,1.6311,True
4,6,Reporting,0,Q12,SELECT,11288.7852,True
4,6,Reporting,1,Q12,SELECT,11278.4238,True
4,6,Reporting,2,Q6,SELECT,15741.5185,True
4,6,Reporting,3,Q1,SELECT,8266.0469,True
4,6,Reporting,4,U_orders,UPDATE,3.8476,True
4,6,Reporting,5,Q14,SELECT,7220.5439,True
4,6,Reporting,6,Q6,SELECT,14870.1866,True
4,6,Reporting,7,Q12,SELECT,4198.5083,True
4,6,Reporting,8,Q12,SELECT,4243.0963,True
4,6,Reporting,9,Q6,SELECT,14840.5108,True
4,6,Reporting,10,Q1,SELECT,6920.9376,True
4,6,Reporting,11,U_orders,UPDATE,3.7504,True
4,6,Reporting,12,U_orders,UPDATE,1.2943,True
4,6,Reporting,13,Q1,SELECT,6562.5471,True
4,6,Reporting,14,Q1,SELECT,7372.7205,True
4,6,Reporting,15,Q6,SELECT,10775.9024,True
4,6,Reporting,16,Q1,SELECT,7076.8147,True
4,6,Reporting,17,U_orders,UPDATE,3.4052,True
4,6,Reporting,18,Q4,SELECT,8566.6181,True
4,6,Reporting,19,Q6,SELECT,17424.3177,True
4,6,Reporting,20,Q6,SELECT,18880.4093,True
4,6,Reporting,21,U_orders,UPDATE,2.8248,True
4,6,Reporting,22,Q1,SELECT,7571.8946,True
4,6,Reporting,23,U_orders,UPDATE,3.0156,True
4,6,Reporting,24,Q6,SELECT,13872.0289,True
4,6,Reporting,25,Q1,SELECT,6521.3047,True
4,6,Reporting,26,Q1,SELECT,5113.4136,True
4,6,Reporting,27,Q14,SELECT,2994.774,True
4,6,Reporting,28,Q6,SELECT,12077.2967,True
4,6,Reporting,29,Q14,SELECT,3085.5616,True
4,7,Reporting,0,Q6,SELECT,14571.888,True
4,7,Reporting,1,Q6,SELECT,14452.6846,True
4,7,Reporting,2,Q1,SELECT,6503.6027,True
4,7,Reporting,3,U_orders,UPDATE,4.5317,True
4,7,Reporting,4,Q1,SELECT,5023.0978,True
4,7,Reporting,5,Q6,SELECT,11791.3989,True
4,7,Reporting,6,Q1,SELECT,6695.3274,True
4,7,Reporting,7,Q6,SELECT,10037.4265,True
4,7,Reporting,8,U_orders,UPDATE,3.0168,True
4,7,Reporting,9,Q14,SELECT,4384.8575,True
4,7,Reporting,10,Q12,SELECT,4483.838,True
4,7,Reporting,11,Q6,SELECT,14482.3163,True
4,7,Reporting,12,Q6,SELECT,8262.6169,True
4,7,Reporting,13,U_orders,UPDATE,6.4272,True
4,7,Reporting,14,Q6,SELECT,15018.3223,True
4,7,Reporting,15,Q1,SELECT,5968.3065,True
4,7,Reporting,16,Q12,SELECT,2017.9375,True
4,7,Reporting,17,Q1,SELECT,4980.9646,True
4,7,Reporting,18,Q12,SELECT,2015.8467,True
4,7,Reporting,19,U_orders,UPDATE,2.6458,True
4,7,Reporting,20,Q6,SELECT,15611.1338,True
4,7,Reporting,21,Q1,SELECT,6537.7532,True
4,7,Reporting,22,Q12,SELECT,2167.1123,True
4,7,Reporting,23,Q14,SELECT,2542.3585,True
4,7,Reporting,24,Q12,SELECT,3422.7704,True
4,7,Reporting,25,Q1,SELECT,6204.7104,True
4,7,Reporting,26,U_orders,UPDATE,3.7914,True
4,7,Reporting,27,U_orders,UPDATE,0.8782,True
4,7,Reporting,28,Q6,SELECT,17416.548,True
4,7,Reporting,29,Q4,SELECT,8411.6647,True
4,8,JoinHeavy,0,Q3,SELECT,12540.6579,True
4,8,JoinHeavy,1,Q7,SELECT,12443.6138,True
4,8,JoinHeavy,2,Q3,SELECT,12871.4603,True
4,8,JoinHeavy,3,Q7,SELECT,11621.2153,True
4,8,JoinHeavy,4,Q5,SELECT,9507.6232,True
4,8,JoinHeavy,5,Q10,SELECT,11731.696,True
4,8,JoinHeavy,6,Q7,SELECT,12172.169,True
4,8,JoinHeavy,7,Q7,SELECT,12747.0577,True
4,8,JoinHeavy,8,Q3,SELECT,13368.9875,True
4,8,JoinHeavy,9,Q10,SELECT,12157.2663,True
4,8,JoinHeavy,10,Q3,SELECT,13247.0606,True
4,8,JoinHeavy,11,Q10,SELECT,12458.0429,True
4,8,JoinHeavy,12,Q5,SELECT,8804.4869,True
4,8,JoinHeavy,13,Q3,SELECT,12249.1324,True
4,8,JoinHeavy,14,Q18,SELECT,30258.7385,True
4,8,JoinHeavy,15,Q7,SELECT,11061.603,True
4,8,JoinHeavy,16,Q3,SELECT,12431.3085,True
4,8,JoinHeavy,17,Q7,SELECT,15187.5723,True
4,8,JoinHeavy,18,Q5,SELECT,9267.711,True
4,8,JoinHeavy,19,Q5,SELECT,1026.7115,True
4,8,JoinHeavy,20,Q10,SELECT,11755.4692,True
4,8,JoinHeavy,21,Q10,SELECT,12541.0112,True
4,8,JoinHeavy,22,I_customer,INSERT,6.8862,True
4,8,JoinHeavy,23,I_customer,INSERT,0.3703,True
4,8,JoinHeavy,24,I_customer,INSERT,0.2169,True
4,8,JoinHeavy,25,I_customer,INSERT,0.2084,True
4,8,JoinHeavy,26,I_customer,INSERT,0.1716,True
4,8,JoinHeavy,27,I_customer,INSERT,0.1721,True
4,8,JoinHeavy,28,I_customer,INSERT,0.1684,True
4,8,JoinHeavy,29,I_customer,INSERT,0.1633,True
4,8,JoinHeavy,30,I_customer,INSERT,0.1535,True
4,8,JoinHeavy,31,I_customer,INSERT,0.1658,True
4,8,JoinHeavy,32,I_customer,INSERT,0.1617,True
4,8,JoinHeavy,33,I_customer,INSERT,0.1553,True
4,8,JoinHeavy,34,I_customer,INSERT,0.1902,True
4,8,JoinHeavy,35,I_customer,INSERT,0.199,True
4,8,JoinHeavy,36,I_customer,INSERT,0.1216,True
4,8,JoinHeavy,37,I_customer,INSERT,0.1138,True
4,8,JoinHeavy,38,I_customer,INSERT,0.1198,True
4,8,JoinHeavy,39,I_customer,INSERT,0.1202,True
4,9,JoinHeavy,0,Q10,SELECT,13451.7188,True
4,9,JoinHeavy,1,Q5,SELECT,1243.567,True
4,9,JoinHeavy,2,Q7,SELECT,12397.1604,True
4,9,JoinHeavy,3,Q5,SELECT,8379.382,True
4,9,JoinHeavy,4,Q7,SELECT,14446.3075,True
4,9,JoinHeavy,5,Q10,SELECT,12970.237,True
4,9,JoinHeavy,6,Q3,SELECT,12929.6511,True
4,9,JoinHeavy,7,Q5,SELECT,8962.8228,True
4,9,JoinHeavy,8,Q18,SELECT,30213.6182,True
4,9,JoinHeavy,9,Q7,SELECT,11855.47,True
4,9,JoinHeavy,10,Q5,SELECT,9242.6437,True
4,9,JoinHeavy,11,Q3,SELECT,12541.0478,True
4,9,JoinHeavy,12,Q5,SELECT,909.9221,True
4,9,JoinHeavy,13,Q3,SELECT,12484.7855,True
4,9,JoinHeavy,14,Q10,SELECT,11673.1635,True
4,9,JoinHeavy,15,Q18,SELECT,30203.962,True
4,9,JoinHeavy,16,Q7,SELECT,12043.4751,True
4,9,JoinHeavy,17,Q3,SELECT,14285.0055,True
4,9,JoinHeavy,18,Q3,SELECT,12587.3928,True
4,9,JoinHeavy,19,Q10,SELECT,11950.9015,True
4,9,JoinHeavy,20,Q10,SELECT,11719.0801,True
4,9,JoinHeavy,21,Q5,SELECT,9091.0523,True
4,9,JoinHeavy,22,I_customer,INSERT,4.6742,True
4,9,JoinHeavy,23,I_customer,INSERT,0.413,True
4,9,JoinHeavy,24,I_customer,INSERT,0.3435,True
4,9,JoinHeavy,25,I_customer,INSERT,0.2524,True
4,9,JoinHeavy,26,I_customer,INSERT,0.2356,True
4,9,JoinHeavy,27,I_customer,INSERT,0.2756,True
4,9,JoinHeavy,28,I_customer,INSERT,0.2275,True
4,9,JoinHeavy,29,I_customer,INSERT,0.2712,True
4,9,JoinHeavy,30,I_customer,INSERT,0.2591,True
4,9,JoinHeavy,31,I_customer,INSERT,0.2403,True
4,9,JoinHeavy,32,I_customer,INSERT,0.2218,True
4,9,JoinHeavy,33,I_customer,INSERT,0.2331,True
4,9,JoinHeavy,34,I_customer,INSERT,0.1908,True
4,9,JoinHeavy,35,I_customer,INSERT,0.1482,True
4,9,JoinHeavy,36,I_customer,INSERT,0.146,True
4,9,JoinHeavy,37,I_customer,INSERT,0.1519,True
4,9,JoinHeavy,38,I_customer,INSERT,0.1445,True
4,9,JoinHeavy,39,I_customer,INSERT,0.1459,True
4,10,JoinHeavy,0,Q7,SELECT,9977.3792,True
4,10,JoinHeavy,1,Q5,SELECT,8269.5838,True
4,10,JoinHeavy,2,Q7,SELECT,14664.7246,True
4,10,JoinHeavy,3,Q3,SELECT,14501.1418,True
4,10,JoinHeavy,4,Q5,SELECT,9949.6284,True
4,10,JoinHeavy,5,Q3,SELECT,12214.056,True
4,10,JoinHeavy,6,Q10,SELECT,11552.3159,True
4,10,JoinHeavy,7,Q3,SELECT,12027.3098,True
4,10,JoinHeavy,8,Q3,SELECT,11927.2571,True
4,10,JoinHeavy,9,Q7,SELECT,10088.7919,True
4,10,JoinHeavy,10,Q3,SELECT,12679.2134,True
4,10,JoinHeavy,11,Q3,SELECT,12253.134,True
4,10,JoinHeavy,12,Q5,SELECT,8462.1918,True
4,10,JoinHeavy,13,Q5,SELECT,934.513,True
4,10,JoinHeavy,14,Q3,SELECT,11657.5675,True
4,10,JoinHeavy,15,Q3,SELECT,11854.2342,True
4,10,JoinHeavy,16,Q7,SELECT,10791.4206,True
4,10,JoinHeavy,17,Q5,SELECT,7425.8142,True
4,10,JoinHeavy,18,Q5,SELECT,977.8761,True
4,10,JoinHeavy,19,Q18,SELECT,29897.2022,True
4,10,JoinHeavy,20,Q7,SELECT,11548.1183,True
4,10,JoinHeavy,21,Q7,SELECT,12929.494,True
4,10,JoinHeavy,22,I_customer,INSERT,10.116,True
4,10,JoinHeavy,23,I_customer,INSERT,0.2007,True
4,10,JoinHeavy,24,I_customer,INSERT,0.1462,True
4,10,JoinHeavy,25,I_customer,INSERT,0.1275,True
4,10,JoinHeavy,26,I_customer,INSERT,0.1184,True
4,10,JoinHeavy,27,I_customer,INSERT,0.5597,True
4,10,JoinHeavy,28,I_customer,INSERT,0.1328,True
4,10,JoinHeavy,29,I_customer,INSERT,0.1142,True
4,10,JoinHeavy,30,I_customer,INSERT,0.1029,True
4,10,JoinHeavy,31,I_customer,INSERT,0.1091,True
4,10,JoinHeavy,32,I_customer,INSERT,0.1098,True
4,10,JoinHeavy,33,I_customer,INSERT,0.1143,True
4,10,JoinHeavy,34,I_customer,INSERT,0.0991,True
4,10,JoinHeavy,35,I_customer,INSERT,0.0973,True
4,10,JoinHeavy,36,I_customer,INSERT,0.0989,True
4,10,JoinHeavy,37,I_customer,INSERT,0.1034,True
4,10,JoinHeavy,38,I_customer,INSERT,0.1042,True
4,10,JoinHeavy,39,I_customer,INSERT,0.1132,True
4,11,JoinHeavy,0,Q7,SELECT,15998.7711,True
4,11,JoinHeavy,1,Q10,SELECT,13099.7502,True
4,11,JoinHeavy,2,Q5,SELECT,9354.6834,True
4,11,JoinHeavy,3,Q5,SELECT,903.0873,True
4,11,JoinHeavy,4,Q7,SELECT,11719.0754,True
4,11,JoinHeavy,5,Q7,SELECT,11634.2648,True
4,11,JoinHeavy,6,Q7,SELECT,20654.4731,True
4,11,JoinHeavy,7,Q5,SELECT,13489.5997,True
4,11,JoinHeavy,8,Q10,SELECT,12706.8943,True
4,11,JoinHeavy,9,Q10,SELECT,12781.9513,True
4,11,JoinHeavy,10,Q3,SELECT,13544.653,True
4,11,JoinHeavy,11,Q3,SELECT,14763.4748,True
4,11,JoinHeavy,12,Q7,SELECT,12111.6902,True
4,11,JoinHeavy,13,Q5,SELECT,10212.8689,True
4,11,JoinHeavy,14,Q10,SELECT,12765.4615,True
4,11,JoinHeavy,15,Q3,SELECT,13516.7559,True
4,11,JoinHeavy,16,Q5,SELECT,1596.3405,True
4,11,JoinHeavy,17,Q10,SELECT,14150.1777,True
4,11,JoinHeavy,18,Q7,SELECT,11798.736,True
4,11,JoinHeavy,19,Q7,SELECT,12998.0322,True
4,11,JoinHeavy,20,Q5,SELECT,9404.3719,True
4,11,JoinHeavy,21,Q3,SELECT,12818.4063,True
4,11,JoinHeavy,22,I_customer,INSERT,6.8508,True
4,11,JoinHeavy,23,I_customer,INSERT,0.6132,True
4,11,JoinHeavy,24,I_customer,INSERT,0.2716,True
4,11,JoinHeavy,25,I_customer,INSERT,0.2397,True
4,11,JoinHeavy,26,I_customer,INSERT,0.2371,True
4,11,JoinHeavy,27,I_customer,INSERT,0.238,True
4,11,JoinHeavy,28,I_customer,INSERT,0.2103,True
4,11,JoinHeavy,29,I_customer,INSERT,0.2689,True
4,11,JoinHeavy,30,I_customer,INSERT,0.2247,True
4,11,JoinHeavy,31,I_customer,INSERT,0.2145,True
4,11,JoinHeavy,32,I_customer,INSERT,0.1933,True
4,11,JoinHeavy,33,I_customer,INSERT,0.1783,True
4,11,JoinHeavy,34,I_customer,INSERT,0.2152,True
4,11,JoinHeavy,35,I_customer,INSERT,0.2074,True
4,11,JoinHeavy,36,I_customer,INSERT,0.2303,True
4,11,JoinHeavy,37,I_customer,INSERT,0.275,True
4,11,JoinHeavy,38,I_customer,INSERT,0.214,True
4,11,JoinHeavy,39,I_customer,INSERT,0.2048,True
4,12,JoinHeavy,0,Q5,SELECT,1286.5525,True
4,12,JoinHeavy,1,Q7,SELECT,12365.1825,True
4,12,JoinHeavy,2,Q5,SELECT,9436.3422,True
4,12,JoinHeavy,3,Q3,SELECT,13278.147,True
4,12,JoinHeavy,4,Q5,SELECT,1645.2193,True
4,12,JoinHeavy,5,Q18,SELECT,31511.5188,True
4,12,JoinHeavy,6,Q10,SELECT,12207.2855,True
4,12,JoinHeavy,7,Q7,SELECT,12927.7925,True
4,12,JoinHeavy,8,Q7,SELECT,14207.218,True
4,12,JoinHeavy,9,Q10,SELECT,15068.9921,True
4,12,JoinHeavy,10,Q5,SELECT,11425.4435,True
4,12,JoinHeavy,11,Q5,SELECT,1328.5234,True
4,12,JoinHeavy,12,Q18,SELECT,31274.4155,True
4,12,JoinHeavy,13,Q3,SELECT,12471.2272,True
4,12,JoinHeavy,14,Q7,SELECT,11502.1404,True
4,12,JoinHeavy,15,Q5,SELECT,8210.7708,True
4,12,JoinHeavy,16,Q7,SELECT,13954.136,True
4,12,JoinHeavy,17,Q5,SELECT,9955.6893,True
4,12,JoinHeavy,18,Q7,SELECT,14681.1204,True
4,12,JoinHeavy,19,Q18,SELECT,33607.0214,True
4,12,JoinHeavy,20,Q7,SELECT,10667.0057,True
4,12,JoinHeavy,21,Q3,SELECT,12865.354,True
4,12,JoinHeavy,22,I_customer,INSERT,1.742,True
4,12,JoinHeavy,23,I_customer,INSERT,0.5017,True
4,12,JoinHeavy,24,I_customer,INSERT,0.2137,True
4,12,JoinHeavy,25,I_customer,INSERT,0.1563,True
4,12,JoinHeavy,26,I_customer,INSERT,0.1512,True
4,12,JoinHeavy,27,I_customer,INSERT,0.1406,True
4,12,JoinHeavy,28,I_customer,INSERT,0.1355,True
4,12,JoinHeavy,29,I_customer,INSERT,0.1305,True
4,12,JoinHeavy,30,I_customer,INSERT,0.1345,True
4,12,JoinHeavy,31,I_customer,INSERT,0.1432,True
4,12,JoinHeavy,32,I_customer,INSERT,0.1416,True
4,12,JoinHeavy,33,I_customer,INSERT,0.1332,True
4,12,JoinHeavy,34,I_customer,INSERT,0.1506,True
4,12,JoinHeavy,35,I_customer,INSERT,0.1709,True
4,12,JoinHeavy,36,I_customer,INSERT,0.1463,True
4,12,JoinHeavy,37,I_customer,INSERT,0.1365,True
4,12,JoinHeavy,38,I_customer,INSERT,0.1427,True
4,12,JoinHeavy,39,I_customer,INSERT,0.1485,True
4,13,JoinHeavy,0,Q5,SELECT,8651.7206,True
4,13,JoinHeavy,1,Q7,SELECT,13861.737,True
4,13,JoinHeavy,2,Q10,SELECT,12458.1848,True
4,13,JoinHeavy,3,Q3,SELECT,13216.182,True
4,13,JoinHeavy,4,Q5,SELECT,8767.8507,True
4,13,JoinHeavy,5,Q18,SELECT,33828.5197,True
4,13,JoinHeavy,6,Q18,SELECT,32064.5592,True
4,13,JoinHeavy,7,Q7,SELECT,13975.2452,True
4,13,JoinHeavy,8,Q7,SELECT,16284.5835,True
4,13,JoinHeavy,9,Q7,SELECT,19520.1737,True
4,13,JoinHeavy,10,Q7,SELECT,20527.2517,True
4,13,JoinHeavy,11,Q3,SELECT,15676.772,True
4,13,JoinHeavy,12,Q3,SELECT,14146.414,True
4,13,JoinHeavy,13,Q10,SELECT,13330.9254,True
4,13,JoinHeavy,14,Q7,SELECT,12819.8258,True
4,13,JoinHeavy,15,Q7,SELECT,8318.978,True
4,13,JoinHeavy,16,Q7,SELECT,12996.3924,True
4,13,JoinHeavy,17,Q3,SELECT,15310.31,True
4,13,JoinHeavy,18,Q3,SELECT,13797.1362,True
4,13,JoinHeavy,19,Q10,SELECT,13041.4227,True
4,13,JoinHeavy,20,Q10,SELECT,13141.5717,True
4,13,JoinHeavy,21,Q10,SELECT,13214.0257,True
4,13,JoinHeavy,22,I_customer,INSERT,3.2565,True
4,13,JoinHeavy,23,I_customer,INSERT,0.3763,True
4,13,JoinHeavy,24,I_customer,INSERT,0.296,True
4,13,JoinHeavy,25,I_customer,INSERT,1.1182,True
4,13,JoinHeavy,26,I_customer,INSERT,0.4158,True
4,13,JoinHeavy,27,I_customer,INSERT,1.1175,True
4,13,JoinHeavy,28,I_customer,INSERT,1.3754,True
4,13,JoinHeavy,29,I_customer,INSERT,0.5055,True
4,13,JoinHeavy,30,I_customer,INSERT,0.1811,True
4,13,JoinHeavy,31,I_customer,INSERT,0.1857,True
4,13,JoinHeavy,32,I_customer,INSERT,0.2023,True
4,13,JoinHeavy,33,I_customer,INSERT,0.2304,True
4,13,JoinHeavy,34,I_customer,INSERT,0.1801,True
4,13,JoinHeavy,35,I_customer,INSERT,0.1814,True
4,13,JoinHeavy,36,I_customer,INSERT,0.1714,True
4,13,JoinHeavy,37,I_customer,INSERT,0.165,True
4,13,JoinHeavy,38,I_customer,INSERT,0.2129,True
4,13,JoinHeavy,39,I_customer,INSERT,0.2312,True
4,14,JoinHeavy,0,Q7,SELECT,12288.087,True
4,14,JoinHeavy,1,Q7,SELECT,14718.2049,True
4,14,JoinHeavy,2,Q10,SELECT,13199.5041,True
4,14,JoinHeavy,3,Q18,SELECT,34265.2037,True
4,14,JoinHeavy,4,Q7,SELECT,13084.2372,True
4,14,JoinHeavy,5,Q5,SELECT,9897.4592,True
4,14,JoinHeavy,6,Q3,SELECT,12530.8943,True
4,14,JoinHeavy,7,Q7,SELECT,13417.2963,True
4,14,JoinHeavy,8,Q10,SELECT,15610.5976,True
4,14,JoinHeavy,9,Q10,SELECT,12978.6888,True
4,14,JoinHeavy,10,Q5,SELECT,9214.4,True
4,14,JoinHeavy,11,Q18,SELECT,32295.646,True
4,14,JoinHeavy,12,Q7,SELECT,11884.5709,True
4,14,JoinHeavy,13,Q5,SELECT,9403.4823,True
4,14,JoinHeavy,14,Q7,SELECT,16804.6686,True
4,14,JoinHeavy,15,Q18,SELECT,33727.6505,True
4,14,JoinHeavy,16,Q10,SELECT,12176.2878,True
4,14,JoinHeavy,17,Q5,SELECT,9453.7017,True
4,14,JoinHeavy,18,Q10,SELECT,12107.0359,True
4,14,JoinHeavy,19,Q3,SELECT,12749.6141,True
4,14,JoinHeavy,20,Q18,SELECT,32013.7118,True
4,14,JoinHeavy,21,Q5,SELECT,1261.8251,True
4,14,JoinHeavy,22,I_customer,INSERT,3.1654,True
4,14,JoinHeavy,23,I_customer,INSERT,0.4081,True
4,14,JoinHeavy,24,I_customer,INSERT,1.1056,True
4,14,JoinHeavy,25,I_customer,INSERT,0.3305,True
4,14,JoinHeavy,26,I_customer,INSERT,0.3959,True
4,14,JoinHeavy,27,I_customer,INSERT,0.1565,True
4,14,JoinHeavy,28,I_customer,INSERT,0.1647,True
4,14,JoinHeavy,29,I_customer,INSERT,0.1802,True
4,14,JoinHeavy,30,I_customer,INSERT,0.1612,True
4,14,JoinHeavy,31,I_customer,INSERT,0.1455,True
4,14,JoinHeavy,32,I_customer,INSERT,0.1577,True
4,14,JoinHeavy,33,I_customer,INSERT,0.1611,True
4,14,JoinHeavy,34,I_customer,INSERT,0.1824,True
4,14,JoinHeavy,35,I_customer,INSERT,0.1545,True
4,14,JoinHeavy,36,I_customer,INSERT,0.1604,True
4,14,JoinHeavy,37,I_customer,INSERT,0.1586,True
4,14,JoinHeavy,38,I_customer,INSERT,0.155,True
4,14,JoinHeavy,39,I_customer,INSERT,0.1532,True
4,15,JoinHeavy,0,Q18,SELECT,33726.3804,True
4,15,JoinHeavy,1,Q18,SELECT,32406.5011,True
4,15,JoinHeavy,2,Q10,SELECT,11815.9611,True
4,15,JoinHeavy,3,Q3,SELECT,13216.1765,True
4,15,JoinHeavy,4,Q5,SELECT,1066.1094,True
4,15,JoinHeavy,5,Q10,SELECT,14275.507,True
4,15,JoinHeavy,6,Q7,SELECT,11586.9403,True
4,15,JoinHeavy,7,Q3,SELECT,13113.7912,True
4,15,JoinHeavy,8,Q5,SELECT,9112.265,True
4,15,JoinHeavy,9,Q10,SELECT,12246.497,True
4,15,JoinHeavy,10,Q18,SELECT,31676.3843,True
4,15,JoinHeavy,11,Q3,SELECT,13486.348,True
4,15,JoinHeavy,12,Q7,SELECT,12420.1549,True
4,15,JoinHeavy,13,Q5,SELECT,9251.2097,True
4,15,JoinHeavy,14,Q10,SELECT,13179.2298,True
4,15,JoinHeavy,15,Q3,SELECT,13782.0649,True
4,15,JoinHeavy,16,Q3,SELECT,12965.38,True
4,15,JoinHeavy,17,Q7,SELECT,12369.1652,True
4,15,JoinHeavy,18,Q7,SELECT,12718.6378,True
4,15,JoinHeavy,19,Q10,SELECT,12588.8191,True
4,15,JoinHeavy,20,Q18,SELECT,35155.381,True
4,15,JoinHeavy,21,Q18,SELECT,34021.7017,True
4,15,JoinHeavy,22,I_customer,INSERT,7.8099,True
4,15,JoinHeavy,23,I_customer,INSERT,0.194,True
4,15,JoinHeavy,24,I_customer,INSERT,0.1399,True
4,15,JoinHeavy,25,I_customer,INSERT,0.1194,True
4,15,JoinHeavy,26,I_customer,INSERT,0.1287,True
4,15,JoinHeavy,27,I_customer,INSERT,0.1196,True
4,15,JoinHeavy,28,I_customer,INSERT,0.1381,True
4,15,JoinHeavy,29,I_customer,INSERT,0.138,True
4,15,JoinHeavy,30,I_customer,INSERT,0.133,True
4,15,JoinHeavy,31,I_customer,INSERT,0.1603,True
4,15,JoinHeavy,32,I_customer,INSERT,0.2116,True
4,15,JoinHeavy,33,I_customer,INSERT,0.1777,True
4,15,JoinHeavy,34,I_customer,INSERT,0.233,True
4,15,JoinHeavy,35,I_customer,INSERT,0.1497,True
4,15,JoinHeavy,36,I_customer,INSERT,0.1364,True
4,15,JoinHeavy,37,I_customer,INSERT,0.1314,True
4,15,JoinHeavy,38,I_customer,INSERT,0.1314,True
4,15,JoinHeavy,39,I_customer,INSERT,0.1435,True
4,16,Procurement,0,D_orders,DELETE,8.7779,True
4,16,Procurement,1,D_orders,DELETE,1.5001,True
4,16,Procurement,2,D_orders,DELETE,1.5188,True
4,16,Procurement,3,D_orders,DELETE,1.3957,True
4,16,Procurement,4,Q1,SELECT,19020.2935,True
4,16,Procurement,5,Q11,SELECT,1540.0786,True
4,16,Procurement,6,Q6,SELECT,22241.8314,True
4,16,Procurement,7,Q17,SELECT,24457.4777,True
4,16,Procurement,8,Q1,SELECT,8010.6893,True
4,16,Procurement,9,Q11,SELECT,546.3543,True
4,16,Procurement,10,Q17,SELECT,22479.0266,True
4,16,Procurement,11,Q11,SELECT,559.0127,True
4,16,Procurement,12,Q6,SELECT,12459.4088,True
4,16,Procurement,13,Q1,SELECT,9131.8752,True
4,16,Procurement,14,Q14,SELECT,5453.8615,True
4,16,Procurement,15,Q14,SELECT,882.4096,True
4,16,Procurement,16,Q6,SELECT,16007.5372,True
4,16,Procurement,17,Q11,SELECT,1499.7136,True
4,16,Procurement,18,Q6,SELECT,15855.8702,True
4,16,Procurement,19,Q6,SELECT,17712.2902,True
4,16,Procurement,20,Q11,SELECT,1436.0834,True
4,16,Procurement,21,Q11,SELECT,474.2676,True
4,16,Procurement,22,Q17,SELECT,22980.3416,True
4,16,Procurement,23,Q11,SELECT,509.7569,True
4,16,Procurement,24,Q17,SELECT,20430.0668,True
4,17,Procurement,0,D_orders,DELETE,1.5988,True
4,17,Procurement,1,D_orders,DELETE,0.5647,True
4,17,Procurement,2,D_orders,DELETE,0.656,True
4,17,Procurement,3,D_orders,DELETE,0.5586,True
4,17,Procurement,4,Q11,SELECT,486.127,True
4,17,Procurement,5,Q11,SELECT,472.7299,True
4,17,Procurement,6,Q17,SELECT,20280.9585,True
4,17,Procurement,7,Q14,SELECT,4037.7303,True
4,17,Procurement,8,Q17,SELECT,23759.6689,True
4,17,Procurement,9,Q14,SELECT,810.1326,True
4,17,Procurement,10,Q11,SELECT,509.1346,True
4,17,Procurement,11,Q14,SELECT,743.4177,True
4,17,Procurement,12,Q1,SELECT,8810.1976,True
4,17,Procurement,13,Q17,SELECT,24791.0684,True
4,17,Procurement,14,Q11,SELECT,515.5915,True
4,17,Procurement,15,Q17,SELECT,23413.3197,True
4,17,Procurement,16,Q14,SELECT,4554.378,True
4,17,Procurement,17,Q14,SELECT,735.4375,True
4,17,Procurement,18,Q11,SELECT,479.1709,True
4,17,Procurement,19,Q6,SELECT,15503.3465,True
4,17,Procurement,20,Q17,SELECT,24978.7008,True
4,17,Procurement,21,Q1,SELECT,8994.8812,True
4,17,Procurement,22,Q11,SELECT,495.5035,True
4,17,Procurement,23,Q17,SELECT,23390.563,True
4,17,Procurement,24,Q1,SELECT,8820.043,True
4,18,Procurement,0,D_orders,DELETE,2.535,True
4,18,Procurement,1,D_orders,DELETE,0.553,True
4,18,Procurement,2,D_orders,DELETE,0.6089,True
4,18,Procurement,3,D_orders,DELETE,0.6734,True
4,18,Procurement,4,Q17,SELECT,23965.0734,True
4,18,Procurement,5,Q11,SELECT,1544.8682,True
4,18,Procurement,6,Q17,SELECT,24721.5142,True
4,18,Procurement,7,Q11,SELECT,515.6224,True
4,18,Procurement,8,Q11,SELECT,471.6819,True
4,18,Procurement,9,Q17,SELECT,24250.3137,True
4,18,Procurement,10,Q1,SELECT,8866.9164,True
4,18,Procurement,11,Q6,SELECT,20199.7912,True
4,18,Procurement,12,Q11,SELECT,512.7205,True
4,18,Procurement,13,Q1,SELECT,8158.4939,True
4,18,Procurement,14,Q11,SELECT,487.3302,True
4,18,Procurement,15,Q1,SELECT,8109.3055,True
4,18,Procurement,16,Q11,SELECT,472.6242,True
4,18,Procurement,17,Q6,SELECT,15389.0308,True
4,18,Procurement,18,Q17,SELECT,25961.0902,True
4,18,Procurement,19,Q14,SELECT,5851.3197,True
4,18,Procurement,20,Q6,SELECT,17577.6827,True
4,18,Procurement,21,Q11,SELECT,1478.1668,True
4,18,Procurement,22,Q17,SELECT,24215.5093,True
4,18,Procurement,23,Q14,SELECT,3227.4931,True
4,18,Procurement,24,Q11,SELECT,504.4882,True
4,19,Procurement,0,D_orders,DELETE,4.1411,True
4,19,Procurement,1,D_orders,DELETE,0.9185,True
4,19,Procurement,2,D_orders,DELETE,0.634,True
4,19,Procurement,3,D_orders,DELETE,0.7571,True
4,19,Procurement,4,Q17,SELECT,23268.5205,True
4,19,Procurement,5,Q1,SELECT,9124.0357,True
4,19,Procurement,6,Q6,SELECT,15963.2431,True
4,19,Procurement,7,Q11,SELECT,1483.7798,True
4,19,Procurement,8,Q14,SELECT,8115.1838,True
4,19,Procurement,9,Q14,SELECT,760.8676,True
4,19,Procurement,10,Q1,SELECT,8827.6428,True
4,19,Procurement,11,Q6,SELECT,15668.3755,True
4,19,Procurement,12,Q11,SELECT,1431.4463,True
4,19,Procurement,13,Q6,SELECT,15940.919,True
4,19,Procurement,14,Q17,SELECT,26505.6314,True
4,19,Procurement,15,Q11,SELECT,1528.7674,True
4,19,Procurement,16,Q6,SELECT,18594.6571,True
4,19,Procurement,17,Q11,SELECT,461.3158,True
4,19,Procurement,18,Q17,SELECT,27947.1619,True
4,19,Procurement,19,Q11,SELECT,533.8675,True
4,19,Procurement,20,Q6,SELECT,17416.1108,True
4,19,Procurement,21,Q17,SELECT,21287.7625,True
4,19,Procurement,22,Q17,SELECT,18552.3336,True
4,19,Procurement,23,Q14,SELECT,2977.1977,True
4,19,Procurement,24,Q14,SELECT,807.7807,True
4,20,Procurement,0,D_orders,DELETE,7.1937,True
4,20,Procurement,1,D_orders,DELETE,2.0644,True
4,20,Procurement,2,D_orders,DELETE,0.6103,True
4,20,Procurement,3,D_orders,DELETE,0.7793,True
4,20,Procurement,4,Q11,SELECT,1509.5682,True
4,20,Procurement,5,Q17,SELECT,26276.1957,True
4,20,Procurement,6,Q11,SELECT,510.1547,True
4,20,Procurement,7,Q1,SELECT,9019.9165,True
4,20,Procurement,8,Q17,SELECT,23899.1949,True
4,20,Procurement,9,Q6,SELECT,20773.9939,True
4,20,Procurement,10,Q6,SELECT,19123.4517,True
4,20,Procurement,11,Q6,SELECT,19326.7803,True
4,20,Procurement,12,Q1,SELECT,6968.317,True
4,20,Procurement,13,Q11,SELECT,1607.2725,True
4,20,Procurement,14,Q11,SELECT,476.3189,True
4,20,Procurement,15,Q6,SELECT,19887.5892,True
4,20,Procurement,16,Q6,SELECT,20635.882,True
4,20,Procurement,17,Q6,SELECT,20312.9264,True
4,20,Procurement,18,Q11,SELECT,1570.3038,True
4,20,Procurement,19,Q17,SELECT,23490.365,True
4,20,Procurement,20,Q17,SELECT,20926.1583,True
4,20,Procurement,21,Q11,SELECT,1634.8277,True
4,20,Procurement,22,Q14,SELECT,6007.408,True
4,20,Procurement,23,Q1,SELECT,8464.6341,True
4,20,Procurement,24,Q11,SELECT,459.7752,True
4,21,Procurement,0,D_orders,DELETE,4.2208,True
4,21,Procurement,1,D_orders,DELETE,1.852,True
4,21,Procurement,2,D_orders,DELETE,0.8793,True
4,21,Procurement,3,D_orders,DELETE,0.5585,True
4,21,Procurement,4,Q17,SELECT,24150.6744,True
4,21,Procurement,5,Q14,SELECT,889.3411,True
4,21,Procurement,6,Q11,SELECT,542.4259,True
4,21,Procurement,7,Q6,SELECT,18140.3248,True
4,21,Procurement,8,Q6,SELECT,12040.2872,True
4,21,Procurement,9,Q6,SELECT,17514.6281,True
4,21,Procurement,10,Q6,SELECT,15321.4598,True
4,21,Procurement,11,Q11,SELECT,1608.9375,True
4,21,Procurement,12,Q11,SELECT,491.5225,True
4,21,Procurement,13,Q14,SELECT,6840.9437,True
4,21,Procurement,14,Q11,SELECT,474.3769,True
4,21,Procurement,15,Q11,SELECT,467.3365,True
4,21,Procurement,16,Q17,SELECT,23688.413,True
4,21,Procurement,17,Q11,SELECT,522.7671,True
4,21,Procurement,18,Q17,SELECT,23578.7009,True
4,21,Procurement,19,Q11,SELECT,461.4485,True
4,21,Procurement,20,Q17,SELECT,22453.057,True
4,21,Procurement,21,Q11,SELECT,512.7712,True
4,21,Procurement,22,Q11,SELECT,455.3587,True
4,21,Procurement,23,Q11,SELECT,461.4615,True
4,21,Procurement,24,Q11,SELECT,455.1229,True
4,22,Procurement,0,D_orders,DELETE,2.7193,True
4,22,Procurement,1,D_orders,DELETE,1.073,True
4,22,Procurement,2,D_orders,DELETE,0.5866,True
4,22,Procurement,3,D_orders,DELETE,0.9372,True
4,22,Procurement,4,Q17,SELECT,22636.2075,True
4,22,Procurement,5,Q11,SELECT,463.2073,True
4,22,Procurement,6,Q17,SELECT,22415.3009,True
4,22,Procurement,7,Q11,SELECT,472.4581,True
4,22,Procurement,8,Q1,SELECT,7354.2356,True
4,22,Procurement,9,Q17,SELECT,19091.6703,True
4,22,Procurement,10,Q6,SELECT,14430.2969,True
4,22,Procurement,11,Q6,SELECT,11369.6682,True
4,22,Procurement,12,Q17,SELECT,19595.7017,True
4,22,Procurement,13,Q17,SELECT,15148.4858,True
4,22,Procurement,14,Q17,SELECT,14620.6955,True
4,22,Procurement,15,Q6,SELECT,13877.0792,True
4,22,Procurement,16,Q11,SELECT,1479.7226,True
4,22,Procurement,17,Q11,SELECT,455.7475,True
4,22,Procurement,18,Q1,SELECT,9763.6969,True
4,22,Procurement,19,Q17,SELECT,23822.5247,True
4,22,Procurement,20,Q17,SELECT,21421.7207,True
4,22,Procurement,21,Q17,SELECT,20932.4242,True
4,22,Procurement,22,Q6,SELECT,19161.0756,True
4,22,Procurement,23,Q17,SELECT,21960.8134,True
4,22,Procurement,24,Q17,SELECT,18849.2229,True
4,23,Procurement,0,D_orders,DELETE,5.0384,True
4,23,Procurement,1,D_orders,DELETE,3.1493,True
4,23,Procurement,2,D_orders,DELETE,3.5546,True
4,23,Procurement,3,D_orders,DELETE,2.1546,True
4,23,Procurement,4,Q11,SELECT,1536.6955,True
4,23,Procurement,5,Q11,SELECT,457.6804,True
4,23,Procurement,6,Q1,SELECT,6563.5968,True
4,23,Procurement,7,Q17,SELECT,18680.6837,True
4,23,Procurement,8,Q1,SELECT,5160.2392,True
4,23,Procurement,9,Q6,SELECT,14688.1566,True
4,23,Procurement,10,Q17,SELECT,19468.5165,True
4,23,Procurement,11,Q11,SELECT,1524.175,True
4,23,Procurement,12,Q17,SELECT,20571.6022,True
4,23,Procurement,13,Q1,SELECT,4996.0408,True
4,23,Procurement,14,Q11,SELECT,541.7668,True
4,23,Procurement,15,Q14,SELECT,4720.7411,True
4,23,Procurement,16,Q6,SELECT,14693.6624,True
4,23,Procurement,17,Q11,SELECT,1479.7361,True
4,23,Procurement,18,Q14,SELECT,5711.2574,True
4,23,Procurement,19,Q11,SELECT,456.6161,True
4,23,Procurement,20,Q17,SELECT,21111.717,True
4,23,Procurement,21,Q11,SELECT,550.2601,True
4,23,Procurement,22,Q6,SELECT,15520.6893,True
4,23,Procurement,23,Q1,SELECT,8664.1004,True
4,23,Procurement,24,Q11,SELECT,456.7435,True
4,24,Customer,0,Q18,SELECT,26375.967,True
4,24,Customer,1,U_customer,UPDATE,4.2406,True
4,24,Customer,2,Q3,SELECT,12113.7807,True
4,24,Customer,3,U_customer,UPDATE,1.5709,True
4,24,Customer,4,Q3,SELECT,11455.3427,True
4,24,Customer,5,U_customer,UPDATE,1.0848,True
4,24,Customer,6,Q10,SELECT,10444.7944,True
4,24,Customer,7,U_customer,UPDATE,3.5731,True
4,24,Customer,8,Q10,SELECT,10006.4582,True
4,24,Customer,9,U_customer,UPDATE,1.5676,True
4,24,Customer,10,Q3,SELECT,11478.6786,True
4,24,Customer,11,U_customer,UPDATE,2.061,True
4,24,Customer,12,Q10,SELECT,10584.8089,True
4,24,Customer,13,U_customer,UPDATE,2.5743,True
4,24,Customer,14,Q18,SELECT,27809.9314,True
4,24,Customer,15,U_customer,UPDATE,0.8932,True
4,24,Customer,16,Q18,SELECT,30007.8143,True
4,24,Customer,17,U_customer,UPDATE,0.9647,True
4,24,Customer,18,Q5,SELECT,7506.2218,True
4,24,Customer,19,U_customer,UPDATE,0.8848,True
4,25,Customer,0,Q10,SELECT,9996.6089,True
4,25,Customer,1,U_customer,UPDATE,2.1982,True
4,25,Customer,2,Q3,SELECT,10801.1832,True
4,25,Customer,3,U_customer,UPDATE,0.6433,True
4,25,Customer,4,Q3,SELECT,11137.7428,True
4,25,Customer,5,U_customer,UPDATE,2.6909,True
4,25,Customer,6,Q3,SELECT,11225.6991,True
4,25,Customer,7,U_customer,UPDATE,0.4528,True
4,25,Customer,8,Q18,SELECT,29111.6152,True
4,25,Customer,9,U_customer,UPDATE,1.2755,True
4,25,Customer,10,Q5,SELECT,2868.9649,True
4,25,Customer,11,U_customer,UPDATE,1.5197,True
4,25,Customer,12,Q3,SELECT,11116.6915,True
4,25,Customer,13,U_customer,UPDATE,2.8623,True
4,25,Customer,14,Q5,SELECT,866.2047,True
4,25,Customer,15,U_customer,UPDATE,1.6213,True
4,25,Customer,16,Q3,SELECT,11028.5733,True
4,25,Customer,17,U_customer,UPDATE,0.8461,True
4,25,Customer,18,Q10,SELECT,10347.1294,True
4,25,Customer,19,U_customer,UPDATE,1.6813,True
4,26,Customer,0,Q3,SELECT,11190.4924,True
4,26,Customer,1,U_customer,UPDATE,0.8454,True
4,26,Customer,2,Q10,SELECT,10405.201,True
4,26,Customer,3,U_customer,UPDATE,3.0008,True
4,26,Customer,4,Q10,SELECT,10666.435,True
4,26,Customer,5,U_customer,UPDATE,0.4904,True
4,26,Customer,6,Q18,SELECT,30029.5163,True
4,26,Customer,7,U_customer,UPDATE,1.1214,True
4,26,Customer,8,Q18,SELECT,29464.6485,True
4,26,Customer,9,U_customer,UPDATE,2.6292,True
4,26,Customer,10,Q18,SELECT,29136.5929,True
4,26,Customer,11,U_customer,UPDATE,1.4126,True
4,26,Customer,12,Q10,SELECT,10602.0573,True
4,26,Customer,13,U_customer,UPDATE,0.9569,True
4,26,Customer,14,Q5,SELECT,1156.3249,True
4,26,Customer,15,U_customer,UPDATE,0.7159,True
4,26,Customer,16,Q10,SELECT,10317.9065,True
4,26,Customer,17,U_customer,UPDATE,1.416,True
4,26,Customer,18,Q10,SELECT,10554.5385,True
4,26,Customer,19,U_customer,UPDATE,0.9645,True
4,27,Customer,0,Q18,SELECT,30533.1389,True
4,27,Customer,1,U_customer,UPDATE,2.1243,True
4,27,Customer,2,Q3,SELECT,11224.9273,True
4,27,Customer,3,U_customer,UPDATE,0.7377,True
4,27,Customer,4,Q5,SELECT,1188.5927,True
4,27,Customer,5,U_customer,UPDATE,0.5005,True
4,27,Customer,6,Q18,SELECT,29983.1904,True
4,27,Customer,7,U_customer,UPDATE,1.5637,True
4,27,Customer,8,Q10,SELECT,10382.6161,True
4,27,Customer,9,U_customer,UPDATE,2.19,True
4,27,Customer,10,Q18,SELECT,29043.1065,True
4,27,Customer,11,U_customer,UPDATE,2.6588,True
4,27,Customer,12,Q18,SELECT,29199.92,True
4,27,Customer,13,U_customer,UPDATE,1.2256,True
4,27,Customer,14,Q18,SELECT,28810.2233,True
4,27,Customer,15,U_customer,UPDATE,1.1706,True
4,27,Customer,16,Q10,SELECT,10771.1737,True
4,27,Customer,17,U_customer,UPDATE,2.6191,True
4,27,Customer,18,Q10,SELECT,10353.0525,True
4,27,Customer,19,U_customer,UPDATE,1.4746,True
4,28,Customer,0,Q3,SELECT,11148.6107,True
4,28,Customer,1,U_customer,UPDATE,0.7082,True
4,28,Customer,2,Q7,SELECT,11584.5206,True
4,28,Customer,3,U_customer,UPDATE,1.0005,True
4,28,Customer,4,Q10,SELECT,11455.744,True
4,28,Customer,5,U_customer,UPDATE,1.9152,True
4,28,Customer,6,Q10,SELECT,11785.7415,True
4,28,Customer,7,U_customer,UPDATE,0.882,True
4,28,Customer,8,Q10,SELECT,11845.2586,True
4,28,Customer,9,U_customer,UPDATE,1.5657,True
4,28,Customer,10,Q18,SELECT,30449.6974,True
4,28,Customer,11,U_customer,UPDATE,1.947,True
4,28,Customer,12,Q7,SELECT,10833.6661,True
4,28,Customer,13,U_customer,UPDATE,0.5259,True
4,28,Customer,14,Q18,SELECT,31046.403,True
4,28,Customer,15,U_customer,UPDATE,0.7268,True
4,28,Customer,16,Q18,SELECT,30968.1525,True
4,28,Customer,17,U_customer,UPDATE,1.5049,True
4,28,Customer,18,Q10,SELECT,12776.6232,True
4,28,Customer,19,U_customer,UPDATE,1.5922,True
4,29,Customer,0,Q3,SELECT,13017.267,True
4,29,Customer,1,U_customer,UPDATE,0.965,True
4,29,Customer,2,Q18,SELECT,32325.051,True
4,29,Customer,3,U_customer,UPDATE,1.3206,True
4,29,Customer,4,Q18,SELECT,31495.8398,True
4,29,Customer,5,U_customer,UPDATE,4.2564,True
4,29,Customer,6,Q18,SELECT,30630.8762,True
4,29,Customer,7,U_customer,UPDATE,0.7019,True
4,29,Customer,8,Q7,SELECT,12217.4235,True
4,29,Customer,9,U_customer,UPDATE,0.8445,True
4,29,Customer,10,Q10,SELECT,13051.5491,True
4,29,Customer,11,U_customer,UPDATE,1.7778,True
4,29,Customer,12,Q7,SELECT,12244.2124,True
4,29,Customer,13,U_customer,UPDATE,0.9722,True
4,29,Customer,14,Q10,SELECT,12141.0821,True
4,29,Customer,15,U_customer,UPDATE,2.4665,True
4,29,Customer,16,Q7,SELECT,13142.7707,True
4,29,Customer,17,U_customer,UPDATE,0.9952,True
4,29,Customer,18,Q10,SELECT,12073.0102,True
4,29,Customer,19,U_customer,UPDATE,1.2282,True
4,30,Customer,0,Q10,SELECT,12040.936,True
4,30,Customer,1,U_customer,UPDATE,2.2403,True
4,30,Customer,2,Q18,SELECT,31319.3635,True
4,30,Customer,3,U_customer,UPDATE,1.091,True
4,30,Customer,4,Q5,SELECT,9234.6077,True
4,30,Customer,5,U_customer,UPDATE,1.1496,True
4,30,Customer,6,Q18,SELECT,31493.6694,True
4,30,Customer,7,U_customer,UPDATE,1.2178,True
4,30,Customer,8,Q7,SELECT,12515.6166,True
4,30,Customer,9,U_customer,UPDATE,3.2228,True
4,30,Customer,10,Q10,SELECT,11901.0186,True
4,30,Customer,11,U_customer,UPDATE,2.7667,True
4,30,Customer,12,Q10,SELECT,12040.6808,True
4,30,Customer,13,U_customer,UPDATE,1.8896,True
4,30,Customer,14,Q7,SELECT,10336.9017,True
4,30,Customer,15,U_customer,UPDATE,1.0055,True
4,30,Customer,16,Q3,SELECT,12930.189,True
4,30,Customer,17,U_customer,UPDATE,3.4935,True
4,30,Customer,18,Q18,SELECT,30976.4449,True
4,30,Customer,19,U_customer,UPDATE,1.0002,True
4,31,Customer,0,Q10,SELECT,12269.4783,True
4,31,Customer,1,U_customer,UPDATE,0.7059,True
4,31,Customer,2,Q3,SELECT,12966.6726,True
4,31,Customer,3,U_customer,UPDATE,1.0015,True
4,31,Customer,4,Q10,SELECT,12201.0676,True
4,31,Customer,5,U_customer,UPDATE,1.0431,True
4,31,Customer,6,Q7,SELECT,12081.8119,True
4,31,Customer,7,U_customer,UPDATE,0.7505,True
4,31,Customer,8,Q10,SELECT,12526.1403,True
4,31,Customer,9,U_customer,UPDATE,1.6156,True
4,31,Customer,10,Q10,SELECT,12355.4923,True
4,31,Customer,11,U_customer,UPDATE,0.6256,True
4,31,Customer,12,Q7,SELECT,11726.3611,True
4,31,Customer,13,U_customer,UPDATE,1.1589,True
4,31,Customer,14,Q10,SELECT,11880.5004,True
4,31,Customer,15,U_customer,UPDATE,1.9765,True
4,31,Customer,16,Q10,SELECT,12360.6558,True
4,31,Customer,17,U_customer,UPDATE,1.7436,True
4,31,Customer,18,Q10,SELECT,11679.0062,True
4,31,Customer,19,U_customer,UPDATE,0.7067,True
5,0,Reporting,0,Q4,SELECT,9016.5598,True
5,0,Reporting,1,U_orders,UPDATE,6.0759,True
5,0,Reporting,2,Q6,SELECT,19504.3413,True
5,0,Reporting,3,Q1,SELECT,9744.4083,True
5,0,Reporting,4,Q6,SELECT,17149.7291,True
5,0,Reporting,5,Q1,SELECT,6102.6376,True
5,0,Reporting,6,Q4,SELECT,7230.2328,True
5,0,Reporting,7,Q6,SELECT,19577.1444,True
5,0,Reporting,8,Q1,SELECT,7624.0016,True
5,0,Reporting,9,Q4,SELECT,6769.2889,True
5,0,Reporting,10,Q6,SELECT,17164.0956,True
5,0,Reporting,11,Q14,SELECT,6626.0951,True
5,0,Reporting,12,Q14,SELECT,745.7594,True
5,0,Reporting,13,Q4,SELECT,10204.3528,True
5,0,Reporting,14,U_orders,UPDATE,3.6826,True
5,0,Reporting,15,Q14,SELECT,5242.4855,True
5,0,Reporting,16,Q14,SELECT,747.0952,True
5,0,Reporting,17,Q1,SELECT,12731.4929,True
5,0,Reporting,18,Q14,SELECT,1201.1957,True
5,0,Reporting,19,Q6,SELECT,14008.469,True
5,0,Reporting,20,Q1,SELECT,8047.5412,True
5,0,Reporting,21,U_orders,UPDATE,3.7063,True
5,0,Reporting,22,U_orders,UPDATE,1.7505,True
5,0,Reporting,23,U_orders,UPDATE,1.1002,True
5,0,Reporting,24,Q6,SELECT,17745.9879,True
5,0,Reporting,25,Q14,SELECT,7701.4928,True
5,0,Reporting,26,Q14,SELECT,776.1989,True
5,0,Reporting,27,Q14,SELECT,779.3421,True
5,0,Reporting,28,Q12,SELECT,4731.2017,True
5,0,Reporting,29,U_orders,UPDATE,5.437,True
5,1,Reporting,0,Q1,SELECT,7382.962,True
5,1,Reporting,1,Q6,SELECT,14719.3933,True
5,1,Reporting,2,Q1,SELECT,6816.3823,True
5,1,Reporting,3,Q1,SELECT,6784.7272,True
5,1,Reporting,4,Q1,SELECT,6733.7047,True
5,1,Reporting,5,U_orders,UPDATE,4.3528,True
5,1,Reporting,6,Q6,SELECT,12790.518,True
5,1,Reporting,7,Q6,SELECT,9601.6645,True
5,1,Reporting,8,U_orders,UPDATE,3.4716,True
5,1,Reporting,9,Q12,SELECT,4067.1213,True
5,1,Reporting,10,Q4,SELECT,8723.3173,True
5,1,Reporting,11,U_orders,UPDATE,1.7933,True
5,1,Reporting,12,Q1,SELECT,12605.6726,True
5,1,Reporting,13,U_orders,UPDATE,4.0259,True
5,1,Reporting,14,Q1,SELECT,12454.3183,True
5,1,Reporting,15,Q1,SELECT,12258.8286,True
5,1,Reporting,16,Q1,SELECT,12124.9805,True
5,1,Reporting,17,Q6,SELECT,13916.1149,True
5,1,Reporting,18,Q1,SELECT,8371.0814,True
5,1,Reporting,19,Q4,SELECT,9109.935,True
5,1,Reporting,20,Q12,SELECT,8366.1871,True
5,1,Reporting,21,Q4,SELECT,753.229,True
5,1,Reporting,22,Q6,SELECT,18625.599,True
5,1,Reporting,23,Q12,SELECT,5034.9383,True
5,1,Reporting,24,Q1,SELECT,7714.9575,True
5,1,Reporting,25,Q1,SELECT,7595.1859,True
5,1,Reporting,26,Q14,SELECT,5101.7979,True
5,1,Reporting,27,U_orders,UPDATE,1.7412,True
5,1,Reporting,28,U_orders,UPDATE,0.8123,True
5,1,Reporting,29,Q14,SELECT,751.811,True
5,2,Reporting,0,U_orders,UPDATE,4.8397,True
5,2,Reporting,1,Q1,SELECT,8817.3953,True
5,2,Reporting,2,Q14,SELECT,1011.4027,True
5,2,Reporting,3,U_orders,UPDATE,2.5165,True
5,2,Reporting,4,Q1,SELECT,8619.9075,True
5,2,Reporting,5,Q4,SELECT,10649.3854,True
5,2,Reporting,6,Q1,SELECT,12704.9648,True
5,2,Reporting,7,Q4,SELECT,5840.2083,True
5,2,Reporting,8,Q1,SELECT,12935.1067,True
5,2,Reporting,9,Q6,SELECT,16581.9903,True
5,2,Reporting,10,Q4,SELECT,7684.211,True
5,2,Reporting,11,Q14,SELECT,11175.5236,True
5,2,Reporting,12,Q6,SELECT,15592.9734,True
5,2,Reporting,13,Q14,SELECT,8242.582,True
5,2,Reporting,14,Q6,SELECT,15998.2389,True
5,2,Reporting,15,U_orders,UPDATE,6.7348,True
5,2,Reporting,16,Q1,SELECT,6863.9752,True
5,2,Reporting,17,Q4,SELECT,7188.8779,True
5,2,Reporting,18,Q1,SELECT,11370.6519,True
5,2,Reporting,19,Q4,SELECT,781.925,True
5,2,Reporting,20,U_orders,UPDATE,2.7258,True
5,2,Reporting,21,U_orders,UPDATE,1.6938,True
5,2,Reporting,22,U_orders,UPDATE,1.1076,True
5,2,Reporting,23,Q6,SELECT,19485.9474,True
5,2,Reporting,24,Q6,SELECT,19328.8482,True
5,2,Reporting,25,Q1,SELECT,6765.9896,True
5,2,Reporting,26,Q14,SELECT,4801.2844,True
5,2,Reporting,27,Q1,SELECT,7372.7181,True
5,2,Reporting,28,Q1,SELECT,7434.6174,True
5,2,Reporting,29,Q6,SELECT,15643.3995,True
5,3,Reporting,0,Q6,SELECT,15419.5364,True
5,3,Reporting,1,U_orders,UPDATE,3.974,True
5,3,Reporting,2,Q14,SELECT,3495.7403,True
5,3,Reporting,3,Q14,SELECT,992.6283,True
5,3,Reporting,4,Q4,SELECT,10734.2986,True
5,3,Reporting,5,Q1,SELECT,13397.6792,True
5,3,Reporting,6,Q1,SELECT,12957.2663,True
5,3,Reporting,7,Q6,SELECT,17454.4135,True
5,3,Reporting,8,Q1,SELECT,8127.9925,True
5,3,Reporting,9,U_orders,UPDATE,3.3439,True
5,3,Reporting,10,Q4,SELECT,10472.0005,True
5,3,Reporting,11,Q1,SELECT,11034.2952,True
5,3,Reporting,12,U_orders,UPDATE,2.4436,True
5,3,Reporting,13,Q6,SELECT,17497.8109,True
5,3,Reporting,14,U_orders,UPDATE,4.3449,True
5,3,Reporting,15,Q1,SELECT,9227.6083,True
5,3,Reporting,16,Q1,SELECT,8923.1559,True
5,3,Reporting,17,U_orders,UPDATE,2.8623,True
5,3,Reporting,18,Q1,SELECT,9078.0893,True
5,3,Reporting,19,Q6,SELECT,16389.6314,True
5,3,Reporting,20,Q1,SELECT,8019.5295,True
5,3,Reporting,21,U_orders,UPDATE,3.1152,True
5,3,Reporting,22,Q1,SELECT,6915.064,True
5,3,Reporting,23,Q1,SELECT,6763.4619,True
5,3,Reporting,24,Q6,SELECT,15304.4502,True
5,3,Reporting,25,Q1,SELECT,7271.8503,True
5,3,Reporting,26,Q14,SELECT,4296.024,True
5,3,Reporting,27,Q1,SELECT,8097.618,True
5,3,Reporting,28,Q1,SELECT,8729.851,True
5,3,Reporting,29,Q14,SELECT,1335.9838,True
5,4,Reporting,0,Q1,SELECT,8211.5435,True
5,4,Reporting,1,Q1,SELECT,8027.0915,True
5,4,Reporting,2,Q6,SELECT,12534.1955,True
5,4,Reporting,3,Q14,SELECT,5138.183,True
5,4,Reporting,4,U_orders,UPDATE,3.4902,True
5,4,Reporting,5,Q1,SELECT,8143.6284,True
5,4,Reporting,6,Q6,SELECT,15943.2179,True
5,4,Reporting,7,U_orders,UPDATE,2.2718,True
5,4,Reporting,8,U_orders,UPDATE,1.1336,True
5,4,Reporting,9,Q4,SELECT,8393.5143,True
5,4,Reporting,10,U_orders,UPDATE,1.4498,True
5,4,Reporting,11,Q6,SELECT,18463.774,True
5,4,Reporting,12,Q1,SELECT,8882.8756,True
5,4,Reporting,13,U_orders,UPDATE,3.1441,True
5,4,Reporting,14,Q14,SELECT,8029.5907,True
5,4,Reporting,15,Q12,SELECT,6673.3914,True
5,4,Reporting,16,Q1,SELECT,8877.244,True
5,4,Reporting,17,Q1,SELECT,8901.8749,True
5,4,Reporting,18,U_orders,UPDATE,1.8761,True
5,4,Reporting,19,Q1,SELECT,8886.8484,True
5,4,Reporting,20,Q4,SELECT,10309.6135,True
5,4,Reporting,21,Q14,SELECT,11228.9678,True
5,4,Reporting,22,Q14,SELECT,1486.2088,True
5,4,Reporting,23,Q6,SELECT,14566.3797,True
5,4,Reporting,24,Q1,SELECT,8037.8517,True
5,4,Reporting,25,Q6,SELECT,16020.2413,True
5,4,Reporting,26,Q6,SELECT,14700.774,True
5,4,Reporting,27,Q1,SELECT,6795.2374,True
5,4,Reporting,28,Q14,SELECT,1796.4936,True
5,4,Reporting,29,Q1,SELECT,7046.7075,True
5,5,Reporting,0,Q12,SELECT,4867.2902,True
5,5,Reporting,1,U_orders,UPDATE,3.5184,True
5,5,Reporting,2,Q1,SELECT,7107.2205,True
5,5,Reporting,3,Q6,SELECT,13079.5215,True
5,5,Reporting,4,Q1,SELECT,6629.216,True
5,5,Reporting,5,Q4,SELECT,8358.9684,True
5,5,Reporting,6,Q4,SELECT,925.3049,True
5,5,Reporting,7,U_orders,UPDATE,3.1072,True
5,5,Reporting,8,Q14,SELECT,10726.9715,True
5,5,Reporting,9,Q6,SELECT,18797.0927,True
5,5,Reporting,10,U_orders,UPDATE,3.3483,True
5,5,Reporting,11,Q14,SELECT,9583.6623,True
5,5,Reporting,12,Q14,SELECT,804.4788,True
5,5,Reporting,13,Q1,SELECT,8936.6467,True
5,5,Reporting,14,Q6,SELECT,13611.6116,True
5,5,Reporting,15,Q12,SELECT,4510.2005,True
5,5,Reporting,16,Q12,SELECT,4436.1587,True
5,5,Reporting,17,U_orders,UPDATE,3.4113,True
5,5,Reporting,18,Q6,SELECT,13292.2654,True
5,5,Reporting,19,Q6,SELECT,12223.647,True
5,5,Reporting,20,Q14,SELECT,7360.7169,True
5,5,Reporting,21,Q1,SELECT,7490.4373,True
5,5,Reporting,22,U_orders,UPDATE,4.1903,True
5,5,Reporting,23,Q6,SELECT,13577.347,True
5,5,Reporting,24,U_orders,UPDATE,2.2836,True
5,5,Reporting,25,Q6,SELECT,13564.7158,True
5,5,Reporting,26,Q6,SELECT,13249.0951,True
5,5,Reporting,27,Q12,SELECT,3691.3835,True
5,5,Reporting,28,Q1,SELECT,6917.8365,True
5,5,Reporting,29,Q12,SELECT,3857.7237,True
5,6,Reporting,0,Q1,SELECT,7332.8715,True
5,6,Reporting,1,Q4,SELECT,8707.4384,True
5,6,Reporting,2,Q1,SELECT,11588.9025,True
5,6,Reporting,3,Q1,SELECT,11418.2361,True
5,6,Reporting,4,Q12,SELECT,9975.6655,True
5,6,Reporting,5,U_orders,UPDATE,3.0197,True
5,6,Reporting,6,Q1,SELECT,11354.0297,True
5,6,Reporting,7,Q1,SELECT,11332.7477,True
5,6,Reporting,8,Q1,SELECT,11612.4795,True
5,6,Reporting,9,Q6,SELECT,17050.2213,True
5,6,Reporting,10,Q1,SELECT,7944.3758,True
5,6,Reporting,11,Q6,SELECT,15009.8768,True
5,6,Reporting,12,Q6,SELECT,17605.1135,True
5,6,Reporting,13,U_orders,UPDATE,3.7919,True
5,6,Reporting,14,Q1,SELECT,6485.2787,True
5,6,Reporting,15,Q12,SELECT,2200.9384,True
5,6,Reporting,16,Q1,SELECT,5751.3193,True
5,6,Reporting,17,Q1,SELECT,6031.8418,True
5,6,Reporting,18,U_orders,UPDATE,3.182,True
5,6,Reporting,19,U_orders,UPDATE,1.7555,True
5,6,Reporting,20,Q14,SELECT,4582.639,True
5,6,Reporting,21,Q14,SELECT,942.2183,True
5,6,Reporting,22,Q1,SELECT,6764.1595,True
5,6,Reporting,23,Q14,SELECT,781.3557,True
5,6,Reporting,24,U_orders,UPDATE,3.6374,True
5,6,Reporting,25,Q14,SELECT,741.5517,True
5,6,Reporting,26,Q1,SELECT,6789.2638,True
5,6,Reporting,27,Q14,SELECT,785.3292,True
5,6,Reporting,28,U_orders,UPDATE,2.8412,True
5,6,Reporting,29,Q14,SELECT,745.1451,True
5,7,Reporting,0,Q1,SELECT,6945.5585,True
5,7,Reporting,1,Q14,SELECT,923.573,True
5,7,Reporting,2,Q4,SELECT,10323.6191,True
5,7,Reporting,3,Q6,SELECT,17571.1263,True
5,7,Reporting,4,Q14,SELECT,3671.3958,True
5,7,Reporting,5,Q14,SELECT,753.8615,True
5,7,Reporting,6,Q6,SELECT,14640.8319,True
5,7,Reporting,7,U_orders,UPDATE,3.8305,True
5,7,Reporting,8,Q1,SELECT,7280.2157,True
5,7,Reporting,9,Q1,SELECT,7503.2046,True
5,7,Reporting,10,Q12,SELECT,4380.3957,True
5,7,Reporting,11,U_orders,UPDATE,1.6433,True
5,7,Reporting,12,Q12,SELECT,4623.1971,True
5,7,Reporting,13,U_orders,UPDATE,3.4085,True
5,7,Reporting,14,Q1,SELECT,7267.2079,True
5,7,Reporting,15,Q4,SELECT,8880.7834,True
5,7,Reporting,16,Q14,SELECT,11254.2225,True
5,7,Reporting,17,U_orders,UPDATE,1.5823,True
5,7,Reporting,18,U_orders,UPDATE,0.9924,True
5,7,Reporting,19,U_orders,UPDATE,1.0073,True
5,7,Reporting,20,Q14,SELECT,751.3015,True
5,7,Reporting,21,Q1,SELECT,13039.9033,True
5,7,Reporting,22,Q6,SELECT,13982.1722,True
5,7,Reporting,23,Q14,SELECT,2468.1079,True
5,7,Reporting,24,Q1,SELECT,8777.4014,True
5,7,Reporting,25,Q6,SELECT,17207.8939,True
5,7,Reporting,26,Q1,SELECT,7295.5265,True
5,7,Reporting,27,Q14,SELECT,8059.6194,True
5,7,Reporting,28,Q14,SELECT,848.9701,True
5,7,Reporting,29,Q4,SELECT,9355.449,True
5,8,JoinHeavy,0,Q7,SELECT,14443.9104,True
5,8,JoinHeavy,1,Q5,SELECT,9993.7546,True
5,8,JoinHeavy,2,Q5,SELECT,998.4856,True
5,8,JoinHeavy,3,Q7,SELECT,12511.2759,True
5,8,JoinHeavy,4,Q10,SELECT,13942.7775,True
5,8,JoinHeavy,5,Q10,SELECT,12799.0684,True
5,8,JoinHeavy,6,Q10,SELECT,12544.7133,True
5,8,JoinHeavy,7,Q3,SELECT,13979.4343,True
5,8,JoinHeavy,8,Q5,SELECT,9197.9221,True
5,8,JoinHeavy,9,Q5,SELECT,980.4194,True
5,8,JoinHeavy,10,Q7,SELECT,11693.7324,True
5,8,JoinHeavy,11,Q5,SELECT,6827.7377,True
5,8,JoinHeavy,12,Q5,SELECT,955.3319,True
5,8,JoinHeavy,13,Q7,SELECT,11958.3909,True
5,8,JoinHeavy,14,Q10,SELECT,12522.8639,True
5,8,JoinHeavy,15,Q5,SELECT,8258.954,True
5,8,JoinHeavy,16,Q5,SELECT,949.9348,True
5,8,JoinHeavy,17,Q7,SELECT,13932.9643,True
5,8,JoinHeavy,18,Q3,SELECT,12951.5688,True
5,8,JoinHeavy,19,Q5,SELECT,7468.267,True
5,8,JoinHeavy,20,Q7,SELECT,14037.6925,True
5,8,JoinHeavy,21,Q7,SELECT,14764.6067,True
5,8,JoinHeavy,22,I_customer,INSERT,2.73,True
5,8,JoinHeavy,23,I_customer,INSERT,0.4019,True
5,8,JoinHeavy,24,I_customer,INSERT,0.3161,True
5,8,JoinHeavy,25,I_customer,INSERT,0.2599,True
5,8,JoinHeavy,26,I_customer,INSERT,0.2536,True
5,8,JoinHeavy,27,I_customer,INSERT,0.2517,True
5,8,JoinHeavy,28,I_customer,INSERT,0.2219,True
5,8,JoinHeavy,29,I_customer,INSERT,0.236,True
5,8,JoinHeavy,30,I_customer,INSERT,0.2706,True
5,8,JoinHeavy,31,I_customer,INSERT,0.3071,True
5,8,JoinHeavy,32,I_customer,INSERT,0.2238,True
5,8,JoinHeavy,33,I_customer,INSERT,0.2373,True
5,8,JoinHeavy,34,I_customer,INSERT,0.2499,True
5,8,JoinHeavy,35,I_customer,INSERT,0.2289,True
5,8,JoinHeavy,36,I_customer,INSERT,0.2163,True
5,8,JoinHeavy,37,I_customer,INSERT,0.2315,True
5,8,JoinHeavy,38,I_customer,INSERT,0.2332,True
5,8,JoinHeavy,39,I_customer,INSERT,0.2206,True
5,9,JoinHeavy,0,Q7,SELECT,15145.7563,True
5,9,JoinHeavy,1,Q3,SELECT,14746.1962,True
5,9,JoinHeavy,2,Q3,SELECT,12934.2501,True
5,9,JoinHeavy,3,Q5,SELECT,8431.2275,True
5,9,JoinHeavy,4,Q5,SELECT,981.1377,True
5,9,JoinHeavy,5,Q7,SELECT,11965.1451,True
5,9,JoinHeavy,6,Q5,SELECT,7561.3353,True
5,9,JoinHeavy,7,Q3,SELECT,12660.736,True
5,9,JoinHeavy,8,Q7,SELECT,12070.4526,True
5,9,JoinHeavy,9,Q3,SELECT,14861.1256,True
5,9,JoinHeavy,10,Q5,SELECT,9935.8736,True
5,9,JoinHeavy,11,Q5,SELECT,1136.1238,True
5,9,JoinHeavy,12,Q5,SELECT,938.8389,True
5,9,JoinHeavy,13,Q10,SELECT,11687.9457,True
5,9,JoinHeavy,14,Q5,SELECT,1069.1801,True
5,9,JoinHeavy,15,Q5,SELECT,929.9933,True
5,9,JoinHeavy,16,Q7,SELECT,10513.4249,True
5,9,JoinHeavy,17,Q3,SELECT,12482.4062,True
5,9,JoinHeavy,18,Q5,SELECT,1055.9046,True
5,9,JoinHeavy,19,Q10,SELECT,12276.1134,True
5,9,JoinHeavy,20,Q10,SELECT,12908.3211,True
5,9,JoinHeavy,21,Q18,SELECT,30097.2705,True
5,9,JoinHeavy,22,I_customer,INSERT,2.0517,True
5,9,JoinHeavy,23,I_customer,INSERT,0.2077,True
5,9,JoinHeavy,24,I_customer,INSERT,0.1513,True
5,9,JoinHeavy,25,I_customer,INSERT,0.1415,True
5,9,JoinHeavy,26,I_customer,INSERT,0.1516,True
5,9,JoinHeavy,27,I_customer,INSERT,0.1675,True
5,9,JoinHeavy,28,I_customer,INSERT,0.1346,True
5,9,JoinHeavy,29,I_customer,INSERT,0.1358,True
5,9,JoinHeavy,30,I_customer,INSERT,0.1396,True
5,9,JoinHeavy,31,I_customer,INSERT,0.1233,True
5,9,JoinHeavy,32,I_customer,INSERT,0.1316,True
5,9,JoinHeavy,33,I_customer,INSERT,0.1224,True
5,9,JoinHeavy,34,I_customer,INSERT,3.157,True
5,9,JoinHeavy,35,I_customer,INSERT,0.1719,True
5,9,JoinHeavy,36,I_customer,INSERT,0.2119,True
5,9,JoinHeavy,37,I_customer,INSERT,0.2417,True
5,9,JoinHeavy,38,I_customer,INSERT,1.1016,True
5,9,JoinHeavy,39,I_customer,INSERT,0.1473,True
5,10,JoinHeavy,0,Q3,SELECT,12468.8405,True
5,10,JoinHeavy,1,Q3,SELECT,12489.8173,True
5,10,JoinHeavy,2,Q7,SELECT,12120.8067,True
5,10,JoinHeavy,3,Q3,SELECT,12786.6906,True
5,10,JoinHeavy,4,Q3,SELECT,12436.504,True
5,10,JoinHeavy,5,Q5,SELECT,8303.826,True
5,10,JoinHeavy,6,Q10,SELECT,12303.5988,True
5,10,JoinHeavy,7,Q7,SELECT,11049.0511,True
5,10,JoinHeavy,8,Q3,SELECT,12935.7793,True
5,10,JoinHeavy,9,Q3,SELECT,12555.6486,True
5,10,JoinHeavy,10,Q3,SELECT,12522.1966,True
5,10,JoinHeavy,11,Q7,SELECT,11994.6089,True
5,10,JoinHeavy,12,Q5,SELECT,8415.6168,True
5,10,JoinHeavy,13,Q5,SELECT,943.6608,True
5,10,JoinHeavy,14,Q5,SELECT,913.9344,True
5,10,JoinHeavy,15,Q7,SELECT,11908.7146,True
5,10,JoinHeavy,16,Q3,SELECT,12853.2095,True
5,10,JoinHeavy,17,Q3,SELECT,12567.1007,True
5,10,JoinHeavy,18,Q3,SELECT,12806.7853,True
5,10,JoinHeavy,19,Q7,SELECT,10393.7884,True
5,10,JoinHeavy,20,Q3,SELECT,13221.0553,True
5,10,JoinHeavy,21,Q5,SELECT,8279.7185,True
5,10,JoinHeavy,22,I_customer,INSERT,7.4315,True
5,10,JoinHeavy,23,I_customer,INSERT,0.2044,True
5,10,JoinHeavy,24,I_customer,INSERT,0.1548,True
5,10,JoinHeavy,25,I_customer,INSERT,0.133,True
5,10,JoinHeavy,26,I_customer,INSERT,0.1315,True
5,10,JoinHeavy,27,I_customer,INSERT,0.1192,True
5,10,JoinHeavy,28,I_customer,INSERT,0.1286,True
5,10,JoinHeavy,29,I_customer,INSERT,0.1461,True
5,10,JoinHeavy,30,I_customer,INSERT,0.1666,True
5,10,JoinHeavy,31,I_customer,INSERT,0.1301,True
5,10,JoinHeavy,32,I_customer,INSERT,0.1336,True
5,10,JoinHeavy,33,I_customer,INSERT,0.1325,True
5,10,JoinHeavy,34,I_customer,INSERT,0.1163,True
5,10,JoinHeavy,35,I_customer,INSERT,0.1408,True
5,10,JoinHeavy,36,I_customer,INSERT,0.1135,True
5,10,JoinHeavy,37,I_customer,INSERT,0.114,True
5,10,JoinHeavy,38,I_customer,INSERT,0.1162,True
5,10,JoinHeavy,39,I_customer,INSERT,0.1378,True
5,11,JoinHeavy,0,Q18,SELECT,30696.1515,True
5,11,JoinHeavy,1,Q10,SELECT,12045.2633,True
5,11,JoinHeavy,2,Q5,SELECT,1044.1704,True
5,11,JoinHeavy,3,Q5,SELECT,905.7377,True
5,11,JoinHeavy,4,Q10,SELECT,11662.4563,True
5,11,JoinHeavy,5,Q7,SELECT,11639.3176,True
5,11,JoinHeavy,6,Q3,SELECT,12808.0717,True
5,11,JoinHeavy,7,Q10,SELECT,11848.4706,True
5,11,JoinHeavy,8,Q3,SELECT,12980.7098,True
5,11,JoinHeavy,9,Q3,SELECT,12952.2507,True
5,11,JoinHeavy,10,Q5,SELECT,7393.5663,True
5,11,JoinHeavy,11,Q3,SELECT,12269.3445,True
5,11,JoinHeavy,12,Q7,SELECT,12057.2984,True
5,11,JoinHeavy,13,Q10,SELECT,11939.3593,True
5,11,JoinHeavy,14,Q5,SELECT,8960.0075,True
5,11,JoinHeavy,15,Q18,SELECT,30133.9199,True
5,11,JoinHeavy,16,Q3,SELECT,12627.1009,True
5,11,JoinHeavy,17,Q5,SELECT,2038.5748,True
5,11,JoinHeavy,18,Q10,SELECT,11518.7853,True
5,11,JoinHeavy,19,Q3,SELECT,12242.183,True
5,11,JoinHeavy,20,Q5,SELECT,891.7379,True
5,11,JoinHeavy,21,Q3,SELECT,12269.2203,True
5,11,JoinHeavy,22,I_customer,INSERT,2.5695,True
5,11,JoinHeavy,23,I_customer,INSERT,0.3652,True
5,11,JoinHeavy,24,I_customer,INSERT,0.3222,True
5,11,JoinHeavy,25,I_customer,INSERT,0.2685,True
5,11,JoinHeavy,26,I_customer,INSERT,0.2663,True
5,11,JoinHeavy,27,I_customer,INSERT,0.2609,True
5,11,JoinHeavy,28,I_customer,INSERT,0.2131,True
5,11,JoinHeavy,29,I_customer,INSERT,0.2096,True
5,11,JoinHeavy,30,I_customer,INSERT,0.241,True
5,11,JoinHeavy,31,I_customer,INSERT,0.234,True
5,11,JoinHeavy,32,I_customer,INSERT,0.2219,True
5,11,JoinHeavy,33,I_customer,INSERT,0.8563,True
5,11,JoinHeavy,34,I_customer,INSERT,0.2363,True
5,11,JoinHeavy,35,I_customer,INSERT,0.2125,True
5,11,JoinHeavy,36,I_customer,INSERT,0.2141,True
5,11,JoinHeavy,37,I_customer,INSERT,0.2313,True
5,11,JoinHeavy,38,I_customer,INSERT,0.2132,True
5,11,JoinHeavy,39,I_customer,INSERT,0.221,True
5,12,JoinHeavy,0,Q7,SELECT,11324.6528,True
5,12,JoinHeavy,1,Q5,SELECT,8619.479,True
5,12,JoinHeavy,2,Q7,SELECT,11803.5755,True
5,12,JoinHeavy,3,Q3,SELECT,13109.0641,True
5,12,JoinHeavy,4,Q18,SELECT,30810.6289,True
5,12,JoinHeavy,5,Q5,SELECT,9549.627,True
5,12,JoinHeavy,6,Q3,SELECT,12215.251,True
5,12,JoinHeavy,7,Q7,SELECT,13012.6292,True
5,12,JoinHeavy,8,Q5,SELECT,9448.3007,True
5,12,JoinHeavy,9,Q3,SELECT,13059.2771,True
5,12,JoinHeavy,10,Q7,SELECT,13015.8579,True
5,12,JoinHeavy,11,Q18,SELECT,31614.8692,True
5,12,JoinHeavy,12,Q7,SELECT,8959.917,True
5,12,JoinHeavy,13,Q10,SELECT,12100.0217,True
5,12,JoinHeavy,14,Q7,SELECT,11972.5168,True
5,12,JoinHeavy,15,Q5,SELECT,8771.0464,True
5,12,JoinHeavy,16,Q5,SELECT,997.3606,True
5,12,JoinHeavy,17,Q18,SELECT,30596.8857,True
5,12,JoinHeavy,18,Q3,SELECT,12513.041,True
5,12,JoinHeavy,19,Q10,SELECT,12007.833,True
5,12,JoinHeavy,20,Q3,SELECT,12765.0615,True
5,12,JoinHeavy,21,Q10,SELECT,12114.7812,True
5,12,JoinHeavy,22,I_customer,INSERT,3.3445,True
5,12,JoinHeavy,23,I_customer,INSERT,0.3766,True
5,12,JoinHeavy,24,I_customer,INSERT,0.2474,True
5,12,JoinHeavy,25,I_customer,INSERT,0.2811,True
5,12,JoinHeavy,26,I_customer,INSERT,0.2784,True
5,12,JoinHeavy,27,I_customer,INSERT,0.2301,True
5,12,JoinHeavy,28,I_customer,INSERT,0.2246,True
5,12,JoinHeavy,29,I_customer,INSERT,0.2177,True
5,12,JoinHeavy,30,I_customer,INSERT,0.2439,True
5,12,JoinHeavy,31,I_customer,INSERT,0.1585,True
5,12,JoinHeavy,32,I_customer,INSERT,0.8864,True
5,12,JoinHeavy,33,I_customer,INSERT,0.1689,True
5,12,JoinHeavy,34,I_customer,INSERT,0.1418,True
5,12,JoinHeavy,35,I_customer,INSERT,0.1419,True
5,12,JoinHeavy,36,I_customer,INSERT,0.1413,True
5,12,JoinHeavy,37,I_customer,INSERT,0.1395,True
5,12,JoinHeavy,38,I_customer,INSERT,0.1485,True
5,12,JoinHeavy,39,I_customer,INSERT,0.1467,True
5,13,JoinHeavy,0,Q7,SELECT,11956.184,True
5,13,JoinHeavy,1,Q3,SELECT,12782.0422,True
5,13,JoinHeavy,2,Q7,SELECT,12407.2978,True
5,13,JoinHeavy,3,Q5,SELECT,9281.3207,True
5,13,JoinHeavy,4,Q7,SELECT,12504.8234,True
5,13,JoinHeavy,5,Q5,SELECT,10548.8995,True
5,13,JoinHeavy,6,Q10,SELECT,12580.3409,True
5,13,JoinHeavy,7,Q7,SELECT,12626.3723,True
5,13,JoinHeavy,8,Q3,SELECT,14262.3737,True
5,13,JoinHeavy,9,Q5,SELECT,11299.6689,True
5,13,JoinHeavy,10,Q3,SELECT,13690.4614,True
5,13,JoinHeavy,11,Q3,SELECT,12720.1427,True
5,13,JoinHeavy,12,Q10,SELECT,11973.0776,True
5,13,JoinHeavy,13,Q7,SELECT,11624.5034,True
5,13,JoinHeavy,14,Q7,SELECT,12332.1379,True
5,13,JoinHeavy,15,Q3,SELECT,14488.4754,True
5,13,JoinHeavy,16,Q5,SELECT,8345.0253,True
5,13,JoinHeavy,17,Q3,SELECT,13418.5718,True
5,13,JoinHeavy,18,Q3,SELECT,12719.5395,True
5,13,JoinHeavy,19,Q3,SELECT,12387.9589,True
5,13,JoinHeavy,20,Q10,SELECT,12415.8583,True
5,13,JoinHeavy,21,Q5,SELECT,1054.5253,True
5,13,JoinHeavy,22,I_customer,INSERT,2.7613,True
5,13,JoinHeavy,23,I_customer,INSERT,0.3608,True
5,13,JoinHeavy,24,I_customer,INSERT,0.2494,True
5,13,JoinHeavy,25,I_customer,INSERT,0.2472,True
5,13,JoinHeavy,26,I_customer,INSERT,0.3943,True
5,13,JoinHeavy,27,I_customer,INSERT,0.2222,True
5,13,JoinHeavy,28,I_customer,INSERT,0.2506,True
5,13,JoinHeavy,29,I_customer,INSERT,0.233,True
5,13,JoinHeavy,30,I_customer,INSERT,0.2523,True
5,13,JoinHeavy,31,I_customer,INSERT,0.2216,True
5,13,JoinHeavy,32,I_customer,INSERT,0.2324,True
5,13,JoinHeavy,33,I_customer,INSERT,0.2103,True
5,13,JoinHeavy,34,I_customer,INSERT,0.235,True
5,13,JoinHeavy,35,I_customer,INSERT,0.233,True
5,13,JoinHeavy,36,I_customer,INSERT,0.2412,True
5,13,JoinHeavy,37,I_customer,INSERT,0.1588,True
5,13,JoinHeavy,38,I_customer,INSERT,0.1649,True
5,13,JoinHeavy,39,I_customer,INSERT,0.1534,True
5,14,JoinHeavy,0,Q5,SELECT,1039.0719,True
5,14,JoinHeavy,1,Q3,SELECT,13000.7835,True
5,14,JoinHeavy,2,Q3,SELECT,13144.1965,True
5,14,JoinHeavy,3,Q3,SELECT,12702.6055,True
5,14,JoinHeavy,4,Q18,SELECT,29899.6094,True
5,14,JoinHeavy,5,Q7,SELECT,11643.6371,True
5,14,JoinHeavy,6,Q10,SELECT,11534.9831,True
5,14,JoinHeavy,7,Q10,SELECT,12523.4846,True
5,14,JoinHeavy,8,Q18,SELECT,30747.387,True
5,14,JoinHeavy,9,Q18,SELECT,30457.496,True
5,14,JoinHeavy,10,Q5,SELECT,8730.0953,True
5,14,JoinHeavy,11,Q10,SELECT,11179.5491,True
5,14,JoinHeavy,12,Q5,SELECT,906.6594,True
5,14,JoinHeavy,13,Q18,SELECT,29949.7996,True
5,14,JoinHeavy,14,Q7,SELECT,12305.9225,True
5,14,JoinHeavy,15,Q3,SELECT,12771.0971,True
5,14,JoinHeavy,16,Q10,SELECT,12020.978,True
5,14,JoinHeavy,17,Q10,SELECT,11738.3169,True
5,14,JoinHeavy,18,Q3,SELECT,13077.3218,True
5,14,JoinHeavy,19,Q3,SELECT,12771.2862,True
5,14,JoinHeavy,20,Q3,SELECT,12513.3002,True
5,14,JoinHeavy,21,Q7,SELECT,9565.3278,True
5,14,JoinHeavy,22,I_customer,INSERT,1.8708,True
5,14,JoinHeavy,23,I_customer,INSERT,0.4365,True
5,14,JoinHeavy,24,I_customer,INSERT,0.3592,True
5,14,JoinHeavy,25,I_customer,INSERT,0.278,True
5,14,JoinHeavy,26,I_customer,INSERT,0.2327,True
5,14,JoinHeavy,27,I_customer,INSERT,0.2387,True
5,14,JoinHeavy,28,I_customer,INSERT,0.2257,True
5,14,JoinHeavy,29,I_customer,INSERT,0.2426,True
5,14,JoinHeavy,30,I_customer,INSERT,0.2257,True
5,14,JoinHeavy,31,I_customer,INSERT,0.2365,True
5,14,JoinHeavy,32,I_customer,INSERT,0.193,True
5,14,JoinHeavy,33,I_customer,INSERT,0.144,True
5,14,JoinHeavy,34,I_customer,INSERT,0.1467,True
5,14,JoinHeavy,35,I_customer,INSERT,0.1391,True
5,14,JoinHeavy,36,I_customer,INSERT,0.1391,True
5,14,JoinHeavy,37,I_customer,INSERT,0.1499,True
5,14,JoinHeavy,38,I_customer,INSERT,0.1652,True
5,14,JoinHeavy,39,I_customer,INSERT,0.1609,True
5,15,JoinHeavy,0,Q7,SELECT,9542.5182,True
5,15,JoinHeavy,1,Q7,SELECT,12318.7762,True
5,15,JoinHeavy,2,Q3,SELECT,12485.4854,True
5,15,JoinHeavy,3,Q3,SELECT,12218.6741,True
5,15,JoinHeavy,4,Q5,SELECT,8226.161,True
5,15,JoinHeavy,5,Q3,SELECT,11668.6435,True
5,15,JoinHeavy,6,Q7,SELECT,12835.9444,True
5,15,JoinHeavy,7,Q7,SELECT,15870.0478,True
5,15,JoinHeavy,8,Q5,SELECT,10040.8233,True
5,15,JoinHeavy,9,Q3,SELECT,12485.171,True
5,15,JoinHeavy,10,Q3,SELECT,12847.7076,True
5,15,JoinHeavy,11,Q10,SELECT,12646.4491,True
5,15,JoinHeavy,12,Q5,SELECT,1384.2212,True
5,15,JoinHeavy,13,Q3,SELECT,13451.9646,True
5,15,JoinHeavy,14,Q5,SELECT,1058.6181,True
5,15,JoinHeavy,15,Q7,SELECT,12443.0809,True
5,15,JoinHeavy,16,Q3,SELECT,12844.5524,True
5,15,JoinHeavy,17,Q5,SELECT,8335.7047,True
5,15,JoinHeavy,18,Q5,SELECT,935.7777,True
5,15,JoinHeavy,19,Q18,SELECT,30384.0085,True
5,15,JoinHeavy,20,Q5,SELECT,1087.024,True
5,15,JoinHeavy,21,Q10,SELECT,11763.5887,True
5,15,JoinHeavy,22,I_customer,INSERT,1.8645,True
5,15,JoinHeavy,23,I_customer,INSERT,0.3778,True
5,15,JoinHeavy,24,I_customer,INSERT,0.28,True
5,15,JoinHeavy,25,I_customer,INSERT,0.2475,True
5,15,JoinHeavy,26,I_customer,INSERT,0.3209,True
5,15,JoinHeavy,27,I_customer,INSERT,0.2295,True
5,15,JoinHeavy,28,I_customer,INSERT,0.232,True
5,15,JoinHeavy,29,I_customer,INSERT,0.2223,True
5,15,JoinHeavy,30,I_customer,INSERT,2.2097,True
5,15,JoinHeavy,31,I_customer,INSERT,0.2258,True
5,15,JoinHeavy,32,I_customer,INSERT,0.2294,True
5,15,JoinHeavy,33,I_customer,INSERT,0.2285,True
5,15,JoinHeavy,34,I_customer,INSERT,0.2135,True
5,15,JoinHeavy,35,I_customer,INSERT,0.2283,True
5,15,JoinHeavy,36,I_customer,INSERT,0.2118,True
5,15,JoinHeavy,37,I_customer,INSERT,0.2242,True
5,15,JoinHeavy,38,I_customer,INSERT,0.2245,True
5,15,JoinHeavy,39,I_customer,INSERT,0.2204,True
5,16,Procurement,0,D_orders,DELETE,3.8483,True
5,16,Procurement,1,D_orders,DELETE,0.3639,True
5,16,Procurement,2,D_orders,DELETE,0.4,True
5,16,Procurement,3,D_orders,DELETE,0.3851,True
5,16,Procurement,4,Q17,SELECT,33979.353,True
5,16,Procurement,5,Q6,SELECT,18087.413,True
5,16,Procurement,6,Q17,SELECT,24901.2604,True
5,16,Procurement,7,Q6,SELECT,17577.3523,True
5,16,Procurement,8,Q11,SELECT,1496.089,True
5,16,Procurement,9,Q6,SELECT,18129.2779,True
5,16,Procurement,10,Q17,SELECT,19661.9755,True
5,16,Procurement,11,Q11,SELECT,1571.8027,True
5,16,Procurement,12,Q17,SELECT,16734.1133,True
5,16,Procurement,13,Q11,SELECT,509.27,True
5,16,Procurement,14,Q17,SELECT,16019.1425,True
5,16,Procurement,15,Q17,SELECT,16134.5182,True
5,16,Procurement,16,Q11,SELECT,516.6285,True
5,16,Procurement,17,Q1,SELECT,5573.1201,True
5,16,Procurement,18,Q6,SELECT,15127.2587,True
5,16,Procurement,19,Q11,SELECT,1487.0804,True
5,16,Procurement,20,Q14,SELECT,3224.0102,True
5,16,Procurement,21,Q17,SELECT,20277.4418,True
5,16,Procurement,22,Q6,SELECT,18857.8952,True
5,16,Procurement,23,Q6,SELECT,18210.8717,True
5,16,Procurement,24,Q1,SELECT,6089.8991,True
5,17,Procurement,0,D_orders,DELETE,5.2998,True
5,17,Procurement,1,D_orders,DELETE,0.5501,True
5,17,Procurement,2,D_orders,DELETE,0.6023,True
5,17,Procurement,3,D_orders,DELETE,1.3976,True
5,17,Procurement,4,Q17,SELECT,17289.6753,True
5,17,Procurement,5,Q11,SELECT,1536.5733,True
5,17,Procurement,6,Q14,SELECT,5318.8075,True
5,17,Procurement,7,Q11,SELECT,456.7773,True
5,17,Procurement,8,Q11,SELECT,461.7742,True
5,17,Procurement,9,Q6,SELECT,16694.6733,True
5,17,Procurement,10,Q6,SELECT,18335.1841,True
5,17,Procurement,11,Q11,SELECT,466.9951,True
5,17,Procurement,12,Q6,SELECT,17545.4785,True
5,17,Procurement,13,Q14,SELECT,4392.602,True
5,17,Procurement,14,Q17,SELECT,21102.2279,True
5,17,Procurement,15,Q17,SELECT,20189.888,True
5,17,Procurement,16,Q11,SELECT,1568.328,True
5,17,Procurement,17,Q17,SELECT,21331.9375,True
5,17,Procurement,18,Q11,SELECT,463.6205,True
5,17,Procurement,19,Q17,SELECT,17870.6075,True
5,17,Procurement,20,Q17,SELECT,17487.1643,True
5,17,Procurement,21,Q14,SELECT,1232.4584,True
5,17,Procurement,22,Q6,SELECT,16498.0934,True
5,17,Procurement,23,Q14,SELECT,6735.8756,True
5,17,Procurement,24,Q17,SELECT,19704.1891,True
5,18,Procurement,0,D_orders,DELETE,9.1108,True
5,18,Procurement,1,D_orders,DELETE,2.3166,True
5,18,Procurement,2,D_orders,DELETE,4.3029,True
5,18,Procurement,3,D_orders,DELETE,2.2417,True
5,18,Procurement,4,Q14,SELECT,788.3397,True
5,18,Procurement,5,Q1,SELECT,5407.7922,True
5,18,Procurement,6,Q6,SELECT,11816.4527,True
5,18,Procurement,7,Q11,SELECT,1653.5972,True
5,18,Procurement,8,Q11,SELECT,457.7169,True
5,18,Procurement,9,Q1,SELECT,8834.8382,True
5,18,Procurement,10,Q17,SELECT,22722.1782,True
5,18,Procurement,11,Q6,SELECT,16115.2269,True
5,18,Procurement,12,Q6,SELECT,13875.6637,True
5,18,Procurement,13,Q14,SELECT,5819.4407,True
5,18,Procurement,14,Q6,SELECT,14098.0593,True
5,18,Procurement,15,Q1,SELECT,6489.4592,True
5,18,Procurement,16,Q11,SELECT,1493.3068,True
5,18,Procurement,17,Q11,SELECT,459.4401,True
5,18,Procurement,18,Q11,SELECT,456.2631,True
5,18,Procurement,19,Q11,SELECT,474.6625,True
5,18,Procurement,20,Q6,SELECT,17940.6722,True
5,18,Procurement,21,Q1,SELECT,7428.8759,True
5,18,Procurement,22,Q17,SELECT,22294.3683,True
5,18,Procurement,23,Q17,SELECT,19373.8139,True
5,18,Procurement,24,Q11,SELECT,1542.2878,True
5,19,Procurement,0,D_orders,DELETE,5.66,True
5,19,Procurement,1,D_orders,DELETE,0.8126,True
5,19,Procurement,2,D_orders,DELETE,0.455,True
5,19,Procurement,3,D_orders,DELETE,0.4487,True
5,19,Procurement,4,Q1,SELECT,5884.6773,True
5,19,Procurement,5,Q11,SELECT,511.7627,True
5,19,Procurement,6,Q11,SELECT,511.9909,True
5,19,Procurement,7,Q17,SELECT,19086.585,True
5,19,Procurement,8,Q11,SELECT,473.6607,True
5,19,Procurement,9,Q11,SELECT,456.6154,True
5,19,Procurement,10,Q6,SELECT,18389.7374,True
5,19,Procurement,11,Q6,SELECT,17514.7797,True
5,19,Procurement,12,Q1,SELECT,6894.1149,True
5,19,Procurement,13,Q11,SELECT,531.6521,True
5,19,Procurement,14,Q6,SELECT,19688.3577,True
5,19,Procurement,15,Q11,SELECT,1485.8282,True
5,19,Procurement,16,Q14,SELECT,5677.0884,True
5,19,Procurement,17,Q11,SELECT,466.0675,True
5,19,Procurement,18,Q17,SELECT,22578.9506,True
5,19,Procurement,19,Q11,SELECT,518.2445,True
5,19,Procurement,20,Q17,SELECT,22298.9319,True
5,19,Procurement,21,Q17,SELECT,21963.3199,True
5,19,Procurement,22,Q11,SELECT,474.9063,True
5,19,Procurement,23,Q11,SELECT,454.9389,True
5,19,Procurement,24,Q17,SELECT,22155.7559,True
5,20,Procurement,0,D_orders,DELETE,5.5226,True
5,20,Procurement,1,D_orders,DELETE,0.5949,True
5,20,Procurement,2,D_orders,DELETE,0.4964,True
5,20,Procurement,3,D_orders,DELETE,0.506,True
5,20,Procurement,4,Q11,SELECT,486.6934,True
5,20,Procurement,5,Q11,SELECT,452.698,True
5,20,Procurement,6,Q11,SELECT,451.3736,True
5,20,Procurement,7,Q11,SELECT,452.1701,True
5,20,Procurement,8,Q6,SELECT,19954.6465,True
5,20,Procurement,9,Q6,SELECT,20294.5076,True
5,20,Procurement,10,Q6,SELECT,18735.1655,True
5,20,Procurement,11,Q17,SELECT,19351.6226,True
5,20,Procurement,12,Q1,SELECT,5422.2404,True
5,20,Procurement,13,Q6,SELECT,17821.1308,True
5,20,Procurement,14,Q11,SELECT,1500.5285,True
5,20,Procurement,15,Q11,SELECT,455.517,True
5,20,Procurement,16,Q11,SELECT,456.3253,True
5,20,Procurement,17,Q17,SELECT,19163.071,True
5,20,Procurement,18,Q17,SELECT,15318.8778,True
5,20,Procurement,19,Q17,SELECT,15067.0084,True
5,20,Procurement,20,Q11,SELECT,523.5188,True
5,20,Procurement,21,Q1,SELECT,5480.3994,True
5,20,Procurement,22,Q11,SELECT,507.3444,True
5,20,Procurement,23,Q6,SELECT,17476.4938,True
5,20,Procurement,24,Q11,SELECT,450.0743,True
5,21,Procurement,0,D_orders,DELETE,5.4853,True
5,21,Procurement,1,D_orders,DELETE,0.491,True
5,21,Procurement,2,D_orders,DELETE,0.429,True
5,21,Procurement,3,D_orders,DELETE,0.6622,True
5,21,Procurement,4,Q6,SELECT,18789.8378,True
5,21,Procurement,5,Q6,SELECT,17530.8481,True
5,21,Procurement,6,Q17,SELECT,18102.0316,True
5,21,Procurement,7,Q11,SELECT,1542.2633,True
5,21,Procurement,8,Q6,SELECT,14101.646,True
5,21,Procurement,9,Q14,SELECT,3835.2678,True
5,21,Procurement,10,Q14,SELECT,777.6507,True
5,21,Procurement,11,Q6,SELECT,12410.0407,True
5,21,Procurement,12,Q1,SELECT,5610.7054,True
5,21,Procurement,13,Q11,SELECT,1772.9141,True
5,21,Procurement,14,Q14,SELECT,1802.5342,True
5,21,Procurement,15,Q1,SELECT,7628.4488,True
5,21,Procurement,16,Q6,SELECT,17316.5684,True
5,21,Procurement,17,Q11,SELECT,1406.3203,True
5,21,Procurement,18,Q17,SELECT,20705.4151,True
5,21,Procurement,19,Q11,SELECT,498.5838,True
5,21,Procurement,20,Q17,SELECT,17261.132,True
5,21,Procurement,21,Q11,SELECT,493.2015,True
5,21,Procurement,22,Q17,SELECT,16866.6501,True
5,21,Procurement,23,Q17,SELECT,16942.3095,True
5,21,Procurement,24,Q14,SELECT,2165.2355,True
5,22,Procurement,0,D_orders,DELETE,5.0913,True
5,22,Procurement,1,D_orders,DELETE,1.4814,True
5,22,Procurement,2,D_orders,DELETE,0.6215,True
5,22,Procurement,3,D_orders,DELETE,0.4512,True
5,22,Procurement,4,Q6,SELECT,14158.5901,True
5,22,Procurement,5,Q17,SELECT,18140.0934,True
5,22,Procurement,6,Q14,SELECT,1463.3055,True
5,22,Procurement,7,Q11,SELECT,1496.0857,True
5,22,Procurement,8,Q14,SELECT,727.0795,True
5,22,Procurement,9,Q6,SELECT,14309.3798,True
5,22,Procurement,10,Q17,SELECT,22365.9083,True
5,22,Procurement,11,Q17,SELECT,23785.8907,True
5,22,Procurement,12,Q6,SELECT,13711.4727,True
5,22,Procurement,13,Q17,SELECT,18307.4225,True
5,22,Procurement,14,Q14,SELECT,3489.3277,True
5,22,Procurement,15,Q17,SELECT,16537.6957,True
5,22,Procurement,16,Q6,SELECT,8830.5195,True
5,22,Procurement,17,Q17,SELECT,19620.5348,True
5,22,Procurement,18,Q1,SELECT,5367.959,True
5,22,Procurement,19,Q1,SELECT,5768.5711,True
5,22,Procurement,20,Q6,SELECT,12905.3169,True
5,22,Procurement,21,Q17,SELECT,19088.8118,True
5,22,Procurement,22,Q11,SELECT,1513.9361,True
5,22,Procurement,23,Q11,SELECT,461.5611,True
5,22,Procurement,24,Q11,SELECT,460.1634,True
5,23,Procurement,0,D_orders,DELETE,6.4083,True
5,23,Procurement,1,D_orders,DELETE,1.2958,True
5,23,Procurement,2,D_orders,DELETE,0.4979,True
5,23,Procurement,3,D_orders,DELETE,0.4753,True
5,23,Procurement,4,Q11,SELECT,458.3726,True
5,23,Procurement,5,Q1,SELECT,7569.6998,True
5,23,Procurement,6,Q17,SELECT,21226.8313,True
5,23,Procurement,7,Q6,SELECT,12209.218,True
5,23,Procurement,8,Q14,SELECT,7377.8123,True
5,23,Procurement,9,Q6,SELECT,13781.7001,True
5,23,Procurement,10,Q14,SELECT,2566.9851,True
5,23,Procurement,11,Q6,SELECT,15105.3166,True
5,23,Procurement,12,Q1,SELECT,6761.2982,True
5,23,Procurement,13,Q17,SELECT,19610.9939,True
5,23,Procurement,14,Q1,SELECT,5352.5757,True
5,23,Procurement,15,Q17,SELECT,17889.2517,True
5,23,Procurement,16,Q11,SELECT,1548.0523,True
5,23,Procurement,17,Q17,SELECT,21283.1908,True
5,23,Procurement,18,Q14,SELECT,2238.0204,True
5,23,Procurement,19,Q6,SELECT,15183.0125,True
5,23,Procurement,20,Q11,SELECT,1498.4831,True
5,23,Procurement,21,Q6,SELECT,19289.8642,True
5,23,Procurement,22,Q17,SELECT,21237.1182,True
5,23,Procurement,23,Q6,SELECT,10719.1848,True
5,23,Procurement,24,Q11,SELECT,1490.2385,True
5,24,Customer,0,Q18,SELECT,24628.8438,True
5,24,Customer,1,U_customer,UPDATE,1.0097,True
5,24,Customer,2,Q3,SELECT,11694.0317,True
5,24,Customer,3,U_customer,UPDATE,0.6667,True
5,24,Customer,4,Q10,SELECT,10720.5763,True
5,24,Customer,5,U_customer,UPDATE,2.0646,True
5,24,Customer,6,Q3,SELECT,10835.1535,True
5,24,Customer,7,U_customer,UPDATE,1.3036,True
5,24,Customer,8,Q3,SELECT,10613.648,True
5,24,Customer,9,U_customer,UPDATE,0.8577,True
5,24,Customer,10,Q3,SELECT,9788.9559,True
5,24,Customer,11,U_customer,UPDATE,1.472,True
5,24,Customer,12,Q7,SELECT,13787.2697,True
5,24,Customer,13,U_customer,UPDATE,0.7755,True
5,24,Customer,14,Q18,SELECT,29469.5662,True
5,24,Customer,15,U_customer,UPDATE,1.0305,True
5,24,Customer,16,Q10,SELECT,11854.8936,True
5,24,Customer,17,U_customer,UPDATE,0.58,True
5,24,Customer,18,Q10,SELECT,12008.6549,True
5,24,Customer,19,U_customer,UPDATE,0.7529,True
5,25,Customer,0,Q7,SELECT,13888.46,True
5,25,Customer,1,U_customer,UPDATE,0.688,True
5,25,Customer,2,Q10,SELECT,11661.738,True
5,25,Customer,3,U_customer,UPDATE,1.4229,True
5,25,Customer,4,Q3,SELECT,13361.9711,True
5,25,Customer,5,U_customer,UPDATE,1.4489,True
5,25,Customer,6,Q3,SELECT,12199.8481,True
5,25,Customer,7,U_customer,UPDATE,0.7318,True
5,25,Customer,8,Q3,SELECT,12197.4874,True
5,25,Customer,9,U_customer,UPDATE,2.3158,True
5,25,Customer,10,Q3,SELECT,12156.1879,True
5,25,Customer,11,U_customer,UPDATE,1.1154,True
5,25,Customer,12,Q7,SELECT,12679.217,True
5,25,Customer,13,U_customer,UPDATE,2.0333,True
5,25,Customer,14,Q3,SELECT,12245.7582,True
5,25,Customer,15,U_customer,UPDATE,1.2,True
5,25,Customer,16,Q5,SELECT,7909.6709,True
5,25,Customer,17,U_customer,UPDATE,1.3068,True
5,25,Customer,18,Q10,SELECT,11582.2198,True
5,25,Customer,19,U_customer,UPDATE,2.2723,True
5,26,Customer,0,Q3,SELECT,12471.8243,True
5,26,Customer,1,U_customer,UPDATE,1.3166,True
5,26,Customer,2,Q3,SELECT,11820.016,True
5,26,Customer,3,U_customer,UPDATE,1.0812,True
5,26,Customer,4,Q3,SELECT,11988.8753,True
5,26,Customer,5,U_customer,UPDATE,1.491,True
5,26,Customer,6,Q10,SELECT,11645.0436,True
5,26,Customer,7,U_customer,UPDATE,2.4603,True
5,26,Customer,8,Q18,SELECT,29319.7711,True
5,26,Customer,9,U_customer,UPDATE,0.8777,True
5,26,Customer,10,Q18,SELECT,30634.7135,True
5,26,Customer,11,U_customer,UPDATE,0.8716,True
5,26,Customer,12,Q7,SELECT,12474.5184,True
5,26,Customer,13,U_customer,UPDATE,0.9307,True
5,26,Customer,14,Q18,SELECT,30293.0073,True
5,26,Customer,15,U_customer,UPDATE,9.9882,True
5,26,Customer,16,Q18,SELECT,30242.3634,True
5,26,Customer,17,U_customer,UPDATE,1.6901,True
5,26,Customer,18,Q18,SELECT,30456.8007,True
5,26,Customer,19,U_customer,UPDATE,3.6215,True
5,27,Customer,0,Q10,SELECT,12465.7869,True
5,27,Customer,1,U_customer,UPDATE,1.6063,True
5,27,Customer,2,Q5,SELECT,8587.284,True
5,27,Customer,3,U_customer,UPDATE,0.9593,True
5,27,Customer,4,Q10,SELECT,12093.1277,True
5,27,Customer,5,U_customer,UPDATE,1.9977,True
5,27,Customer,6,Q7,SELECT,12537.1301,True
5,27,Customer,7,U_customer,UPDATE,3.0646,True
5,27,Customer,8,Q18,SELECT,31715.7976,True
5,27,Customer,9,U_customer,UPDATE,1.6013,True
5,27,Customer,10,Q10,SELECT,12608.8198,True
5,27,Customer,11,U_customer,UPDATE,2.0882,True
5,27,Customer,12,Q3,SELECT,13488.5738,True
5,27,Customer,13,U_customer,UPDATE,1.035,True
5,27,Customer,14,Q3,SELECT,13040.6269,True
5,27,Customer,15,U_customer,UPDATE,0.8132,True
5,27,Customer,16,Q3,SELECT,13016.7155,True
5,27,Customer,17,U_customer,UPDATE,0.7513,True
5,27,Customer,18,Q3,SELECT,13433.6016,True
5,27,Customer,19,U_customer,UPDATE,0.8201,True
5,28,Customer,0,Q3,SELECT,13005.6694,True
5,28,Customer,1,U_customer,UPDATE,1.2268,True
5,28,Customer,2,Q3,SELECT,13028.893,True
5,28,Customer,3,U_customer,UPDATE,0.899,True
5,28,Customer,4,Q10,SELECT,12710.3929,True
5,28,Customer,5,U_customer,UPDATE,3.1288,True
5,28,Customer,6,Q3,SELECT,12903.8276,True
5,28,Customer,7,U_customer,UPDATE,1.9948,True
5,28,Customer,8,Q3,SELECT,12903.598,True
5,28,Customer,9,U_customer,UPDATE,0.8609,True
5,28,Customer,10,Q18,SELECT,30394.2037,True
5,28,Customer,11,U_customer,UPDATE,2.4993,True
5,28,Customer,12,Q18,SELECT,30762.3868,True
5,28,Customer,13,U_customer,UPDATE,4.0903,True
5,28,Customer,14,Q18,SELECT,30243.2652,True
5,28,Customer,15,U_customer,UPDATE,1.395,True
5,28,Customer,16,Q5,SELECT,9390.7298,True
5,28,Customer,17,U_customer,UPDATE,1.824,True
5,28,Customer,18,Q7,SELECT,11850.1005,True
5,28,Customer,19,U_customer,UPDATE,0.7556,True
5,29,Customer,0,Q3,SELECT,12502.7455,True
5,29,Customer,1,U_customer,UPDATE,2.4205,True
5,29,Customer,2,Q3,SELECT,12656.3223,True
5,29,Customer,3,U_customer,UPDATE,1.3414,True
5,29,Customer,4,Q18,SELECT,31284.9384,True
5,29,Customer,5,U_customer,UPDATE,1.7182,True
5,29,Customer,6,Q18,SELECT,30363.734,True
5,29,Customer,7,U_customer,UPDATE,1.3692,True
5,29,Customer,8,Q10,SELECT,12253.8332,True
5,29,Customer,9,U_customer,UPDATE,0.6825,True
5,29,Customer,10,Q3,SELECT,13140.3515,True
5,29,Customer,11,U_customer,UPDATE,1.2988,True
5,29,Customer,12,Q18,SELECT,30498.2203,True
5,29,Customer,13,U_customer,UPDATE,1.0915,True
5,29,Customer,14,Q10,SELECT,11955.8952,True
5,29,Customer,15,U_customer,UPDATE,1.0084,True
5,29,Customer,16,Q18,SELECT,30369.5891,True
5,29,Customer,17,U_customer,UPDATE,2.8244,True
5,29,Customer,18,Q3,SELECT,13646.5704,True
5,29,Customer,19,U_customer,UPDATE,0.7933,True
5,30,Customer,0,Q18,SELECT,31673.209,True
5,30,Customer,1,U_customer,UPDATE,0.9907,True
5,30,Customer,2,Q3,SELECT,12713.7848,True
5,30,Customer,3,U_customer,UPDATE,1.106,True
5,30,Customer,4,Q10,SELECT,11982.4701,True
5,30,Customer,5,U_customer,UPDATE,0.8923,True
5,30,Customer,6,Q10,SELECT,12079.7998,True
5,30,Customer,7,U_customer,UPDATE,1.7673,True
5,30,Customer,8,Q3,SELECT,12904.5137,True
5,30,Customer,9,U_customer,UPDATE,0.7413,True
5,30,Customer,10,Q5,SELECT,8328.2303,True
5,30,Customer,11,U_customer,UPDATE,1.9897,True
5,30,Customer,12,Q10,SELECT,11773.2996,True
5,30,Customer,13,U_customer,UPDATE,2.6525,True
5,30,Customer,14,Q5,SELECT,913.8598,True
5,30,Customer,15,U_customer,UPDATE,1.3341,True
5,30,Customer,16,Q7,SELECT,11108.1936,True
5,30,Customer,17,U_customer,UPDATE,1.2734,True
5,30,Customer,18,Q10,SELECT,11730.5136,True
5,30,Customer,19,U_customer,UPDATE,1.2388,True
5,31,Customer,0,Q10,SELECT,11852.8422,True
5,31,Customer,1,U_customer,UPDATE,1.7588,True
5,31,Customer,2,Q5,SELECT,8328.413,True
5,31,Customer,3,U_customer,UPDATE,2.0755,True
5,31,Customer,4,Q18,SELECT,29627.8092,True
5,31,Customer,5,U_customer,UPDATE,2.102,True
5,31,Customer,6,Q10,SELECT,11312.9565,True
5,31,Customer,7,U_customer,UPDATE,1.2073,True
5,31,Customer,8,Q3,SELECT,12188.962,True
5,31,Customer,9,U_customer,UPDATE,0.8801,True
5,31,Customer,10,Q18,SELECT,29993.7745,True
5,31,Customer,11,U_customer,UPDATE,1.3093,True
5,31,Customer,12,Q18,SELECT,29782.4909,True
5,31,Customer,13,U_customer,UPDATE,1.7867,True
5,31,Customer,14,Q18,SELECT,30648.7843,True
5,31,Customer,15,U_customer,UPDATE,0.4232,True
5,31,Customer,16,Q7,SELECT,12807.8921,True
5,31,Customer,17,U_customer,UPDATE,1.0425,True
5,31,Customer,18,Q10,SELECT,11701.6509,True
5,31,Customer,19,U_customer,UPDATE,1.0294,True
