run,window,phase,seq,query,op_type,exec_ms,ok
1,0,Reporting,0,U_orders,UPDATE,0.6083,True
1,0,Reporting,1,Q1,SELECT,523.4348,True
1,0,Reporting,2,Q1,SELECT,513.736,True
1,0,Reporting,3,U_orders,UPDATE,1.3123,True
1,0,Reporting,4,U_orders,UPDATE,0.4378,True
1,0,Reporting,5,Q14,SELECT,182.4661,True
1,0,Reporting,6,Q1,SELECT,511.403,True
1,0,Reporting,7,Q14,SELECT,180.1489,True
1,0,Reporting,8,Q14,SELECT,180.8885,True
1,0,Reporting,9,Q14,SELECT,183.5862,True
1,0,Reporting,10,Q6,SELECT,179.0777,True
1,0,Reporting,11,Q4,SELECT,371.2454,True
1,0,Reporting,12,Q6,SELECT,178.0495,True
1,0,Reporting,13,U_orders,UPDATE,0.7689,True
1,0,Reporting,14,Q6,SELECT,177.3584,True
1,0,Reporting,15,Q14,SELECT,180.7556,True
1,0,Reporting,16,Q1,SELECT,529.404,True
1,0,Reporting,17,Q1,SELECT,526.2877,True
1,0,Reporting,18,Q14,SELECT,182.5316,True
1,0,Reporting,19,Q1,SELECT,518.1659,True
1,0,Reporting,20,Q1,SELECT,523.1087,True
1,0,Reporting,21,Q14,SELECT,181.3685,True
1,0,Reporting,22,Q6,SELECT,181.2384,True
1,0,Reporting,23,Q1,SELECT,557.8052,True
1,0,Reporting,24,Q1,SELECT,543.0533,True
1,0,Reporting,25,U_orders,UPDATE,0.7788,True
1,0,Reporting,26,Q14,SELECT,180.6097,True
1,0,Reporting,27,U_orders,UPDATE,0.468,True
1,0,Reporting,28,Q4,SELECT,99.2511,True
1,0,Reporting,29,Q14,SELECT,180.3775,True
1,1,Reporting,0,Q6,SELECT,179.4584,True
1,1,Reporting,1,Q1,SELECT,529.3777,True
1,1,Reporting,2,Q12,SELECT,230.8602,True
1,1,Reporting,3,Q12,SELECT,229.7602,True
1,1,Reporting,4,Q6,SELECT,179.332,True
1,1,Reporting,5,Q14,SELECT,179.7888,True
1,1,Reporting,6,Q6,SELECT,179.0469,True
1,1,Reporting,7,U_orders,UPDATE,0.7809,True
1,1,Reporting,8,Q6,SELECT,177.7426,True
1,1,Reporting,9,Q14,SELECT,182.0221,True
1,1,Reporting,10,Q1,SELECT,525.3068,True
1,1,Reporting,11,Q1,SELECT,519.2559,True
1,1,Reporting,12,Q1,SELECT,522.7966,True
1,1,Reporting,13,U_orders,UPDATE,0.7842,True
1,1,Reporting,14,U_orders,UPDATE,0.2487,True
1,1,Reporting,15,Q14,SELECT,179.8978,True
1,1,Reporting,16,Q12,SELECT,229.334,True
1,1,Reporting,17,Q14,SELECT,179.6736,True
1,1,Reporting,18,U_orders,UPDATE,0.7182,True
1,1,Reporting,19,Q6,SELECT,178.4935,True
1,1,Reporting,20,Q1,SELECT,528.6898,True
1,1,Reporting,21,Q14,SELECT,180.4355,True
1,1,Reporting,22,Q6,SELECT,180.0525,True
1,1,Reporting,23,U_orders,UPDATE,0.7278,True
1,1,Reporting,24,Q12,SELECT,228.5997,True
1,1,Reporting,25,Q1,SELECT,526.105,True
1,1,Reporting,26,Q6,SELECT,181.1331,True
1,1,Reporting,27,Q1,SELECT,520.8953,True
1,1,Reporting,28,Q6,SELECT,179.5947,True
1,1,Reporting,29,U_orders,UPDATE,0.7895,True
1,2,Reporting,0,Q1,SELECT,526.6902,True
1,2,Reporting,1,Q6,SELECT,179.8387,True
1,2,Reporting,2,Q4,SELECT,93.8113,True
1,2,Reporting,3,Q6,SELECT,181.2126,True
1,2,Reporting,4,Q1,SELECT,522.886,True
1,2,Reporting,5,Q12,SELECT,231.2024,True
1,2,Reporting,6,Q12,SELECT,231.3632,True
1,2,Reporting,7,Q1,SELECT,527.8218,True
1,2,Reporting,8,Q6,SELECT,181.29,True
1,2,Reporting,9,Q12,SELECT,233.3093,True
1,2,Reporting,10,U_orders,UPDATE,0.7176,True
1,2,Reporting,11,Q1,SELECT,527.0747,True
1,2,Reporting,12,Q12,SELECT,233.7609,True
1,2,Reporting,13,U_orders,UPDATE,0.7686,True
1,2,Reporting,14,Q4,SELECT,92.8442,True
1,2,Reporting,15,U_orders,UPDATE,0.7605,True
1,2,Reporting,16,Q12,SELECT,232.2589,True
1,2,Reporting,17,Q1,SELECT,520.636,True
1,2,Reporting,18,Q12,SELECT,230.5629,True
1,2,Reporting,19,U_orders,UPDATE,0.4869,True
1,2,Reporting,20,Q4,SELECT,91.8882,True
1,2,Reporting,21,Q1,SELECT,546.6653,True
1,2,Reporting,22,Q1,SELECT,529.2196,True
1,2,Reporting,23,Q14,SELECT,178.486,True
1,2,Reporting,24,U_orders,UPDATE,0.6863,True
1,2,Reporting,25,Q1,SELECT,521.849,True
1,2,Reporting,26,Q1,SELECT,541.0572,True
1,2,Reporting,27,U_orders,UPDATE,1.3055,True
1,2,Reporting,28,Q6,SELECT,179.5461,True
1,2,Reporting,29,Q14,SELECT,180.9985,True
1,3,Reporting,0,Q1,SELECT,523.4895,True
1,3,Reporting,1,Q12,SELECT,230.0658,True
1,3,Reporting,2,U_orders,UPDATE,0.5991,True
1,3,Reporting,3,Q14,SELECT,180.1992,True
1,3,Reporting,4,Q6,SELECT,179.8013,True
1,3,Reporting,5,Q1,SELECT,524.7696,True
1,3,Reporting,6,Q6,SELECT,179.6287,True
1,3,Reporting,7,Q1,SELECT,522.6855,True
1,3,Reporting,8,Q14,SELECT,180.7048,True
1,3,Reporting,9,U_orders,UPDATE,1.1538,True
1,3,Reporting,10,Q14,SELECT,180.8423,True
1,3,Reporting,11,Q6,SELECT,180.3802,True
1,3,Reporting,12,U_orders,UPDATE,1.2282,True
1,3,Reporting,13,Q1,SELECT,527.3077,True
1,3,Reporting,14,Q1,SELECT,524.2055,True
1,3,Reporting,15,U_orders,UPDATE,0.7127,True
1,3,Reporting,16,Q6,SELECT,179.2307,True
1,3,Reporting,17,Q6,SELECT,179.3909,True
1,3,Reporting,18,Q12,SELECT,232.3195,True
1,3,Reporting,19,Q6,SELECT,179.6392,True
1,3,Reporting,20,Q14,SELECT,179.8864,True
1,3,Reporting,21,U_orders,UPDATE,0.7712,True
1,3,Reporting,22,Q14,SELECT,179.9978,True
1,3,Reporting,23,Q1,SELECT,526.984,True
1,3,Reporting,24,Q14,SELECT,179.762,True
1,3,Reporting,25,Q1,SELECT,522.1089,True
1,3,Reporting,26,Q14,SELECT,180.6194,True
1,3,Reporting,27,Q6,SELECT,180.3969,True
1,3,Reporting,28,Q1,SELECT,530.6724,True
1,3,Reporting,29,U_orders,UPDATE,0.3337,True
1,4,Reporting,0,Q1,SELECT,525.2303,True
1,4,Reporting,1,Q1,SELECT,521.8576,True
1,4,Reporting,2,Q14,SELECT,180.3811,True
1,4,Reporting,3,Q1,SELECT,537.1672,True
1,4,Reporting,4,U_orders,UPDATE,0.7555,True
1,4,Reporting,5,Q6,SELECT,181.1379,True
1,4,Reporting,6,Q14,SELECT,183.3064,True
1,4,Reporting,7,Q1,SELECT,526.2139,True
1,4,Reporting,8,Q14,SELECT,180.582,True
1,4,Reporting,9,Q6,SELECT,180.6093,True
1,4,Reporting,10,Q6,SELECT,179.7367,True
1,4,Reporting,11,Q12,SELECT,233.765,True
1,4,Reporting,12,Q14,SELECT,183.4889,True
1,4,Reporting,13,Q4,SELECT,94.4315,True
1,4,Reporting,14,U_orders,UPDATE,0.3796,True
1,4,Reporting,15,Q14,SELECT,181.4417,True
1,4,Reporting,16,Q1,SELECT,530.1325,True
1,4,Reporting,17,Q1,SELECT,532.2333,True
1,4,Reporting,18,U_orders,UPDATE,0.7833,True
1,4,Reporting,19,Q4,SELECT,93.7623,True
1,4,Reporting,20,Q1,SELECT,526.9199,True
1,4,Reporting,21,U_orders,UPDATE,0.7357,True
1,4,Reporting,22,Q6,SELECT,178.9381,True
1,4,Reporting,23,Q14,SELECT,182.2818,True
1,4,Reporting,24,U_orders,UPDATE,0.7903,True
1,4,Reporting,25,Q12,SELECT,230.8173,True
1,4,Reporting,26,U_orders,UPDATE,0.7198,True
1,4,Reporting,27,Q4,SELECT,93.3924,True
1,4,Reporting,28,Q12,SELECT,233.2249,True
1,4,Reporting,29,Q1,SELECT,520.9978,True
1,5,Reporting,0,Q14,SELECT,181.8496,True
1,5,Reporting,1,U_orders,UPDATE,0.7581,True
1,5,Reporting,2,Q4,SELECT,93.7114,True
1,5,Reporting,3,U_orders,UPDATE,0.7627,True
1,5,Reporting,4,Q1,SELECT,524.888,True
1,5,Reporting,5,Q1,SELECT,526.2587,True
1,5,Reporting,6,Q4,SELECT,93.3694,True
1,5,Reporting,7,U_orders,UPDATE,0.7401,True
1,5,Reporting,8,Q12,SELECT,229.9407,True
1,5,Reporting,9,Q14,SELECT,181.9196,True
1,5,Reporting,10,Q14,SELECT,181.4792,True
1,5,Reporting,11,Q1,SELECT,525.0289,True
1,5,Reporting,12,Q12,SELECT,235.9346,True
1,5,Reporting,13,Q1,SELECT,524.1853,True
1,5,Reporting,14,Q6,SELECT,181.1541,True
1,5,Reporting,15,Q6,SELECT,179.538,True
1,5,Reporting,16,Q1,SELECT,529.3531,True
1,5,Reporting,17,Q12,SELECT,232.6242,True
1,5,Reporting,18,U_orders,UPDATE,0.77,True
1,5,Reporting,19,Q12,SELECT,230.1861,True
1,5,Reporting,20,Q4,SELECT,93.8708,True
1,5,Reporting,21,Q1,SELECT,531.1464,True
1,5,Reporting,22,Q6,SELECT,180.8444,True
1,5,Reporting,23,Q6,SELECT,180.4413,True
1,5,Reporting,24,U_orders,UPDATE,0.769,True
1,5,Reporting,25,Q6,SELECT,179.7992,True
1,5,Reporting,26,Q1,SELECT,538.8146,True
1,5,Reporting,27,Q12,SELECT,230.8982,True
1,5,Reporting,28,U_orders,UPDATE,0.7646,True
1,5,Reporting,29,Q1,SELECT,528.8428,True
1,6,Reporting,0,Q14,SELECT,182.9331,True
1,6,Reporting,1,Q4,SELECT,94.8468,True
1,6,Reporting,2,Q14,SELECT,180.988,True
1,6,Reporting,3,Q14,SELECT,180.931,True
1,6,Reporting,4,Q1,SELECT,530.2564,True
1,6,Reporting,5,Q1,SELECT,520.5795,True
1,6,Reporting,6,Q6,SELECT,181.2332,True
1,6,Reporting,7,Q6,SELECT,180.6712,True
1,6,Reporting,8,U_orders,UPDATE,0.4846,True
1,6,Reporting,9,Q1,SELECT,527.5487,True
1,6,Reporting,10,Q14,SELECT,181.7464,True
1,6,Reporting,11,Q6,SELECT,179.757,True
1,6,Reporting,12,U_orders,UPDATE,0.7494,True
1,6,Reporting,13,Q14,SELECT,180.102,True
1,6,Reporting,14,Q12,SELECT,231.5049,True
1,6,Reporting,15,Q6,SELECT,181.3613,True
1,6,Reporting,16,Q1,SELECT,526.4221,True
1,6,Reporting,17,Q6,SELECT,178.5735,True
1,6,Reporting,18,U_orders,UPDATE,0.7875,True
1,6,Reporting,19,Q14,SELECT,181.434,True
1,6,Reporting,20,Q4,SELECT,94.6245,True
1,6,Reporting,21,Q1,SELECT,525.6217,True
1,6,Reporting,22,Q6,SELECT,182.6648,True
1,6,Reporting,23,Q1,SELECT,524.0382,True
1,6,Reporting,24,Q1,SELECT,531.0752,True
1,6,Reporting,25,U_orders,UPDATE,0.7715,True
1,6,Reporting,26,Q6,SELECT,180.181,True
1,6,Reporting,27,U_orders,UPDATE,0.7009,True
1,6,Reporting,28,Q6,SELECT,180.2268,True
1,6,Reporting,29,U_orders,UPDATE,0.3524,True
1,7,Reporting,0,Q6,SELECT,180.7666,True
1,7,Reporting,1,Q6,SELECT,179.9799,True
1,7,Reporting,2,U_orders,UPDATE,0.7319,True
1,7,Reporting,3,Q6,SELECT,179.503,True
1,7,Reporting,4,Q12,SELECT,231.6527,True
1,7,Reporting,5,Q14,SELECT,181.8111,True
1,7,Reporting,6,Q1,SELECT,522.4318,True
1,7,Reporting,7,U_orders,UPDATE,0.7675,True
1,7,Reporting,8,Q14,SELECT,181.3041,True
1,7,Reporting,9,Q14,SELECT,180.1067,True
1,7,Reporting,10,Q4,SELECT,94.2911,True
1,7,Reporting,11,Q1,SELECT,527.0701,True
1,7,Reporting,12,Q14,SELECT,180.7937,True
1,7,Reporting,13,Q12,SELECT,232.0198,True
1,7,Reporting,14,U_orders,UPDATE,0.4248,True
1,7,Reporting,15,Q12,SELECT,231.5427,True
1,7,Reporting,16,Q1,SELECT,519.6307,True
1,7,Reporting,17,Q4,SELECT,93.7046,True
1,7,Reporting,18,Q4,SELECT,93.5842,True
1,7,Reporting,19,Q6,SELECT,182.1657,True
1,7,Reporting,20,Q14,SELECT,185.1639,True
1,7,Reporting,21,U_orders,UPDATE,0.6091,True
1,7,Reporting,22,U_orders,UPDATE,0.1765,True
1,7,Reporting,23,Q14,SELECT,181.3679,True
1,7,Reporting,24,Q14,SELECT,181.0638,True
1,7,Reporting,25,Q12,SELECT,232.685,True
1,7,Reporting,26,Q1,SELECT,528.0598,True
1,7,Reporting,27,Q1,SELECT,527.5082,True
1,7,Reporting,28,Q1,SELECT,530.9496,True
1,7,Reporting,29,U_orders,UPDATE,0.775,True
1,8,JoinHeavy,0,Q3,SELECT,259.4874,True
1,8,JoinHeavy,1,Q7,SELECT,146.9138,True
1,8,JoinHeavy,2,Q18,SELECT,2293.0878,True
1,8,JoinHeavy,3,Q7,SELECT,151.5451,True
1,8,JoinHeavy,4,Q5,SELECT,106.5703,True
1,8,JoinHeavy,5,Q5,SELECT,108.2784,True
1,8,JoinHeavy,6,Q3,SELECT,252.0516,True
1,8,JoinHeavy,7,Q10,SELECT,270.8682,True
1,8,JoinHeavy,8,Q5,SELECT,103.7155,True
1,8,JoinHeavy,9,Q10,SELECT,267.119,True
1,8,JoinHeavy,10,Q3,SELECT,252.5108,True
1,8,JoinHeavy,11,Q3,SELECT,249.1578,True
1,8,JoinHeavy,12,Q10,SELECT,265.4896,True
1,8,JoinHeavy,13,Q10,SELECT,266.1647,True
1,8,JoinHeavy,14,Q7,SELECT,147.3162,True
1,8,JoinHeavy,15,Q3,SELECT,251.6753,True
1,8,JoinHeavy,16,Q5,SELECT,103.134,True
1,8,JoinHeavy,17,Q5,SELECT,103.3465,True
1,8,JoinHeavy,18,Q5,SELECT,103.221,True
1,8,JoinHeavy,19,Q10,SELECT,267.3983,True
1,8,JoinHeavy,20,Q18,SELECT,2172.3653,True
1,8,JoinHeavy,21,Q5,SELECT,102.6709,True
1,8,JoinHeavy,22,I_customer,INSERT,1.5907,True
1,8,JoinHeavy,23,I_customer,INSERT,0.3047,True
1,8,JoinHeavy,24,I_customer,INSERT,0.2662,True
1,8,JoinHeavy,25,I_customer,INSERT,0.2671,True
1,8,JoinHeavy,26,I_customer,INSERT,0.285,True
1,8,JoinHeavy,27,I_customer,INSERT,0.2339,True
1,8,JoinHeavy,28,I_customer,INSERT,0.2223,True
1,8,JoinHeavy,29,I_customer,INSERT,0.2233,True
1,8,JoinHeavy,30,I_customer,INSERT,0.2157,True
1,8,JoinHeavy,31,I_customer,INSERT,0.2165,True
1,8,JoinHeavy,32,I_customer,INSERT,0.2078,True
1,8,JoinHeavy,33,I_customer,INSERT,0.2151,True
1,8,JoinHeavy,34,I_customer,INSERT,0.2085,True
1,8,JoinHeavy,35,I_customer,INSERT,0.2111,True
1,8,JoinHeavy,36,I_customer,INSERT,0.2117,True
1,8,JoinHeavy,37,I_customer,INSERT,0.2147,True
1,8,JoinHeavy,38,I_customer,INSERT,0.1887,True
1,8,JoinHeavy,39,I_customer,INSERT,0.1504,True
1,9,JoinHeavy,0,Q7,SELECT,148.016,True
1,9,JoinHeavy,1,Q18,SELECT,2167.0548,True
1,9,JoinHeavy,2,Q10,SELECT,263.702,True
1,9,JoinHeavy,3,Q10,SELECT,264.2753,True
1,9,JoinHeavy,4,Q18,SELECT,2152.0884,True
1,9,JoinHeavy,5,Q5,SELECT,102.3117,True
1,9,JoinHeavy,6,Q3,SELECT,248.9844,True
1,9,JoinHeavy,7,Q10,SELECT,265.39,True
1,9,JoinHeavy,8,Q10,SELECT,267.9112,True
1,9,JoinHeavy,9,Q5,SELECT,105.7932,True
1,9,JoinHeavy,10,Q3,SELECT,248.6341,True
1,9,JoinHeavy,11,Q10,SELECT,268.2463,True
1,9,JoinHeavy,12,Q3,SELECT,249.5459,True
1,9,JoinHeavy,13,Q3,SELECT,247.4417,True
1,9,JoinHeavy,14,Q3,SELECT,247.8552,True
1,9,JoinHeavy,15,Q3,SELECT,249.6149,True
1,9,JoinHeavy,16,Q7,SELECT,146.4565,True
1,9,JoinHeavy,17,Q18,SELECT,2173.8957,True
1,9,JoinHeavy,18,Q3,SELECT,244.5951,True
1,9,JoinHeavy,19,Q5,SELECT,101.077,True
1,9,JoinHeavy,20,Q10,SELECT,266.502,True
1,9,JoinHeavy,21,Q5,SELECT,104.0354,True
1,9,JoinHeavy,22,I_customer,INSERT,0.7584,True
1,9,JoinHeavy,23,I_customer,INSERT,0.2752,True
1,9,JoinHeavy,24,I_customer,INSERT,0.232,True
1,9,JoinHeavy,25,I_customer,INSERT,0.2288,True
1,9,JoinHeavy,26,I_customer,INSERT,0.2233,True
1,9,JoinHeavy,27,I_customer,INSERT,0.2177,True
1,9,JoinHeavy,28,I_customer,INSERT,0.2179,True
1,9,JoinHeavy,29,I_customer,INSERT,0.2236,True
1,9,JoinHeavy,30,I_customer,INSERT,0.2191,True
1,9,JoinHeavy,31,I_customer,INSERT,0.2153,True
1,9,JoinHeavy,32,I_customer,INSERT,0.2166,True
1,9,JoinHeavy,33,I_customer,INSERT,0.2174,True
1,9,JoinHeavy,34,I_customer,INSERT,0.2156,True
1,9,JoinHeavy,35,I_customer,INSERT,0.2258,True
1,9,JoinHeavy,36,I_customer,INSERT,0.2192,True
1,9,JoinHeavy,37,I_customer,INSERT,0.2245,True
1,9,JoinHeavy,38,I_customer,INSERT,0.1721,True
1,9,JoinHeavy,39,I_customer,INSERT,0.3683,True
1,10,JoinHeavy,0,Q7,SELECT,146.947,True
1,10,JoinHeavy,1,Q5,SELECT,103.5288,True
1,10,JoinHeavy,2,Q5,SELECT,103.3431,True
1,10,JoinHeavy,3,Q7,SELECT,146.9747,True
1,10,JoinHeavy,4,Q7,SELECT,146.6333,True
1,10,JoinHeavy,5,Q5,SELECT,103.1669,True
1,10,JoinHeavy,6,Q5,SELECT,104.1083,True
1,10,JoinHeavy,7,Q5,SELECT,103.3174,True
1,10,JoinHeavy,8,Q7,SELECT,146.3896,True
1,10,JoinHeavy,9,Q7,SELECT,146.5371,True
1,10,JoinHeavy,10,Q18,SELECT,2127.76,True
1,10,JoinHeavy,11,Q7,SELECT,146.5732,True
1,10,JoinHeavy,12,Q10,SELECT,263.3837,True
1,10,JoinHeavy,13,Q3,SELECT,259.4062,True
1,10,JoinHeavy,14,Q3,SELECT,249.6806,True
1,10,JoinHeavy,15,Q3,SELECT,249.1156,True
1,10,JoinHeavy,16,Q10,SELECT,266.2612,True
1,10,JoinHeavy,17,Q5,SELECT,104.4199,True
1,10,JoinHeavy,18,Q5,SELECT,103.4942,True
1,10,JoinHeavy,19,Q5,SELECT,104.2215,True
1,10,JoinHeavy,20,Q3,SELECT,250.5582,True
1,10,JoinHeavy,21,Q7,SELECT,146.3342,True
1,10,JoinHeavy,22,I_customer,INSERT,0.9251,True
1,10,JoinHeavy,23,I_customer,INSERT,0.3046,True
1,10,JoinHeavy,24,I_customer,INSERT,0.245,True
1,10,JoinHeavy,25,I_customer,INSERT,0.2247,True
1,10,JoinHeavy,26,I_customer,INSERT,0.4354,True
1,10,JoinHeavy,27,I_customer,INSERT,0.2728,True
1,10,JoinHeavy,28,I_customer,INSERT,0.2181,True
1,10,JoinHeavy,29,I_customer,INSERT,0.2213,True
1,10,JoinHeavy,30,I_customer,INSERT,0.2149,True
1,10,JoinHeavy,31,I_customer,INSERT,0.2163,True
1,10,JoinHeavy,32,I_customer,INSERT,0.2323,True
1,10,JoinHeavy,33,I_customer,INSERT,0.2225,True
1,10,JoinHeavy,34,I_customer,INSERT,0.2225,True
1,10,JoinHeavy,35,I_customer,INSERT,0.2105,True
1,10,JoinHeavy,36,I_customer,INSERT,0.2143,True
1,10,JoinHeavy,37,I_customer,INSERT,0.2089,True
1,10,JoinHeavy,38,I_customer,INSERT,0.2152,True
1,10,JoinHeavy,39,I_customer,INSERT,0.2085,True
1,11,JoinHeavy,0,Q5,SELECT,104.6835,True
1,11,JoinHeavy,1,Q7,SELECT,147.2408,True
1,11,JoinHeavy,2,Q3,SELECT,248.811,True
1,11,JoinHeavy,3,Q18,SELECT,2147.3953,True
1,11,JoinHeavy,4,Q3,SELECT,250.2118,True
1,11,JoinHeavy,5,Q5,SELECT,104.1633,True
1,11,JoinHeavy,6,Q5,SELECT,104.9318,True
1,11,JoinHeavy,7,Q3,SELECT,250.0825,True
1,11,JoinHeavy,8,Q7,SELECT,146.4614,True
1,11,JoinHeavy,9,Q5,SELECT,105.9707,True
1,11,JoinHeavy,10,Q18,SELECT,2162.4241,True
1,11,JoinHeavy,11,Q5,SELECT,103.1168,True
1,11,JoinHeavy,12,Q3,SELECT,250.011,True
1,11,JoinHeavy,13,Q3,SELECT,247.7735,True
1,11,JoinHeavy,14,Q7,SELECT,145.858,True
1,11,JoinHeavy,15,Q3,SELECT,252.3778,True
1,11,JoinHeavy,16,Q3,SELECT,248.59,True
1,11,JoinHeavy,17,Q5,SELECT,104.471,True
1,11,JoinHeavy,18,Q3,SELECT,248.629,True
1,11,JoinHeavy,19,Q3,SELECT,248.9603,True
1,11,JoinHeavy,20,Q3,SELECT,250.6399,True
1,11,JoinHeavy,21,Q7,SELECT,145.9955,True
1,11,JoinHeavy,22,I_customer,INSERT,0.9028,True
1,11,JoinHeavy,23,I_customer,INSERT,0.3149,True
1,11,JoinHeavy,24,I_customer,INSERT,0.2405,True
1,11,JoinHeavy,25,I_customer,INSERT,0.2324,True
1,11,JoinHeavy,26,I_customer,INSERT,0.289,True
1,11,JoinHeavy,27,I_customer,INSERT,0.2886,True
1,11,JoinHeavy,28,I_customer,INSERT,0.266,True
1,11,JoinHeavy,29,I_customer,INSERT,0.2267,True
1,11,JoinHeavy,30,I_customer,INSERT,0.2184,True
1,11,JoinHeavy,31,I_customer,INSERT,0.2122,True
1,11,JoinHeavy,32,I_customer,INSERT,0.2122,True
1,11,JoinHeavy,33,I_customer,INSERT,0.214,True
1,11,JoinHeavy,34,I_customer,INSERT,0.2115,True
1,11,JoinHeavy,35,I_customer,INSERT,0.2131,True
1,11,JoinHeavy,36,I_customer,INSERT,0.2124,True
1,11,JoinHeavy,37,I_customer,INSERT,0.2185,True
1,11,JoinHeavy,38,I_customer,INSERT,0.1764,True
1,11,JoinHeavy,39,I_customer,INSERT,0.1508,True
1,12,JoinHeavy,0,Q3,SELECT,252.5761,True
1,12,JoinHeavy,1,Q5,SELECT,107.7332,True
1,12,JoinHeavy,2,Q3,SELECT,253.3163,True
1,12,JoinHeavy,3,Q3,SELECT,253.7935,True
1,12,JoinHeavy,4,Q7,SELECT,147.905,True
1,12,JoinHeavy,5,Q3,SELECT,251.268,True
1,12,JoinHeavy,6,Q10,SELECT,267.9331,True
1,12,JoinHeavy,7,Q3,SELECT,251.3191,True
1,12,JoinHeavy,8,Q7,SELECT,146.8656,True
1,12,JoinHeavy,9,Q7,SELECT,146.6925,True
1,12,JoinHeavy,10,Q5,SELECT,103.6865,True
1,12,JoinHeavy,11,Q3,SELECT,249.2633,True
1,12,JoinHeavy,12,Q5,SELECT,102.6859,True
1,12,JoinHeavy,13,Q3,SELECT,249.8337,True
1,12,JoinHeavy,14,Q7,SELECT,153.221,True
1,12,JoinHeavy,15,Q10,SELECT,266.7037,True
1,12,JoinHeavy,16,Q3,SELECT,250.2445,True
1,12,JoinHeavy,17,Q10,SELECT,266.1585,True
1,12,JoinHeavy,18,Q18,SELECT,2192.5017,True
1,12,JoinHeavy,19,Q10,SELECT,268.0989,True
1,12,JoinHeavy,20,Q3,SELECT,250.29,True
1,12,JoinHeavy,21,Q3,SELECT,248.0779,True
1,12,JoinHeavy,22,I_customer,INSERT,1.4118,True
1,12,JoinHeavy,23,I_customer,INSERT,0.3027,True
1,12,JoinHeavy,24,I_customer,INSERT,0.2783,True
1,12,JoinHeavy,25,I_customer,INSERT,0.2291,True
1,12,JoinHeavy,26,I_customer,INSERT,0.2235,True
1,12,JoinHeavy,27,I_customer,INSERT,0.2206,True
1,12,JoinHeavy,28,I_customer,INSERT,0.2233,True
1,12,JoinHeavy,29,I_customer,INSERT,0.2148,True
1,12,JoinHeavy,30,I_customer,INSERT,0.211,True
1,12,JoinHeavy,31,I_customer,INSERT,0.1592,True
1,12,JoinHeavy,32,I_customer,INSERT,0.1495,True
1,12,JoinHeavy,33,I_customer,INSERT,0.1471,True
1,12,JoinHeavy,34,I_customer,INSERT,0.1504,True
1,12,JoinHeavy,35,I_customer,INSERT,0.1533,True
1,12,JoinHeavy,36,I_customer,INSERT,0.1595,True
1,12,JoinHeavy,37,I_customer,INSERT,0.3422,True
1,12,JoinHeavy,38,I_customer,INSERT,0.1551,True
1,12,JoinHeavy,39,I_customer,INSERT,0.1718,True
1,13,JoinHeavy,0,Q3,SELECT,249.3324,True
1,13,JoinHeavy,1,Q5,SELECT,105.2463,True
1,13,JoinHeavy,2,Q10,SELECT,268.6439,True
1,13,JoinHeavy,3,Q5,SELECT,103.6712,True
1,13,JoinHeavy,4,Q3,SELECT,249.3009,True
1,13,JoinHeavy,5,Q10,SELECT,269.5729,True
1,13,JoinHeavy,6,Q5,SELECT,103.8243,True
1,13,JoinHeavy,7,Q3,SELECT,250.2861,True
1,13,JoinHeavy,8,Q7,SELECT,147.5465,True
1,13,JoinHeavy,9,Q7,SELECT,146.5525,True
1,13,JoinHeavy,10,Q5,SELECT,103.6313,True
1,13,JoinHeavy,11,Q5,SELECT,103.2358,True
1,13,JoinHeavy,12,Q3,SELECT,249.9599,True
1,13,JoinHeavy,13,Q3,SELECT,250.3779,True
1,13,JoinHeavy,14,Q5,SELECT,103.8785,True
1,13,JoinHeavy,15,Q10,SELECT,268.8802,True
1,13,JoinHeavy,16,Q3,SELECT,249.6793,True
1,13,JoinHeavy,17,Q10,SELECT,272.7884,True
1,13,JoinHeavy,18,Q3,SELECT,250.6069,True
1,13,JoinHeavy,19,Q5,SELECT,102.9198,True
1,13,JoinHeavy,20,Q3,SELECT,248.1215,True
1,13,JoinHeavy,21,Q10,SELECT,266.4109,True
1,13,JoinHeavy,22,I_customer,INSERT,0.8425,True
1,13,JoinHeavy,23,I_customer,INSERT,0.226,True
1,13,JoinHeavy,24,I_customer,INSERT,0.1748,True
1,13,JoinHeavy,25,I_customer,INSERT,0.1596,True
1,13,JoinHeavy,26,I_customer,INSERT,0.1557,True
1,13,JoinHeavy,27,I_customer,INSERT,0.1595,True
1,13,JoinHeavy,28,I_customer,INSERT,0.359,True
1,13,JoinHeavy,29,I_customer,INSERT,0.1611,True
1,13,JoinHeavy,30,I_customer,INSERT,0.1528,True
1,13,JoinHeavy,31,I_customer,INSERT,0.1541,True
1,13,JoinHeavy,32,I_customer,INSERT,0.1466,True
1,13,JoinHeavy,33,I_customer,INSERT,0.5701,True
1,13,JoinHeavy,34,I_customer,INSERT,0.2188,True
1,13,JoinHeavy,35,I_customer,INSERT,0.2157,True
1,13,JoinHeavy,36,I_customer,INSERT,0.2125,True
1,13,JoinHeavy,37,I_customer,INSERT,0.2487,True
1,13,JoinHeavy,38,I_customer,INSERT,0.2323,True
1,13,JoinHeavy,39,I_customer,INSERT,0.2429,True
1,14,JoinHeavy,0,Q10,SELECT,268.9862,True
1,14,JoinHeavy,1,Q10,SELECT,266.7335,True
1,14,JoinHeavy,2,Q3,SELECT,249.2135,True
1,14,JoinHeavy,3,Q3,SELECT,249.2387,True
1,14,JoinHeavy,4,Q5,SELECT,104.1784,True
1,14,JoinHeavy,5,Q10,SELECT,270.4049,True
1,14,JoinHeavy,6,Q10,SELECT,267.261,True
1,14,JoinHeavy,7,Q3,SELECT,249.5044,True
1,14,JoinHeavy,8,Q7,SELECT,150.1653,True
1,14,JoinHeavy,9,Q3,SELECT,254.0673,True
1,14,JoinHeavy,10,Q3,SELECT,248.3801,True
1,14,JoinHeavy,11,Q3,SELECT,248.5372,True
1,14,JoinHeavy,12,Q5,SELECT,102.3867,True
1,14,JoinHeavy,13,Q3,SELECT,250.4494,True
1,14,JoinHeavy,14,Q5,SELECT,103.1065,True
1,14,JoinHeavy,15,Q7,SELECT,146.1836,True
1,14,JoinHeavy,16,Q10,SELECT,266.5693,True
1,14,JoinHeavy,17,Q3,SELECT,251.6188,True
1,14,JoinHeavy,18,Q7,SELECT,148.8238,True
1,14,JoinHeavy,19,Q3,SELECT,252.1741,True
1,14,JoinHeavy,20,Q3,SELECT,249.8577,True
1,14,JoinHeavy,21,Q5,SELECT,102.8374,True
1,14,JoinHeavy,22,I_customer,INSERT,0.9007,True
1,14,JoinHeavy,23,I_customer,INSERT,0.2991,True
1,14,JoinHeavy,24,I_customer,INSERT,0.2464,True
1,14,JoinHeavy,25,I_customer,INSERT,0.2237,True
1,14,JoinHeavy,26,I_customer,INSERT,0.2199,True
1,14,JoinHeavy,27,I_customer,INSERT,0.217,True
1,14,JoinHeavy,28,I_customer,INSERT,0.2173,True
1,14,JoinHeavy,29,I_customer,INSERT,0.2097,True
1,14,JoinHeavy,30,I_customer,INSERT,0.2272,True
1,14,JoinHeavy,31,I_customer,INSERT,0.2769,True
1,14,JoinHeavy,32,I_customer,INSERT,0.1647,True
1,14,JoinHeavy,33,I_customer,INSERT,0.1539,True
1,14,JoinHeavy,34,I_customer,INSERT,0.147,True
1,14,JoinHeavy,35,I_customer,INSERT,0.1467,True
1,14,JoinHeavy,36,I_customer,INSERT,0.1461,True
1,14,JoinHeavy,37,I_customer,INSERT,0.1479,True
1,14,JoinHeavy,38,I_customer,INSERT,0.1583,True
1,14,JoinHeavy,39,I_customer,INSERT,0.1522,True
1,15,JoinHeavy,0,Q3,SELECT,250.2661,True
1,15,JoinHeavy,1,Q3,SELECT,249.0805,True
1,15,JoinHeavy,2,Q3,SELECT,249.9323,True
1,15,JoinHeavy,3,Q5,SELECT,104.0729,True
1,15,JoinHeavy,4,Q3,SELECT,249.1423,True
1,15,JoinHeavy,5,Q10,SELECT,268.792,True
1,15,JoinHeavy,6,Q3,SELECT,247.3969,True
1,15,JoinHeavy,7,Q7,SELECT,149.1972,True
1,15,JoinHeavy,8,Q3,SELECT,248.9072,True
1,15,JoinHeavy,9,Q5,SELECT,103.6,True
1,15,JoinHeavy,10,Q7,SELECT,146.4396,True
1,15,JoinHeavy,11,Q10,SELECT,264.7,True
1,15,JoinHeavy,12,Q5,SELECT,103.9322,True
1,15,JoinHeavy,13,Q3,SELECT,249.8158,True
1,15,JoinHeavy,14,Q7,SELECT,145.8522,True
1,15,JoinHeavy,15,Q18,SELECT,2191.6892,True
1,15,JoinHeavy,16,Q10,SELECT,268.3202,True
1,15,JoinHeavy,17,Q3,SELECT,249.0114,True
1,15,JoinHeavy,18,Q5,SELECT,104.5417,True
1,15,JoinHeavy,19,Q5,SELECT,106.1989,True
1,15,JoinHeavy,20,Q10,SELECT,266.9662,True
1,15,JoinHeavy,21,Q3,SELECT,248.1947,True
1,15,JoinHeavy,22,I_customer,INSERT,1.5145,True
1,15,JoinHeavy,23,I_customer,INSERT,0.2545,True
1,15,JoinHeavy,24,I_customer,INSERT,0.2534,True
1,15,JoinHeavy,25,I_customer,INSERT,0.2544,True
1,15,JoinHeavy,26,I_customer,INSERT,0.2832,True
1,15,JoinHeavy,27,I_customer,INSERT,0.341,True
1,15,JoinHeavy,28,I_customer,INSERT,0.2848,True
1,15,JoinHeavy,29,I_customer,INSERT,0.2311,True
1,15,JoinHeavy,30,I_customer,INSERT,0.216,True
1,15,JoinHeavy,31,I_customer,INSERT,0.2148,True
1,15,JoinHeavy,32,I_customer,INSERT,0.1701,True
1,15,JoinHeavy,33,I_customer,INSERT,0.1535,True
1,15,JoinHeavy,34,I_customer,INSERT,0.1503,True
1,15,JoinHeavy,35,I_customer,INSERT,0.2481,True
1,15,JoinHeavy,36,I_customer,INSERT,0.161,True
1,15,JoinHeavy,37,I_customer,INSERT,0.3022,True
1,15,JoinHeavy,38,I_customer,INSERT,0.1507,True
1,15,JoinHeavy,39,I_customer,INSERT,0.1564,True
1,16,Procurement,0,D_orders,DELETE,0.1535,True
1,16,Procurement,1,D_orders,DELETE,0.1444,True
1,16,Procurement,2,D_orders,DELETE,0.1395,True
1,16,Procurement,3,D_orders,DELETE,0.0872,True
1,16,Procurement,4,Q14,SELECT,182.395,True
1,16,Procurement,5,Q17,SELECT,1029.6926,True
1,16,Procurement,6,Q17,SELECT,1030.7336,True
1,16,Procurement,7,Q17,SELECT,1040.5274,True
1,16,Procurement,8,Q11,SELECT,55.8635,True
1,16,Procurement,9,Q17,SELECT,1049.1215,True
1,16,Procurement,10,Q6,SELECT,180.2854,True
1,16,Procurement,11,Q6,SELECT,179.5612,True
1,16,Procurement,12,Q11,SELECT,52.2743,True
1,16,Procurement,13,Q17,SELECT,1032.0183,True
1,16,Procurement,14,Q6,SELECT,178.9648,True
1,16,Procurement,15,Q17,SELECT,1031.3584,True
1,16,Procurement,16,Q11,SELECT,51.9681,True
1,16,Procurement,17,Q6,SELECT,180.7171,True
1,16,Procurement,18,Q11,SELECT,51.9152,True
1,16,Procurement,19,Q17,SELECT,1036.4278,True
1,16,Procurement,20,Q6,SELECT,179.4647,True
1,16,Procurement,21,Q17,SELECT,1017.4877,True
1,16,Procurement,22,Q6,SELECT,181.6301,True
1,16,Procurement,23,Q14,SELECT,181.0851,True
1,16,Procurement,24,Q11,SELECT,52.1929,True
1,17,Procurement,0,D_orders,DELETE,1.422,True
1,17,Procurement,1,D_orders,DELETE,0.1635,True
1,17,Procurement,2,D_orders,DELETE,0.2386,True
1,17,Procurement,3,D_orders,DELETE,0.1424,True
1,17,Procurement,4,Q11,SELECT,52.6695,True
1,17,Procurement,5,Q11,SELECT,51.101,True
1,17,Procurement,6,Q17,SELECT,1022.6081,True
1,17,Procurement,7,Q17,SELECT,1025.4699,True
1,17,Procurement,8,Q14,SELECT,180.7995,True
1,17,Procurement,9,Q17,SELECT,1025.8224,True
1,17,Procurement,10,Q11,SELECT,50.9587,True
1,17,Procurement,11,Q11,SELECT,50.5203,True
1,17,Procurement,12,Q14,SELECT,180.7504,True
1,17,Procurement,13,Q17,SELECT,1047.3958,True
1,17,Procurement,14,Q6,SELECT,180.7132,True
1,17,Procurement,15,Q6,SELECT,180.0251,True
1,17,Procurement,16,Q11,SELECT,50.3744,True
1,17,Procurement,17,Q6,SELECT,180.9015,True
1,17,Procurement,18,Q11,SELECT,51.5543,True
1,17,Procurement,19,Q1,SELECT,540.3416,True
1,17,Procurement,20,Q17,SELECT,1052.3473,True
1,17,Procurement,21,Q11,SELECT,50.999,True
1,17,Procurement,22,Q17,SELECT,1030.9069,True
1,17,Procurement,23,Q11,SELECT,51.1499,True
1,17,Procurement,24,Q1,SELECT,519.8876,True
1,18,Procurement,0,D_orders,DELETE,0.4403,True
1,18,Procurement,1,D_orders,DELETE,1.1893,True
1,18,Procurement,2,D_orders,DELETE,0.1543,True
1,18,Procurement,3,D_orders,DELETE,0.1405,True
1,18,Procurement,4,Q17,SELECT,1044.7649,True
1,18,Procurement,5,Q11,SELECT,51.3569,True
1,18,Procurement,6,Q17,SELECT,1050.517,True
1,18,Procurement,7,Q17,SELECT,1021.9297,True
1,18,Procurement,8,Q6,SELECT,181.5841,True
1,18,Procurement,9,Q14,SELECT,180.1482,True
1,18,Procurement,10,Q17,SELECT,1048.9627,True
1,18,Procurement,11,Q6,SELECT,181.099,True
1,18,Procurement,12,Q1,SELECT,529.9123,True
1,18,Procurement,13,Q14,SELECT,181.7722,True
1,18,Procurement,14,Q11,SELECT,50.7396,True
1,18,Procurement,15,Q17,SELECT,1036.6221,True
1,18,Procurement,16,Q11,SELECT,50.7534,True
1,18,Procurement,17,Q11,SELECT,51.0892,True
1,18,Procurement,18,Q6,SELECT,180.5714,True
1,18,Procurement,19,Q6,SELECT,179.806,True
1,18,Procurement,20,Q6,SELECT,178.5208,True
1,18,Procurement,21,Q17,SELECT,1038.8539,True
1,18,Procurement,22,Q14,SELECT,180.9407,True
1,18,Procurement,23,Q11,SELECT,50.7147,True
1,18,Procurement,24,Q17,SELECT,1043.2371,True
1,19,Procurement,0,D_orders,DELETE,0.5355,True
1,19,Procurement,1,D_orders,DELETE,1.471,True
1,19,Procurement,2,D_orders,DELETE,0.2305,True
1,19,Procurement,3,D_orders,DELETE,0.1665,True
1,19,Procurement,4,Q6,SELECT,181.2825,True
1,19,Procurement,5,Q11,SELECT,51.7281,True
1,19,Procurement,6,Q1,SELECT,531.0372,True
1,19,Procurement,7,Q11,SELECT,51.7407,True
1,19,Procurement,8,Q17,SELECT,1036.409,True
1,19,Procurement,9,Q6,SELECT,179.8001,True
1,19,Procurement,10,Q17,SELECT,1025.8362,True
1,19,Procurement,11,Q11,SELECT,51.5135,True
1,19,Procurement,12,Q17,SELECT,1024.4682,True
1,19,Procurement,13,Q17,SELECT,1034.0815,True
1,19,Procurement,14,Q11,SELECT,50.7493,True
1,19,Procurement,15,Q11,SELECT,51.5224,True
1,19,Procurement,16,Q17,SELECT,1031.3838,True
1,19,Procurement,17,Q6,SELECT,179.7915,True
1,19,Procurement,18,Q17,SELECT,1028.9248,True
1,19,Procurement,19,Q17,SELECT,1041.4618,True
1,19,Procurement,20,Q14,SELECT,181.5762,True
1,19,Procurement,21,Q11,SELECT,51.3387,True
1,19,Procurement,22,Q17,SELECT,1033.7118,True
1,19,Procurement,23,Q17,SELECT,1042.3445,True
1,19,Procurement,24,Q6,SELECT,183.7025,True
1,20,Procurement,0,D_orders,DELETE,1.4446,True
1,20,Procurement,1,D_orders,DELETE,0.1627,True
1,20,Procurement,2,D_orders,DELETE,0.1372,True
1,20,Procurement,3,D_orders,DELETE,0.192,True
1,20,Procurement,4,Q6,SELECT,181.7788,True
1,20,Procurement,5,Q17,SELECT,1017.749,True
1,20,Procurement,6,Q6,SELECT,180.7485,True
1,20,Procurement,7,Q1,SELECT,530.864,True
1,20,Procurement,8,Q17,SELECT,1026.3436,True
1,20,Procurement,9,Q11,SELECT,52.0603,True
1,20,Procurement,10,Q6,SELECT,181.6262,True
1,20,Procurement,11,Q17,SELECT,1047.9717,True
1,20,Procurement,12,Q14,SELECT,182.0503,True
1,20,Procurement,13,Q17,SELECT,1028.986,True
1,20,Procurement,14,Q1,SELECT,532.6922,True
1,20,Procurement,15,Q17,SELECT,1026.5201,True
1,20,Procurement,16,Q11,SELECT,50.4344,True
1,20,Procurement,17,Q17,SELECT,1038.756,True
1,20,Procurement,18,Q17,SELECT,1027.9121,True
1,20,Procurement,19,Q17,SELECT,1032.1163,True
1,20,Procurement,20,Q11,SELECT,51.4618,True
1,20,Procurement,21,Q6,SELECT,181.6405,True
1,20,Procurement,22,Q14,SELECT,181.6232,True
1,20,Procurement,23,Q1,SELECT,534.1338,True
1,20,Procurement,24,Q6,SELECT,180.3601,True
1,21,Procurement,0,D_orders,DELETE,0.6298,True
1,21,Procurement,1,D_orders,DELETE,0.1116,True
1,21,Procurement,2,D_orders,DELETE,1.1361,True
1,21,Procurement,3,D_orders,DELETE,0.1358,True
1,21,Procurement,4,Q17,SELECT,1038.7575,True
1,21,Procurement,5,Q17,SELECT,1035.1715,True
1,21,Procurement,6,Q1,SELECT,528.0897,True
1,21,Procurement,7,Q11,SELECT,50.8269,True
1,21,Procurement,8,Q6,SELECT,180.6077,True
1,21,Procurement,9,Q17,SELECT,1045.7154,True
1,21,Procurement,10,Q17,SELECT,1026.3989,True
1,21,Procurement,11,Q11,SELECT,52.3095,True
1,21,Procurement,12,Q17,SELECT,1030.1791,True
1,21,Procurement,13,Q14,SELECT,181.9058,True
1,21,Procurement,14,Q17,SELECT,1028.1469,True
1,21,Procurement,15,Q11,SELECT,50.831,True
1,21,Procurement,16,Q11,SELECT,50.4498,True
1,21,Procurement,17,Q17,SELECT,1035.1047,True
1,21,Procurement,18,Q11,SELECT,51.0801,True
1,21,Procurement,19,Q17,SELECT,1036.1485,True
1,21,Procurement,20,Q14,SELECT,180.2622,True
1,21,Procurement,21,Q17,SELECT,1030.5761,True
1,21,Procurement,22,Q6,SELECT,179.1325,True
1,21,Procurement,23,Q11,SELECT,51.093,True
1,21,Procurement,24,Q1,SELECT,529.7728,True
1,22,Procurement,0,D_orders,DELETE,0.419,True
1,22,Procurement,1,D_orders,DELETE,0.6012,True
1,22,Procurement,2,D_orders,DELETE,0.14,True
1,22,Procurement,3,D_orders,DELETE,0.1354,True
1,22,Procurement,4,Q11,SELECT,50.631,True
1,22,Procurement,5,Q14,SELECT,181.9342,True
1,22,Procurement,6,Q11,SELECT,51.8952,True
1,22,Procurement,7,Q1,SELECT,525.5848,True
1,22,Procurement,8,Q6,SELECT,181.782,True
1,22,Procurement,9,Q6,SELECT,181.0781,True
1,22,Procurement,10,Q17,SELECT,1042.6002,True
1,22,Procurement,11,Q11,SELECT,51.4907,True
1,22,Procurement,12,Q17,SELECT,1031.2234,True
1,22,Procurement,13,Q11,SELECT,50.4721,True
1,22,Procurement,14,Q1,SELECT,537.3926,True
1,22,Procurement,15,Q6,SELECT,179.7831,True
1,22,Procurement,16,Q6,SELECT,179.9395,True
1,22,Procurement,17,Q1,SELECT,528.4024,True
1,22,Procurement,18,Q1,SELECT,522.0352,True
1,22,Procurement,19,Q6,SELECT,179.9345,True
1,22,Procurement,20,Q11,SELECT,51.1777,True
1,22,Procurement,21,Q6,SELECT,180.6987,True
1,22,Procurement,22,Q11,SELECT,51.61,True
1,22,Procurement,23,Q17,SELECT,1044.3481,True
1,22,Procurement,24,Q17,SELECT,1041.6833,True
1,23,Procurement,0,D_orders,DELETE,1.4476,True
1,23,Procurement,1,D_orders,DELETE,0.2212,True
1,23,Procurement,2,D_orders,DELETE,0.2121,True
1,23,Procurement,3,D_orders,DELETE,0.1393,True
1,23,Procurement,4,Q17,SELECT,1043.8874,True
1,23,Procurement,5,Q11,SELECT,51.2395,True
1,23,Procurement,6,Q17,SELECT,1021.5191,True
1,23,Procurement,7,Q17,SELECT,1040.5083,True
1,23,Procurement,8,Q11,SELECT,50.763,True
1,23,Procurement,9,Q11,SELECT,50.7197,True
1,23,Procurement,10,Q11,SELECT,51.0639,True
1,23,Procurement,11,Q6,SELECT,180.9872,True
1,23,Procurement,12,Q6,SELECT,178.7322,True
1,23,Procurement,13,Q17,SELECT,1058.1143,True
1,23,Procurement,14,Q1,SELECT,535.4329,True
1,23,Procurement,15,Q11,SELECT,50.5782,True
1,23,Procurement,16,Q11,SELECT,50.6648,True
1,23,Procurement,17,Q11,SELECT,50.6314,True
1,23,Procurement,18,Q14,SELECT,181.4045,True
1,23,Procurement,19,Q11,SELECT,50.5033,True
1,23,Procurement,20,Q1,SELECT,533.9928,True
1,23,Procurement,21,Q1,SELECT,525.4556,True
1,23,Procurement,22,Q14,SELECT,180.6573,True
1,23,Procurement,23,Q6,SELECT,179.7726,True
1,23,Procurement,24,Q17,SELECT,1036.2567,True
1,24,Customer,0,Q7,SELECT,148.6134,True
1,24,Customer,1,U_customer,UPDATE,1.4866,True
1,24,Customer,2,Q3,SELECT,252.4365,True
1,24,Customer,3,U_customer,UPDATE,1.3838,True
1,24,Customer,4,Q18,SELECT,2211.8451,True
1,24,Customer,5,U_customer,UPDATE,0.7228,True
1,24,Customer,6,Q7,SELECT,146.7176,True
1,24,Customer,7,U_customer,UPDATE,1.3005,True
1,24,Customer,8,Q5,SELECT,104.2894,True
1,24,Customer,9,U_customer,UPDATE,1.3227,True
1,24,Customer,10,Q18,SELECT,2151.8815,True
1,24,Customer,11,U_customer,UPDATE,0.4173,True
1,24,Customer,12,Q10,SELECT,265.4289,True
1,24,Customer,13,U_customer,UPDATE,0.7456,True
1,24,Customer,14,Q10,SELECT,271.7113,True
1,24,Customer,15,U_customer,UPDATE,0.425,True
1,24,Customer,16,Q3,SELECT,254.9009,True
1,24,Customer,17,U_customer,UPDATE,0.8808,True
1,24,Customer,18,Q18,SELECT,2155.8818,True
1,24,Customer,19,U_customer,UPDATE,0.4245,True
1,25,Customer,0,Q7,SELECT,147.0134,True
1,25,Customer,1,U_customer,UPDATE,0.7838,True
1,25,Customer,2,Q18,SELECT,2145.021,True
1,25,Customer,3,U_customer,UPDATE,0.4231,True
1,25,Customer,4,Q10,SELECT,267.5098,True
1,25,Customer,5,U_customer,UPDATE,0.493,True
1,25,Customer,6,Q7,SELECT,147.5649,True
1,25,Customer,7,U_customer,UPDATE,0.487,True
1,25,Customer,8,Q18,SELECT,2178.3988,True
1,25,Customer,9,U_customer,UPDATE,0.306,True
1,25,Customer,10,Q3,SELECT,254.3148,True
1,25,Customer,11,U_customer,UPDATE,0.7451,True
1,25,Customer,12,Q18,SELECT,2258.7842,True
1,25,Customer,13,U_customer,UPDATE,0.4126,True
1,25,Customer,14,Q18,SELECT,2246.6379,True
1,25,Customer,15,U_customer,UPDATE,0.3323,True
1,25,Customer,16,Q3,SELECT,249.2365,True
1,25,Customer,17,U_customer,UPDATE,0.6378,True
1,25,Customer,18,Q18,SELECT,2299.8455,True
1,25,Customer,19,U_customer,UPDATE,0.614,True
1,26,Customer,0,Q3,SELECT,252.9167,True
1,26,Customer,1,U_customer,UPDATE,1.3425,True
1,26,Customer,2,Q3,SELECT,251.6535,True
1,26,Customer,3,U_customer,UPDATE,0.7931,True
1,26,Customer,4,Q10,SELECT,266.7192,True
1,26,Customer,5,U_customer,UPDATE,1.371,True
1,26,Customer,6,Q18,SELECT,2248.641,True
1,26,Customer,7,U_customer,UPDATE,0.5526,True
1,26,Customer,8,Q3,SELECT,251.336,True
1,26,Customer,9,U_customer,UPDATE,3.4409,True
1,26,Customer,10,Q10,SELECT,263.7208,True
1,26,Customer,11,U_customer,UPDATE,0.9818,True
1,26,Customer,12,Q10,SELECT,264.974,True
1,26,Customer,13,U_customer,UPDATE,1.4208,True
1,26,Customer,14,Q10,SELECT,263.8935,True
1,26,Customer,15,U_customer,UPDATE,1.3321,True
1,26,Customer,16,Q10,SELECT,264.3269,True
1,26,Customer,17,U_customer,UPDATE,0.6489,True
1,26,Customer,18,Q5,SELECT,103.729,True
1,26,Customer,19,U_customer,UPDATE,0.6623,True
1,27,Customer,0,Q3,SELECT,248.7786,True
1,27,Customer,1,U_customer,UPDATE,0.3099,True
1,27,Customer,2,Q10,SELECT,266.9452,True
1,27,Customer,3,U_customer,UPDATE,1.3231,True
1,27,Customer,4,Q18,SELECT,2321.1182,True
1,27,Customer,5,U_customer,UPDATE,0.6863,True
1,27,Customer,6,Q7,SELECT,143.9223,True
1,27,Customer,7,U_customer,UPDATE,1.3143,True
1,27,Customer,8,Q7,SELECT,143.2553,True
1,27,Customer,9,U_customer,UPDATE,0.7104,True
1,27,Customer,10,Q3,SELECT,245.8408,True
1,27,Customer,11,U_customer,UPDATE,1.3184,True
1,27,Customer,12,Q10,SELECT,261.5476,True
1,27,Customer,13,U_customer,UPDATE,1.3224,True
1,27,Customer,14,Q3,SELECT,255.6202,True
1,27,Customer,15,U_customer,UPDATE,1.4503,True
1,27,Customer,16,Q18,SELECT,2266.7734,True
1,27,Customer,17,U_customer,UPDATE,0.6804,True
1,27,Customer,18,Q18,SELECT,2281.4086,True
1,27,Customer,19,U_customer,UPDATE,1.0693,True
1,28,Customer,0,Q3,SELECT,254.7239,True
1,28,Customer,1,U_customer,UPDATE,2.5611,True
1,28,Customer,2,Q5,SELECT,100.6297,True
1,28,Customer,3,U_customer,UPDATE,2.4206,True
1,28,Customer,4,Q10,SELECT,267.2567,True
1,28,Customer,5,U_customer,UPDATE,0.8865,True
1,28,Customer,6,Q18,SELECT,2268.7198,True
1,28,Customer,7,U_customer,UPDATE,0.7609,True
1,28,Customer,8,Q3,SELECT,253.9492,True
1,28,Customer,9,U_customer,UPDATE,1.3366,True
1,28,Customer,10,Q18,SELECT,2249.443,True
1,28,Customer,11,U_customer,UPDATE,0.2801,True
1,28,Customer,12,Q18,SELECT,2253.0963,True
1,28,Customer,13,U_customer,UPDATE,0.4373,True
1,28,Customer,14,Q10,SELECT,268.8628,True
1,28,Customer,15,U_customer,UPDATE,0.7704,True
1,28,Customer,16,Q10,SELECT,269.9839,True
1,28,Customer,17,U_customer,UPDATE,0.4888,True
1,28,Customer,18,Q18,SELECT,2299.7785,True
1,28,Customer,19,U_customer,UPDATE,0.521,True
1,29,Customer,0,Q7,SELECT,148.3225,True
1,29,Customer,1,U_customer,UPDATE,0.6952,True
1,29,Customer,2,Q10,SELECT,275.5842,True
1,29,Customer,3,U_customer,UPDATE,0.5824,True
1,29,Customer,4,Q3,SELECT,254.2808,True
1,29,Customer,5,U_customer,UPDATE,0.7249,True
1,29,Customer,6,Q3,SELECT,250.7397,True
1,29,Customer,7,U_customer,UPDATE,0.5828,True
1,29,Customer,8,Q10,SELECT,269.8274,True
1,29,Customer,9,U_customer,UPDATE,0.8363,True
1,29,Customer,10,Q10,SELECT,273.2607,True
1,29,Customer,11,U_customer,UPDATE,0.4788,True
1,29,Customer,12,Q18,SELECT,2274.0126,True
1,29,Customer,13,U_customer,UPDATE,0.4536,True
1,29,Customer,14,Q18,SELECT,2243.9078,True
1,29,Customer,15,U_customer,UPDATE,0.3788,True
1,29,Customer,16,Q7,SELECT,151.0849,True
1,29,Customer,17,U_customer,UPDATE,0.7235,True
1,29,Customer,18,Q10,SELECT,278.0528,True
1,29,Customer,19,U_customer,UPDATE,0.6182,True
1,30,Customer,0,Q18,SELECT,2316.7088,True
1,30,Customer,1,U_customer,UPDATE,0.4153,True
1,30,Customer,2,Q18,SELECT,2274.4344,True
1,30,Customer,3,U_customer,UPDATE,0.5457,True
1,30,Customer,4,Q3,SELECT,257.577,True
1,30,Customer,5,U_customer,UPDATE,0.4748,True
1,30,Customer,6,Q5,SELECT,103.9315,True
1,30,Customer,7,U_customer,UPDATE,0.7479,True
1,30,Customer,8,Q5,SELECT,104.2865,True
1,30,Customer,9,U_customer,UPDATE,0.6994,True
1,30,Customer,10,Q18,SELECT,2303.7789,True
1,30,Customer,11,U_customer,UPDATE,0.4529,True
1,30,Customer,12,Q10,SELECT,269.0243,True
1,30,Customer,13,U_customer,UPDATE,0.6807,True
1,30,Customer,14,Q18,SELECT,2270.0015,True
1,30,Customer,15,U_customer,UPDATE,0.3256,True
1,30,Customer,16,Q10,SELECT,269.9006,True
1,30,Customer,17,U_customer,UPDATE,1.3248,True
1,30,Customer,18,Q18,SELECT,2259.3652,True
1,30,Customer,19,U_customer,UPDATE,0.5088,True
1,31,Customer,0,Q18,SELECT,2310.2439,True
1,31,Customer,1,U_customer,UPDATE,0.3475,True
1,31,Customer,2,Q18,SELECT,2315.8084,True
1,31,Customer,3,U_customer,UPDATE,0.672,True
1,31,Customer,4,Q10,SELECT,271.9798,True
1,31,Customer,5,U_customer,UPDATE,1.3295,True
1,31,Customer,6,Q18,SELECT,2303.8623,True
1,31,Customer,7,U_customer,UPDATE,0.7535,True
1,31,Customer,8,Q10,SELECT,273.7209,True
1,31,Customer,9,U_customer,UPDATE,0.7572,True
1,31,Customer,10,Q3,SELECT,254.8628,True
1,31,Customer,11,U_customer,UPDATE,0.7686,True
1,31,Customer,12,Q18,SELECT,2295.2216,True
1,31,Customer,13,U_customer,UPDATE,0.3645,True
1,31,Customer,14,Q3,SELECT,254.6349,True
1,31,Customer,15,U_customer,UPDATE,0.6635,True
1,31,Customer,16,Q5,SELECT,103.1346,True
1,31,Customer,17,U_customer,UPDATE,0.6746,True
1,31,Customer,18,Q3,SELECT,256.2438,True
1,31,Customer,19,U_customer,UPDATE,0.7421,True
2,0,Reporting,0,Q1,SELECT,532.9427,True
2,0,Reporting,1,U_orders,UPDATE,0.6214,True
2,0,Reporting,2,U_orders,UPDATE,0.31,True
2,0,Reporting,3,U_orders,UPDATE,0.2188,True
2,0,Reporting,4,Q14,SELECT,80.6022,True
2,0,Reporting,5,Q6,SELECT,170.8098,True
2,0,Reporting,6,Q6,SELECT,165.5693,True
2,0,Reporting,7,Q6,SELECT,165.1673,True
2,0,Reporting,8,Q14,SELECT,80.7949,True
2,0,Reporting,9,Q4,SELECT,125.215,True
2,0,Reporting,10,Q6,SELECT,165.9968,True
2,0,Reporting,11,Q14,SELECT,77.5633,True
2,0,Reporting,12,Q1,SELECT,525.1426,True
2,0,Reporting,13,Q6,SELECT,165.3791,True
2,0,Reporting,14,Q6,SELECT,167.4564,True
2,0,Reporting,15,Q1,SELECT,522.2543,True
2,0,Reporting,16,Q1,SELECT,530.4052,True
2,0,Reporting,17,Q14,SELECT,78.7047,True
2,0,Reporting,18,Q14,SELECT,80.1136,True
2,0,Reporting,19,Q6,SELECT,162.8925,True
2,0,Reporting,20,Q6,SELECT,163.5372,True
2,0,Reporting,21,Q14,SELECT,79.374,True
2,0,Reporting,22,Q1,SELECT,530.3821,True
2,0,Reporting,23,U_orders,UPDATE,0.7778,True
2,0,Reporting,24,U_orders,UPDATE,0.2555,True
2,0,Reporting,25,U_orders,UPDATE,0.1932,True
2,0,Reporting,26,Q12,SELECT,232.1368,True
2,0,Reporting,27,Q1,SELECT,526.0407,True
2,0,Reporting,28,Q14,SELECT,85.3955,True
2,0,Reporting,29,Q12,SELECT,236.7952,True
2,1,Reporting,0,Q1,SELECT,565.5108,True
2,1,Reporting,1,U_orders,UPDATE,0.5366,True
2,1,Reporting,2,U_orders,UPDATE,0.2753,True
2,1,Reporting,3,Q1,SELECT,571.5202,True
2,1,Reporting,4,Q14,SELECT,87.9637,True
2,1,Reporting,5,U_orders,UPDATE,0.2986,True
2,1,Reporting,6,U_orders,UPDATE,0.186,True
2,1,Reporting,7,Q14,SELECT,83.2909,True
2,1,Reporting,8,Q12,SELECT,248.3,True
2,1,Reporting,9,Q1,SELECT,563.943,True
2,1,Reporting,10,Q1,SELECT,586.4612,True
2,1,Reporting,11,Q6,SELECT,176.1184,True
2,1,Reporting,12,Q1,SELECT,589.6648,True
2,1,Reporting,13,Q1,SELECT,603.7493,True
2,1,Reporting,14,Q1,SELECT,588.1757,True
2,1,Reporting,15,Q14,SELECT,86.35,True
2,1,Reporting,16,Q14,SELECT,84.5963,True
2,1,Reporting,17,Q14,SELECT,83.8111,True
2,1,Reporting,18,Q12,SELECT,248.0128,True
2,1,Reporting,19,Q6,SELECT,171.4066,True
2,1,Reporting,20,U_orders,UPDATE,1.3109,True
2,1,Reporting,21,U_orders,UPDATE,0.4543,True
2,1,Reporting,22,Q1,SELECT,555.7719,True
2,1,Reporting,23,Q14,SELECT,87.2207,True
2,1,Reporting,24,Q14,SELECT,84.1901,True
2,1,Reporting,25,Q6,SELECT,172.3736,True
2,1,Reporting,26,Q1,SELECT,562.1089,True
2,1,Reporting,27,Q1,SELECT,586.5826,True
2,1,Reporting,28,Q1,SELECT,585.0069,True
2,1,Reporting,29,Q4,SELECT,84.7948,True
2,2,Reporting,0,Q1,SELECT,584.743,True
2,2,Reporting,1,Q14,SELECT,85.8938,True
2,2,Reporting,2,U_orders,UPDATE,1.3367,True
2,2,Reporting,3,Q14,SELECT,81.7854,True
2,2,Reporting,4,Q6,SELECT,176.767,True
2,2,Reporting,5,U_orders,UPDATE,1.3714,True
2,2,Reporting,6,Q6,SELECT,172.3983,True
2,2,Reporting,7,Q14,SELECT,83.2393,True
2,2,Reporting,8,Q1,SELECT,556.4777,True
2,2,Reporting,9,Q1,SELECT,575.678,True
2,2,Reporting,10,Q4,SELECT,86.9825,True
2,2,Reporting,11,Q1,SELECT,584.0532,True
2,2,Reporting,12,Q6,SELECT,177.1237,True
2,2,Reporting,13,U_orders,UPDATE,1.3628,True
2,2,Reporting,14,U_orders,UPDATE,0.2733,True
2,2,Reporting,15,Q1,SELECT,573.954,True
2,2,Reporting,16,Q14,SELECT,85.1324,True
2,2,Reporting,17,U_orders,UPDATE,0.4399,True
2,2,Reporting,18,Q1,SELECT,577.9983,True
2,2,Reporting,19,Q6,SELECT,175.4979,True
2,2,Reporting,20,Q6,SELECT,170.4846,True
2,2,Reporting,21,Q6,SELECT,167.2439,True
2,2,Reporting,22,Q14,SELECT,77.1512,True
2,2,Reporting,23,Q6,SELECT,162.9635,True
2,2,Reporting,24,Q12,SELECT,232.7791,True
2,2,Reporting,25,Q1,SELECT,576.1505,True
2,2,Reporting,26,Q14,SELECT,82.0009,True
2,2,Reporting,27,U_orders,UPDATE,1.2459,True
2,2,Reporting,28,Q1,SELECT,582.2342,True
2,2,Reporting,29,Q12,SELECT,248.6363,True
2,3,Reporting,0,Q6,SELECT,175.5387,True
2,3,Reporting,1,Q6,SELECT,170.7356,True
2,3,Reporting,2,Q6,SELECT,168.6695,True
2,3,Reporting,3,Q6,SELECT,165.0702,True
2,3,Reporting,4,U_orders,UPDATE,0.808,True
2,3,Reporting,5,U_orders,UPDATE,0.274,True
2,3,Reporting,6,Q14,SELECT,78.3569,True
2,3,Reporting,7,U_orders,UPDATE,0.7846,True
2,3,Reporting,8,Q14,SELECT,79.3543,True
2,3,Reporting,9,Q12,SELECT,235.5303,True
2,3,Reporting,10,Q14,SELECT,80.2586,True
2,3,Reporting,11,Q4,SELECT,82.6356,True
2,3,Reporting,12,Q6,SELECT,163.7825,True
2,3,Reporting,13,Q1,SELECT,536.969,True
2,3,Reporting,14,U_orders,UPDATE,0.7991,True
2,3,Reporting,15,Q1,SELECT,574.4123,True
2,3,Reporting,16,U_orders,UPDATE,0.6736,True
2,3,Reporting,17,Q1,SELECT,585.5301,True
2,3,Reporting,18,Q6,SELECT,176.0597,True
2,3,Reporting,19,Q4,SELECT,85.5941,True
2,3,Reporting,20,Q14,SELECT,80.6603,True
2,3,Reporting,21,Q14,SELECT,81.119,True
2,3,Reporting,22,Q1,SELECT,562.94,True
2,3,Reporting,23,Q1,SELECT,594.758,True
2,3,Reporting,24,Q12,SELECT,253.1052,True
2,3,Reporting,25,Q1,SELECT,586.8651,True
2,3,Reporting,26,Q12,SELECT,258.5117,True
2,3,Reporting,27,U_orders,UPDATE,0.8062,True
2,3,Reporting,28,Q14,SELECT,82.1097,True
2,3,Reporting,29,Q6,SELECT,174.4889,True
2,4,Reporting,0,Q14,SELECT,81.8497,True
2,4,Reporting,1,U_orders,UPDATE,0.7578,True
2,4,Reporting,2,Q1,SELECT,565.2116,True
2,4,Reporting,3,Q12,SELECT,251.4598,True
2,4,Reporting,4,Q14,SELECT,82.138,True
2,4,Reporting,5,U_orders,UPDATE,0.8702,True
2,4,Reporting,6,U_orders,UPDATE,0.2914,True
2,4,Reporting,7,Q12,SELECT,250.4946,True
2,4,Reporting,8,Q1,SELECT,570.6575,True
2,4,Reporting,9,Q1,SELECT,593.9125,True
2,4,Reporting,10,Q1,SELECT,609.133,True
2,4,Reporting,11,Q1,SELECT,597.5809,True
2,4,Reporting,12,Q6,SELECT,177.5693,True
2,4,Reporting,13,U_orders,UPDATE,0.791,True
2,4,Reporting,14,Q6,SELECT,172.7288,True
2,4,Reporting,15,Q1,SELECT,569.4102,True
2,4,Reporting,16,Q12,SELECT,248.5286,True
2,4,Reporting,17,Q1,SELECT,590.2396,True
2,4,Reporting,18,Q14,SELECT,82.9708,True
2,4,Reporting,19,Q14,SELECT,83.5283,True
2,4,Reporting,20,Q4,SELECT,83.8345,True
2,4,Reporting,21,Q14,SELECT,80.3527,True
2,4,Reporting,22,U_orders,UPDATE,0.6424,True
2,4,Reporting,23,Q6,SELECT,165.487,True
2,4,Reporting,24,Q1,SELECT,591.6239,True
2,4,Reporting,25,Q6,SELECT,173.7316,True
2,4,Reporting,26,U_orders,UPDATE,1.3291,True
2,4,Reporting,27,Q4,SELECT,80.2749,True
2,4,Reporting,28,Q14,SELECT,77.234,True
2,4,Reporting,29,Q14,SELECT,76.8329,True
2,5,Reporting,0,Q1,SELECT,549.2976,True
2,5,Reporting,1,Q12,SELECT,247.8484,True
2,5,Reporting,2,Q1,SELECT,567.0065,True
2,5,Reporting,3,U_orders,UPDATE,1.256,True
2,5,Reporting,4,Q4,SELECT,83.5095,True
2,5,Reporting,5,U_orders,UPDATE,1.2318,True
2,5,Reporting,6,Q1,SELECT,577.3032,True
2,5,Reporting,7,Q1,SELECT,581.8467,True
2,5,Reporting,8,Q1,SELECT,586.7754,True
2,5,Reporting,9,Q6,SELECT,177.6947,True
2,5,Reporting,10,Q12,SELECT,243.681,True
2,5,Reporting,11,Q1,SELECT,591.8665,True
2,5,Reporting,12,U_orders,UPDATE,1.3174,True
2,5,Reporting,13,Q14,SELECT,80.9383,True
2,5,Reporting,14,Q12,SELECT,243.8699,True
2,5,Reporting,15,Q1,SELECT,567.4278,True
2,5,Reporting,16,U_orders,UPDATE,1.1645,True
2,5,Reporting,17,Q1,SELECT,620.8482,True
2,5,Reporting,18,Q14,SELECT,82.6236,True
2,5,Reporting,19,Q14,SELECT,81.0428,True
2,5,Reporting,20,U_orders,UPDATE,1.4007,True
2,5,Reporting,21,U_orders,UPDATE,0.2501,True
2,5,Reporting,22,Q12,SELECT,243.5641,True
2,5,Reporting,23,Q4,SELECT,81.6825,True
2,5,Reporting,24,Q14,SELECT,80.3668,True
2,5,Reporting,25,Q4,SELECT,79.7698,True
2,5,Reporting,26,Q14,SELECT,78.2349,True
2,5,Reporting,27,Q1,SELECT,546.2595,True
2,5,Reporting,28,Q1,SELECT,576.0273,True
2,5,Reporting,29,Q6,SELECT,171.7528,True
2,6,Reporting,0,Q1,SELECT,567.9091,True
2,6,Reporting,1,U_orders,UPDATE,0.8574,True
2,6,Reporting,2,Q1,SELECT,593.2105,True
2,6,Reporting,3,Q6,SELECT,178.6042,True
2,6,Reporting,4,U_orders,UPDATE,0.6031,True
2,6,Reporting,5,Q1,SELECT,564.7959,True
2,6,Reporting,6,U_orders,UPDATE,0.8696,True
2,6,Reporting,7,Q1,SELECT,597.6607,True
2,6,Reporting,8,Q6,SELECT,173.3015,True
2,6,Reporting,9,Q14,SELECT,80.0783,True
2,6,Reporting,10,Q1,SELECT,573.0551,True
2,6,Reporting,11,Q6,SELECT,173.3507,True
2,6,Reporting,12,Q6,SELECT,168.6688,True
2,6,Reporting,13,Q6,SELECT,164.3547,True
2,6,Reporting,14,Q6,SELECT,160.3846,True
2,6,Reporting,15,U_orders,UPDATE,0.6019,True
2,6,Reporting,16,Q14,SELECT,77.0878,True
2,6,Reporting,17,Q1,SELECT,542.1715,True
2,6,Reporting,18,Q6,SELECT,170.404,True
2,6,Reporting,19,Q1,SELECT,554.0905,True
2,6,Reporting,20,Q14,SELECT,83.4447,True
2,6,Reporting,21,Q6,SELECT,173.7078,True
2,6,Reporting,22,U_orders,UPDATE,0.7976,True
2,6,Reporting,23,Q1,SELECT,568.8252,True
2,6,Reporting,24,Q6,SELECT,174.125,True
2,6,Reporting,25,Q12,SELECT,244.3495,True
2,6,Reporting,26,Q4,SELECT,82.3586,True
2,6,Reporting,27,U_orders,UPDATE,0.4757,True
2,6,Reporting,28,Q1,SELECT,561.1409,True
2,6,Reporting,29,Q6,SELECT,176.17,True
2,7,Reporting,0,Q14,SELECT,84.9991,True
2,7,Reporting,1,U_orders,UPDATE,0.3938,True
2,7,Reporting,2,Q1,SELECT,569.6389,True
2,7,Reporting,3,Q1,SELECT,579.0941,True
2,7,Reporting,4,Q6,SELECT,175.9074,True
2,7,Reporting,5,Q6,SELECT,171.1756,True
2,7,Reporting,6,U_orders,UPDATE,0.784,True
2,7,Reporting,7,Q4,SELECT,81.5721,True
2,7,Reporting,8,Q1,SELECT,558.5857,True
2,7,Reporting,9,Q1,SELECT,580.5909,True
2,7,Reporting,10,U_orders,UPDATE,0.7019,True
2,7,Reporting,11,Q6,SELECT,171.8197,True
2,7,Reporting,12,Q1,SELECT,560.3027,True
2,7,Reporting,13,Q6,SELECT,171.3584,True
2,7,Reporting,14,Q1,SELECT,557.7198,True
2,7,Reporting,15,Q14,SELECT,86.473,True
2,7,Reporting,16,Q1,SELECT,588.4985,True
2,7,Reporting,17,U_orders,UPDATE,0.8079,True
2,7,Reporting,18,Q12,SELECT,246.95,True
2,7,Reporting,19,Q6,SELECT,175.8624,True
2,7,Reporting,20,Q14,SELECT,82.7067,True
2,7,Reporting,21,Q4,SELECT,79.0665,True
2,7,Reporting,22,U_orders,UPDATE,0.6897,True
2,7,Reporting,23,Q4,SELECT,79.579,True
2,7,Reporting,24,Q1,SELECT,569.9752,True
2,7,Reporting,25,Q1,SELECT,574.1811,True
2,7,Reporting,26,Q1,SELECT,583.4535,True
2,7,Reporting,27,U_orders,UPDATE,0.7637,True
2,7,Reporting,28,Q1,SELECT,595.2391,True
2,7,Reporting,29,Q6,SELECT,177.5658,True
2,8,JoinHeavy,0,Q7,SELECT,148.7992,True
2,8,JoinHeavy,1,Q5,SELECT,104.3626,True
2,8,JoinHeavy,2,Q7,SELECT,144.5633,True
2,8,JoinHeavy,3,Q5,SELECT,102.9323,True
2,8,JoinHeavy,4,Q7,SELECT,140.6377,True
2,8,JoinHeavy,5,Q3,SELECT,248.8668,True
2,8,JoinHeavy,6,Q3,SELECT,243.5971,True
2,8,JoinHeavy,7,Q18,SELECT,2314.0423,True
2,8,JoinHeavy,8,Q3,SELECT,254.78,True
2,8,JoinHeavy,9,Q7,SELECT,146.8091,True
2,8,JoinHeavy,10,Q5,SELECT,102.7167,True
2,8,JoinHeavy,11,Q3,SELECT,247.2272,True
2,8,JoinHeavy,12,Q3,SELECT,258.2059,True
2,8,JoinHeavy,13,Q5,SELECT,107.2953,True
2,8,JoinHeavy,14,Q3,SELECT,249.2728,True
2,8,JoinHeavy,15,Q18,SELECT,2291.8814,True
2,8,JoinHeavy,16,Q10,SELECT,131.5548,True
2,8,JoinHeavy,17,Q7,SELECT,146.0195,True
2,8,JoinHeavy,18,Q18,SELECT,2331.9378,True
2,8,JoinHeavy,19,Q7,SELECT,145.5646,True
2,8,JoinHeavy,20,Q5,SELECT,106.2957,True
2,8,JoinHeavy,21,Q7,SELECT,143.9467,True
2,8,JoinHeavy,22,I_customer,INSERT,0.3522,True
2,8,JoinHeavy,23,I_customer,INSERT,0.1854,True
2,8,JoinHeavy,24,I_customer,INSERT,0.157,True
2,8,JoinHeavy,25,I_customer,INSERT,0.1591,True
2,8,JoinHeavy,26,I_customer,INSERT,0.15,True
2,8,JoinHeavy,27,I_customer,INSERT,0.145,True
2,8,JoinHeavy,28,I_customer,INSERT,0.1733,True
2,8,JoinHeavy,29,I_customer,INSERT,0.1569,True
2,8,JoinHeavy,30,I_customer,INSERT,0.156,True
2,8,JoinHeavy,31,I_customer,INSERT,0.1447,True
2,8,JoinHeavy,32,I_customer,INSERT,0.1444,True
2,8,JoinHeavy,33,I_customer,INSERT,0.1367,True
2,8,JoinHeavy,34,I_customer,INSERT,0.1394,True
2,8,JoinHeavy,35,I_customer,INSERT,0.1387,True
2,8,JoinHeavy,36,I_customer,INSERT,0.1387,True
2,8,JoinHeavy,37,I_customer,INSERT,0.1327,True
2,8,JoinHeavy,38,I_customer,INSERT,0.1429,True
2,8,JoinHeavy,39,I_customer,INSERT,0.1428,True
2,9,JoinHeavy,0,Q10,SELECT,128.3649,True
2,9,JoinHeavy,1,Q10,SELECT,127.88,True
2,9,JoinHeavy,2,Q3,SELECT,246.5708,True
2,9,JoinHeavy,3,Q7,SELECT,145.4292,True
2,9,JoinHeavy,4,Q7,SELECT,145.238,True
2,9,JoinHeavy,5,Q18,SELECT,2308.6673,True
2,9,JoinHeavy,6,Q18,SELECT,2303.6265,True
2,9,JoinHeavy,7,Q18,SELECT,2287.9749,True
2,9,JoinHeavy,8,Q3,SELECT,247.7735,True
2,9,JoinHeavy,9,Q5,SELECT,101.0063,True
2,9,JoinHeavy,10,Q3,SELECT,242.2115,True
2,9,JoinHeavy,11,Q18,SELECT,2230.5212,True
2,9,JoinHeavy,12,Q3,SELECT,249.9735,True
2,9,JoinHeavy,13,Q10,SELECT,127.1,True
2,9,JoinHeavy,14,Q5,SELECT,103.5977,True
2,9,JoinHeavy,15,Q10,SELECT,127.3327,True
2,9,JoinHeavy,16,Q3,SELECT,245.3037,True
2,9,JoinHeavy,17,Q3,SELECT,245.7142,True
2,9,JoinHeavy,18,Q5,SELECT,100.1046,True
2,9,JoinHeavy,19,Q7,SELECT,139.1909,True
2,9,JoinHeavy,20,Q5,SELECT,100.0219,True
2,9,JoinHeavy,21,Q5,SELECT,100.3216,True
2,9,JoinHeavy,22,I_customer,INSERT,0.9266,True
2,9,JoinHeavy,23,I_customer,INSERT,0.4003,True
2,9,JoinHeavy,24,I_customer,INSERT,0.7674,True
2,9,JoinHeavy,25,I_customer,INSERT,0.2705,True
2,9,JoinHeavy,26,I_customer,INSERT,0.2539,True
2,9,JoinHeavy,27,I_customer,INSERT,0.2449,True
2,9,JoinHeavy,28,I_customer,INSERT,0.2316,True
2,9,JoinHeavy,29,I_customer,INSERT,0.2199,True
2,9,JoinHeavy,30,I_customer,INSERT,0.2223,True
2,9,JoinHeavy,31,I_customer,INSERT,0.2064,True
2,9,JoinHeavy,32,I_customer,INSERT,0.2195,True
2,9,JoinHeavy,33,I_customer,INSERT,0.2121,True
2,9,JoinHeavy,34,I_customer,INSERT,0.2099,True
2,9,JoinHeavy,35,I_customer,INSERT,0.2363,True
2,9,JoinHeavy,36,I_customer,INSERT,0.2347,True
2,9,JoinHeavy,37,I_customer,INSERT,0.2227,True
2,9,JoinHeavy,38,I_customer,INSERT,0.2165,True
2,9,JoinHeavy,39,I_customer,INSERT,0.2045,True
2,10,JoinHeavy,0,Q18,SELECT,2257.3265,True
2,10,JoinHeavy,1,Q5,SELECT,107.422,True
2,10,JoinHeavy,2,Q3,SELECT,243.2134,True
2,10,JoinHeavy,3,Q7,SELECT,144.1285,True
2,10,JoinHeavy,4,Q10,SELECT,131.5007,True
2,10,JoinHeavy,5,Q5,SELECT,99.3846,True
2,10,JoinHeavy,6,Q3,SELECT,249.6515,True
2,10,JoinHeavy,7,Q18,SELECT,2228.8042,True
2,10,JoinHeavy,8,Q3,SELECT,243.3619,True
2,10,JoinHeavy,9,Q7,SELECT,138.9856,True
2,10,JoinHeavy,10,Q5,SELECT,99.9903,True
2,10,JoinHeavy,11,Q5,SELECT,100.1372,True
2,10,JoinHeavy,12,Q7,SELECT,139.1156,True
2,10,JoinHeavy,13,Q5,SELECT,101.494,True
2,10,JoinHeavy,14,Q3,SELECT,243.4428,True
2,10,JoinHeavy,15,Q3,SELECT,241.4236,True
2,10,JoinHeavy,16,Q10,SELECT,126.3405,True
2,10,JoinHeavy,17,Q3,SELECT,242.7763,True
2,10,JoinHeavy,18,Q3,SELECT,246.062,True
2,10,JoinHeavy,19,Q18,SELECT,2225.8787,True
2,10,JoinHeavy,20,Q5,SELECT,99.9043,True
2,10,JoinHeavy,21,Q18,SELECT,2239.0225,True
2,10,JoinHeavy,22,I_customer,INSERT,0.8437,True
2,10,JoinHeavy,23,I_customer,INSERT,0.3177,True
2,10,JoinHeavy,24,I_customer,INSERT,0.303,True
2,10,JoinHeavy,25,I_customer,INSERT,0.2496,True
2,10,JoinHeavy,26,I_customer,INSERT,0.2268,True
2,10,JoinHeavy,27,I_customer,INSERT,0.2308,True
2,10,JoinHeavy,28,I_customer,INSERT,0.2305,True
2,10,JoinHeavy,29,I_customer,INSERT,0.2174,True
2,10,JoinHeavy,30,I_customer,INSERT,0.2211,True
2,10,JoinHeavy,31,I_customer,INSERT,0.1772,True
2,10,JoinHeavy,32,I_customer,INSERT,0.1577,True
2,10,JoinHeavy,33,I_customer,INSERT,0.16,True
2,10,JoinHeavy,34,I_customer,INSERT,0.1591,True
2,10,JoinHeavy,35,I_customer,INSERT,0.1605,True
2,10,JoinHeavy,36,I_customer,INSERT,0.1603,True
2,10,JoinHeavy,37,I_customer,INSERT,0.157,True
2,10,JoinHeavy,38,I_customer,INSERT,0.1601,True
2,10,JoinHeavy,39,I_customer,INSERT,0.1662,True
2,11,JoinHeavy,0,Q5,SELECT,101.7141,True
2,11,JoinHeavy,1,Q5,SELECT,100.5387,True
2,11,JoinHeavy,2,Q10,SELECT,126.9468,True
2,11,JoinHeavy,3,Q3,SELECT,242.8032,True
2,11,JoinHeavy,4,Q5,SELECT,98.6795,True
2,11,JoinHeavy,5,Q10,SELECT,125.3754,True
2,11,JoinHeavy,6,Q7,SELECT,138.557,True
2,11,JoinHeavy,7,Q18,SELECT,2224.2054,True
2,11,JoinHeavy,8,Q3,SELECT,244.4293,True
2,11,JoinHeavy,9,Q3,SELECT,244.8357,True
2,11,JoinHeavy,10,Q7,SELECT,139.2844,True
2,11,JoinHeavy,11,Q10,SELECT,126.5795,True
2,11,JoinHeavy,12,Q3,SELECT,242.5123,True
2,11,JoinHeavy,13,Q5,SELECT,98.8999,True
2,11,JoinHeavy,14,Q18,SELECT,2224.5392,True
2,11,JoinHeavy,15,Q3,SELECT,245.8537,True
2,11,JoinHeavy,16,Q10,SELECT,128.5781,True
2,11,JoinHeavy,17,Q5,SELECT,99.8561,True
2,11,JoinHeavy,18,Q7,SELECT,139.2964,True
2,11,JoinHeavy,19,Q10,SELECT,126.525,True
2,11,JoinHeavy,20,Q5,SELECT,99.2275,True
2,11,JoinHeavy,21,Q5,SELECT,100.2702,True
2,11,JoinHeavy,22,I_customer,INSERT,0.7662,True
2,11,JoinHeavy,23,I_customer,INSERT,0.28,True
2,11,JoinHeavy,24,I_customer,INSERT,0.2321,True
2,11,JoinHeavy,25,I_customer,INSERT,0.2224,True
2,11,JoinHeavy,26,I_customer,INSERT,0.2197,True
2,11,JoinHeavy,27,I_customer,INSERT,0.2203,True
2,11,JoinHeavy,28,I_customer,INSERT,0.2168,True
2,11,JoinHeavy,29,I_customer,INSERT,0.2214,True
2,11,JoinHeavy,30,I_customer,INSERT,0.2195,True
2,11,JoinHeavy,31,I_customer,INSERT,0.2387,True
2,11,JoinHeavy,32,I_customer,INSERT,0.1871,True
2,11,JoinHeavy,33,I_customer,INSERT,0.1749,True
2,11,JoinHeavy,34,I_customer,INSERT,0.1593,True
2,11,JoinHeavy,35,I_customer,INSERT,0.1532,True
2,11,JoinHeavy,36,I_customer,INSERT,0.1595,True
2,11,JoinHeavy,37,I_customer,INSERT,0.1521,True
2,11,JoinHeavy,38,I_customer,INSERT,0.1503,True
2,11,JoinHeavy,39,I_customer,INSERT,0.3915,True
2,12,JoinHeavy,0,Q5,SELECT,99.886,True
2,12,JoinHeavy,1,Q18,SELECT,2262.7363,True
2,12,JoinHeavy,2,Q5,SELECT,105.4179,True
2,12,JoinHeavy,3,Q3,SELECT,243.3802,True
2,12,JoinHeavy,4,Q7,SELECT,138.894,True
2,12,JoinHeavy,5,Q10,SELECT,125.7615,True
2,12,JoinHeavy,6,Q10,SELECT,126.8332,True
2,12,JoinHeavy,7,Q7,SELECT,139.0473,True
2,12,JoinHeavy,8,Q3,SELECT,242.8622,True
2,12,JoinHeavy,9,Q3,SELECT,243.3935,True
2,12,JoinHeavy,10,Q5,SELECT,99.2794,True
2,12,JoinHeavy,11,Q5,SELECT,99.5941,True
2,12,JoinHeavy,12,Q5,SELECT,100.2007,True
2,12,JoinHeavy,13,Q10,SELECT,127.6555,True
2,12,JoinHeavy,14,Q18,SELECT,2222.2725,True
2,12,JoinHeavy,15,Q10,SELECT,129.048,True
2,12,JoinHeavy,16,Q18,SELECT,2243.5753,True
2,12,JoinHeavy,17,Q5,SELECT,99.4278,True
2,12,JoinHeavy,18,Q5,SELECT,100.174,True
2,12,JoinHeavy,19,Q18,SELECT,2268.9897,True
2,12,JoinHeavy,20,Q18,SELECT,2256.5026,True
2,12,JoinHeavy,21,Q18,SELECT,2293.1311,True
2,12,JoinHeavy,22,I_customer,INSERT,2.042,True
2,12,JoinHeavy,23,I_customer,INSERT,0.1795,True
2,12,JoinHeavy,24,I_customer,INSERT,0.1716,True
2,12,JoinHeavy,25,I_customer,INSERT,0.1704,True
2,12,JoinHeavy,26,I_customer,INSERT,0.4821,True
2,12,JoinHeavy,27,I_customer,INSERT,0.1813,True
2,12,JoinHeavy,28,I_customer,INSERT,0.2232,True
2,12,JoinHeavy,29,I_customer,INSERT,0.218,True
2,12,JoinHeavy,30,I_customer,INSERT,0.2172,True
2,12,JoinHeavy,31,I_customer,INSERT,0.2193,True
2,12,JoinHeavy,32,I_customer,INSERT,0.2272,True
2,12,JoinHeavy,33,I_customer,INSERT,0.2246,True
2,12,JoinHeavy,34,I_customer,INSERT,0.2137,True
2,12,JoinHeavy,35,I_customer,INSERT,0.2222,True
2,12,JoinHeavy,36,I_customer,INSERT,0.2235,True
2,12,JoinHeavy,37,I_customer,INSERT,0.1703,True
2,12,JoinHeavy,38,I_customer,INSERT,0.1582,True
2,12,JoinHeavy,39,I_customer,INSERT,0.1653,True
2,13,JoinHeavy,0,Q3,SELECT,243.6233,True
2,13,JoinHeavy,1,Q7,SELECT,139.3491,True
2,13,JoinHeavy,2,Q3,SELECT,246.6367,True
2,13,JoinHeavy,3,Q10,SELECT,126.8044,True
2,13,JoinHeavy,4,Q3,SELECT,242.1637,True
2,13,JoinHeavy,5,Q3,SELECT,243.9191,True
2,13,JoinHeavy,6,Q5,SELECT,99.6226,True
2,13,JoinHeavy,7,Q3,SELECT,241.5852,True
2,13,JoinHeavy,8,Q18,SELECT,2215.0916,True
2,13,JoinHeavy,9,Q3,SELECT,242.697,True
2,13,JoinHeavy,10,Q5,SELECT,100.4292,True
2,13,JoinHeavy,11,Q7,SELECT,140.2307,True
2,13,JoinHeavy,12,Q10,SELECT,125.9662,True
2,13,JoinHeavy,13,Q5,SELECT,100.0849,True
2,13,JoinHeavy,14,Q10,SELECT,127.8618,True
2,13,JoinHeavy,15,Q18,SELECT,2256.8688,True
2,13,JoinHeavy,16,Q7,SELECT,139.093,True
2,13,JoinHeavy,17,Q18,SELECT,2246.3972,True
2,13,JoinHeavy,18,Q7,SELECT,140.9026,True
2,13,JoinHeavy,19,Q5,SELECT,99.9676,True
2,13,JoinHeavy,20,Q5,SELECT,99.6815,True
2,13,JoinHeavy,21,Q7,SELECT,138.9562,True
2,13,JoinHeavy,22,I_customer,INSERT,0.6208,True
2,13,JoinHeavy,23,I_customer,INSERT,0.2911,True
2,13,JoinHeavy,24,I_customer,INSERT,0.2525,True
2,13,JoinHeavy,25,I_customer,INSERT,0.2193,True
2,13,JoinHeavy,26,I_customer,INSERT,0.1939,True
2,13,JoinHeavy,27,I_customer,INSERT,0.185,True
2,13,JoinHeavy,28,I_customer,INSERT,0.1846,True
2,13,JoinHeavy,29,I_customer,INSERT,0.18,True
2,13,JoinHeavy,30,I_customer,INSERT,0.1785,True
2,13,JoinHeavy,31,I_customer,INSERT,0.178,True
2,13,JoinHeavy,32,I_customer,INSERT,0.1812,True
2,13,JoinHeavy,33,I_customer,INSERT,0.1734,True
2,13,JoinHeavy,34,I_customer,INSERT,0.19,True
2,13,JoinHeavy,35,I_customer,INSERT,0.1984,True
2,13,JoinHeavy,36,I_customer,INSERT,0.1912,True
2,13,JoinHeavy,37,I_customer,INSERT,0.1789,True
2,13,JoinHeavy,38,I_customer,INSERT,0.1599,True
2,13,JoinHeavy,39,I_customer,INSERT,0.1492,True
2,14,JoinHeavy,0,Q18,SELECT,2249.89,True
2,14,JoinHeavy,1,Q5,SELECT,100.7611,True
2,14,JoinHeavy,2,Q7,SELECT,138.2347,True
2,14,JoinHeavy,3,Q3,SELECT,241.2947,True
2,14,JoinHeavy,4,Q7,SELECT,139.6282,True
2,14,JoinHeavy,5,Q7,SELECT,139.8936,True
2,14,JoinHeavy,6,Q3,SELECT,242.0011,True
2,14,JoinHeavy,7,Q10,SELECT,125.418,True
2,14,JoinHeavy,8,Q10,SELECT,127.9954,True
2,14,JoinHeavy,9,Q5,SELECT,101.4979,True
2,14,JoinHeavy,10,Q3,SELECT,241.0551,True
2,14,JoinHeavy,11,Q10,SELECT,126.5678,True
2,14,JoinHeavy,12,Q5,SELECT,99.3916,True
2,14,JoinHeavy,13,Q5,SELECT,100.9833,True
2,14,JoinHeavy,14,Q3,SELECT,242.3624,True
2,14,JoinHeavy,15,Q7,SELECT,140.2688,True
2,14,JoinHeavy,16,Q10,SELECT,125.7417,True
2,14,JoinHeavy,17,Q5,SELECT,98.9613,True
2,14,JoinHeavy,18,Q5,SELECT,100.4397,True
2,14,JoinHeavy,19,Q7,SELECT,139.233,True
2,14,JoinHeavy,20,Q3,SELECT,241.6975,True
2,14,JoinHeavy,21,Q3,SELECT,242.5429,True
2,14,JoinHeavy,22,I_customer,INSERT,1.05,True
2,14,JoinHeavy,23,I_customer,INSERT,0.2205,True
2,14,JoinHeavy,24,I_customer,INSERT,0.2595,True
2,14,JoinHeavy,25,I_customer,INSERT,0.2703,True
2,14,JoinHeavy,26,I_customer,INSERT,0.2374,True
2,14,JoinHeavy,27,I_customer,INSERT,0.2043,True
2,14,JoinHeavy,28,I_customer,INSERT,0.1924,True
2,14,JoinHeavy,29,I_customer,INSERT,0.1869,True
2,14,JoinHeavy,30,I_customer,INSERT,0.1845,True
2,14,JoinHeavy,31,I_customer,INSERT,0.1778,True
2,14,JoinHeavy,32,I_customer,INSERT,0.1773,True
2,14,JoinHeavy,33,I_customer,INSERT,0.1781,True
2,14,JoinHeavy,34,I_customer,INSERT,0.1783,True
2,14,JoinHeavy,35,I_customer,INSERT,0.177,True
2,14,JoinHeavy,36,I_customer,INSERT,0.1784,True
2,14,JoinHeavy,37,I_customer,INSERT,0.2068,True
2,14,JoinHeavy,38,I_customer,INSERT,0.1649,True
2,14,JoinHeavy,39,I_customer,INSERT,0.1822,True
2,15,JoinHeavy,0,Q3,SELECT,245.8414,True
2,15,JoinHeavy,1,Q5,SELECT,101.0211,True
2,15,JoinHeavy,2,Q5,SELECT,99.2807,True
2,15,JoinHeavy,3,Q5,SELECT,98.6198,True
2,15,JoinHeavy,4,Q7,SELECT,138.0571,True
2,15,JoinHeavy,5,Q3,SELECT,240.7173,True
2,15,JoinHeavy,6,Q7,SELECT,137.964,True
2,15,JoinHeavy,7,Q5,SELECT,99.1989,True
2,15,JoinHeavy,8,Q3,SELECT,243.9121,True
2,15,JoinHeavy,9,Q10,SELECT,126.8417,True
2,15,JoinHeavy,10,Q3,SELECT,241.8446,True
2,15,JoinHeavy,11,Q7,SELECT,139.6217,True
2,15,JoinHeavy,12,Q10,SELECT,126.4937,True
2,15,JoinHeavy,13,Q7,SELECT,139.6515,True
2,15,JoinHeavy,14,Q3,SELECT,245.399,True
2,15,JoinHeavy,15,Q7,SELECT,139.3045,True
2,15,JoinHeavy,16,Q7,SELECT,139.731,True
2,15,JoinHeavy,17,Q18,SELECT,2165.7531,True
2,15,JoinHeavy,18,Q10,SELECT,126.6207,True
2,15,JoinHeavy,19,Q3,SELECT,243.1886,True
2,15,JoinHeavy,20,Q5,SELECT,100.4854,True
2,15,JoinHeavy,21,Q10,SELECT,126.6648,True
2,15,JoinHeavy,22,I_customer,INSERT,0.4068,True
2,15,JoinHeavy,23,I_customer,INSERT,0.1845,True
2,15,JoinHeavy,24,I_customer,INSERT,0.2135,True
2,15,JoinHeavy,25,I_customer,INSERT,0.2279,True
2,15,JoinHeavy,26,I_customer,INSERT,0.2184,True
2,15,JoinHeavy,27,I_customer,INSERT,0.2155,True
2,15,JoinHeavy,28,I_customer,INSERT,0.2187,True
2,15,JoinHeavy,29,I_customer,INSERT,0.48,True
2,15,JoinHeavy,30,I_customer,INSERT,0.2033,True
2,15,JoinHeavy,31,I_customer,INSERT,0.1712,True
2,15,JoinHeavy,32,I_customer,INSERT,0.1811,True
2,15,JoinHeavy,33,I_customer,INSERT,0.1748,True
2,15,JoinHeavy,34,I_customer,INSERT,0.1715,True
2,15,JoinHeavy,35,I_customer,INSERT,0.1733,True
2,15,JoinHeavy,36,I_customer,INSERT,0.2,True
2,15,JoinHeavy,37,I_customer,INSERT,0.2474,True
2,15,JoinHeavy,38,I_customer,INSERT,0.2189,True
2,15,JoinHeavy,39,I_customer,INSERT,0.208,True
2,16,Procurement,0,D_orders,DELETE,0.2842,True
2,16,Procurement,1,D_orders,DELETE,0.2183,True
2,16,Procurement,2,D_orders,DELETE,0.1625,True
2,16,Procurement,3,D_orders,DELETE,0.1512,True
2,16,Procurement,4,Q11,SELECT,52.6229,True
2,16,Procurement,5,Q17,SELECT,1029.9939,True
2,16,Procurement,6,Q1,SELECT,529.1366,True
2,16,Procurement,7,Q11,SELECT,51.042,True
2,16,Procurement,8,Q17,SELECT,1036.6161,True
2,16,Procurement,9,Q11,SELECT,51.1282,True
2,16,Procurement,10,Q17,SELECT,1039.4557,True
2,16,Procurement,11,Q11,SELECT,51.6309,True
2,16,Procurement,12,Q17,SELECT,1040.2199,True
2,16,Procurement,13,Q6,SELECT,165.4275,True
2,16,Procurement,14,Q17,SELECT,1032.6698,True
2,16,Procurement,15,Q1,SELECT,523.518,True
2,16,Procurement,16,Q17,SELECT,1028.1948,True
2,16,Procurement,17,Q11,SELECT,51.3553,True
2,16,Procurement,18,Q6,SELECT,165.2002,True
2,16,Procurement,19,Q11,SELECT,50.6573,True
2,16,Procurement,20,Q11,SELECT,51.7979,True
2,16,Procurement,21,Q11,SELECT,51.0736,True
2,16,Procurement,22,Q11,SELECT,50.7807,True
2,16,Procurement,23,Q17,SELECT,1025.6166,True
2,16,Procurement,24,Q14,SELECT,79.6971,True
2,17,Procurement,0,D_orders,DELETE,0.4576,True
2,17,Procurement,1,D_orders,DELETE,1.2102,True
2,17,Procurement,2,D_orders,DELETE,0.2295,True
2,17,Procurement,3,D_orders,DELETE,0.1305,True
2,17,Procurement,4,Q17,SELECT,1029.979,True
2,17,Procurement,5,Q14,SELECT,79.4704,True
2,17,Procurement,6,Q1,SELECT,525.8432,True
2,17,Procurement,7,Q17,SELECT,1063.6868,True
2,17,Procurement,8,Q1,SELECT,526.9348,True
2,17,Procurement,9,Q14,SELECT,79.0773,True
2,17,Procurement,10,Q1,SELECT,528.1127,True
2,17,Procurement,11,Q6,SELECT,164.6355,True
2,17,Procurement,12,Q11,SELECT,50.6099,True
2,17,Procurement,13,Q17,SELECT,1034.5264,True
2,17,Procurement,14,Q11,SELECT,50.7236,True
2,17,Procurement,15,Q14,SELECT,78.309,True
2,17,Procurement,16,Q17,SELECT,1032.5782,True
2,17,Procurement,17,Q11,SELECT,51.2418,True
2,17,Procurement,18,Q6,SELECT,166.8893,True
2,17,Procurement,19,Q11,SELECT,50.3633,True
2,17,Procurement,20,Q14,SELECT,77.9871,True
2,17,Procurement,21,Q11,SELECT,51.6609,True
2,17,Procurement,22,Q11,SELECT,51.1781,True
2,17,Procurement,23,Q14,SELECT,78.1137,True
2,17,Procurement,24,Q11,SELECT,50.6587,True
2,18,Procurement,0,D_orders,DELETE,0.4486,True
2,18,Procurement,1,D_orders,DELETE,0.1672,True
2,18,Procurement,2,D_orders,DELETE,0.1769,True
2,18,Procurement,3,D_orders,DELETE,1.1369,True
2,18,Procurement,4,Q17,SELECT,1020.6262,True
2,18,Procurement,5,Q6,SELECT,164.6398,True
2,18,Procurement,6,Q6,SELECT,164.8065,True
2,18,Procurement,7,Q1,SELECT,524.3831,True
2,18,Procurement,8,Q6,SELECT,166.5618,True
2,18,Procurement,9,Q6,SELECT,164.0105,True
2,18,Procurement,10,Q17,SELECT,1014.744,True
2,18,Procurement,11,Q14,SELECT,79.6874,True
2,18,Procurement,12,Q17,SELECT,1038.7556,True
2,18,Procurement,13,Q6,SELECT,164.5785,True
2,18,Procurement,14,Q17,SELECT,1019.7247,True
2,18,Procurement,15,Q1,SELECT,526.9323,True
2,18,Procurement,16,Q17,SELECT,1028.6246,True
2,18,Procurement,17,Q1,SELECT,524.5743,True
2,18,Procurement,18,Q6,SELECT,164.3679,True
2,18,Procurement,19,Q17,SELECT,1039.1385,True
2,18,Procurement,20,Q6,SELECT,165.0776,True
2,18,Procurement,21,Q17,SELECT,1026.0758,True
2,18,Procurement,22,Q11,SELECT,51.1197,True
2,18,Procurement,23,Q11,SELECT,51.398,True
2,18,Procurement,24,Q14,SELECT,77.8958,True
2,19,Procurement,0,D_orders,DELETE,0.2877,True
2,19,Procurement,1,D_orders,DELETE,0.1211,True
2,19,Procurement,2,D_orders,DELETE,0.547,True
2,19,Procurement,3,D_orders,DELETE,0.1367,True
2,19,Procurement,4,Q1,SELECT,523.749,True
2,19,Procurement,5,Q11,SELECT,51.8886,True
2,19,Procurement,6,Q11,SELECT,51.5365,True
2,19,Procurement,7,Q14,SELECT,79.0682,True
2,19,Procurement,8,Q17,SELECT,1007.7607,True
2,19,Procurement,9,Q17,SELECT,1020.2303,True
2,19,Procurement,10,Q1,SELECT,516.4147,True
2,19,Procurement,11,Q6,SELECT,166.1834,True
2,19,Procurement,12,Q11,SELECT,52.0091,True
2,19,Procurement,13,Q11,SELECT,50.9,True
2,19,Procurement,14,Q6,SELECT,165.6777,True
2,19,Procurement,15,Q17,SELECT,1037.4827,True
2,19,Procurement,16,Q1,SELECT,526.0171,True
2,19,Procurement,17,Q11,SELECT,51.5441,True
2,19,Procurement,18,Q14,SELECT,78.7305,True
2,19,Procurement,19,Q6,SELECT,165.777,True
2,19,Procurement,20,Q14,SELECT,78.3349,True
2,19,Procurement,21,Q17,SELECT,1033.5652,True
2,19,Procurement,22,Q11,SELECT,50.9115,True
2,19,Procurement,23,Q6,SELECT,164.2059,True
2,19,Procurement,24,Q14,SELECT,81.398,True
2,20,Procurement,0,D_orders,DELETE,0.4417,True
2,20,Procurement,1,D_orders,DELETE,0.5096,True
2,20,Procurement,2,D_orders,DELETE,0.1373,True
2,20,Procurement,3,D_orders,DELETE,0.1259,True
2,20,Procurement,4,Q17,SELECT,1016.7014,True
2,20,Procurement,5,Q17,SELECT,1040.3416,True
2,20,Procurement,6,Q11,SELECT,51.3623,True
2,20,Procurement,7,Q6,SELECT,166.6599,True
2,20,Procurement,8,Q11,SELECT,51.083,True
2,20,Procurement,9,Q1,SELECT,528.1492,True
2,20,Procurement,10,Q17,SELECT,1028.3705,True
2,20,Procurement,11,Q14,SELECT,78.7964,True
2,20,Procurement,12,Q14,SELECT,79.554,True
2,20,Procurement,13,Q14,SELECT,78.6769,True
2,20,Procurement,14,Q6,SELECT,166.2398,True
2,20,Procurement,15,Q14,SELECT,78.2995,True
2,20,Procurement,16,Q17,SELECT,1026.4937,True
2,20,Procurement,17,Q11,SELECT,51.2319,True
2,20,Procurement,18,Q14,SELECT,78.9365,True
2,20,Procurement,19,Q11,SELECT,50.7452,True
2,20,Procurement,20,Q11,SELECT,50.7047,True
2,20,Procurement,21,Q6,SELECT,164.9523,True
2,20,Procurement,22,Q6,SELECT,168.0869,True
2,20,Procurement,23,Q17,SELECT,1028.7907,True
2,20,Procurement,24,Q6,SELECT,165.8495,True
2,21,Procurement,0,D_orders,DELETE,0.4385,True
2,21,Procurement,1,D_orders,DELETE,0.5668,True
2,21,Procurement,2,D_orders,DELETE,0.4738,True
2,21,Procurement,3,D_orders,DELETE,0.1463,True
2,21,Procurement,4,Q14,SELECT,82.1975,True
2,21,Procurement,5,Q17,SELECT,1015.1282,True
2,21,Procurement,6,Q1,SELECT,537.3827,True
2,21,Procurement,7,Q11,SELECT,52.0163,True
2,21,Procurement,8,Q17,SELECT,1031.7068,True
2,21,Procurement,9,Q11,SELECT,50.5186,True
2,21,Procurement,10,Q11,SELECT,51.477,True
2,21,Procurement,11,Q1,SELECT,527.9767,True
2,21,Procurement,12,Q17,SELECT,1043.615,True
2,21,Procurement,13,Q1,SELECT,523.139,True
2,21,Procurement,14,Q1,SELECT,527.3399,True
2,21,Procurement,15,Q1,SELECT,524.6333,True
2,21,Procurement,16,Q6,SELECT,163.6288,True
2,21,Procurement,17,Q17,SELECT,1010.6846,True
2,21,Procurement,18,Q14,SELECT,79.7256,True
2,21,Procurement,19,Q14,SELECT,79.1264,True
2,21,Procurement,20,Q1,SELECT,523.1415,True
2,21,Procurement,21,Q11,SELECT,51.0371,True
2,21,Procurement,22,Q14,SELECT,78.0753,True
2,21,Procurement,23,Q1,SELECT,527.5584,True
2,21,Procurement,24,Q17,SELECT,1022.2164,True
2,22,Procurement,0,D_orders,DELETE,0.4144,True
2,22,Procurement,1,D_orders,DELETE,0.585,True
2,22,Procurement,2,D_orders,DELETE,1.2456,True
2,22,Procurement,3,D_orders,DELETE,0.2015,True
2,22,Procurement,4,Q1,SELECT,524.3028,True
2,22,Procurement,5,Q11,SELECT,51.216,True
2,22,Procurement,6,Q14,SELECT,78.7573,True
2,22,Procurement,7,Q11,SELECT,51.0211,True
2,22,Procurement,8,Q14,SELECT,76.8781,True
2,22,Procurement,9,Q17,SELECT,1023.3514,True
2,22,Procurement,10,Q6,SELECT,163.1362,True
2,22,Procurement,11,Q17,SELECT,1019.8506,True
2,22,Procurement,12,Q6,SELECT,164.4909,True
2,22,Procurement,13,Q17,SELECT,1022.7602,True
2,22,Procurement,14,Q11,SELECT,52.0865,True
2,22,Procurement,15,Q11,SELECT,50.1084,True
2,22,Procurement,16,Q11,SELECT,51.2072,True
2,22,Procurement,17,Q1,SELECT,535.1449,True
2,22,Procurement,18,Q17,SELECT,1047.3897,True
2,22,Procurement,19,Q6,SELECT,163.8275,True
2,22,Procurement,20,Q17,SELECT,1034.5328,True
2,22,Procurement,21,Q1,SELECT,525.0921,True
2,22,Procurement,22,Q6,SELECT,164.2927,True
2,22,Procurement,23,Q11,SELECT,50.986,True
2,22,Procurement,24,Q11,SELECT,50.9175,True
2,23,Procurement,0,D_orders,DELETE,0.2247,True
2,23,Procurement,1,D_orders,DELETE,0.1556,True
2,23,Procurement,2,D_orders,DELETE,0.1261,True
2,23,Procurement,3,D_orders,DELETE,1.0606,True
2,23,Procurement,4,Q11,SELECT,51.7003,True
2,23,Procurement,5,Q11,SELECT,51.6969,True
2,23,Procurement,6,Q11,SELECT,51.251,True
2,23,Procurement,7,Q6,SELECT,166.425,True
2,23,Procurement,8,Q6,SELECT,165.023,True
2,23,Procurement,9,Q11,SELECT,51.9215,True
2,23,Procurement,10,Q6,SELECT,169.4716,True
2,23,Procurement,11,Q11,SELECT,51.286,True
2,23,Procurement,12,Q11,SELECT,51.1048,True
2,23,Procurement,13,Q6,SELECT,165.3715,True
2,23,Procurement,14,Q11,SELECT,50.4375,True
2,23,Procurement,15,Q14,SELECT,78.7883,True
2,23,Procurement,16,Q6,SELECT,169.3636,True
2,23,Procurement,17,Q17,SELECT,1017.3505,True
2,23,Procurement,18,Q11,SELECT,51.2254,True
2,23,Procurement,19,Q6,SELECT,166.8407,True
2,23,Procurement,20,Q17,SELECT,1028.4333,True
2,23,Procurement,21,Q11,SELECT,51.9577,True
2,23,Procurement,22,Q17,SELECT,1034.1096,True
2,23,Procurement,23,Q11,SELECT,51.3844,True
2,23,Procurement,24,Q1,SELECT,526.8757,True
2,24,Customer,0,Q3,SELECT,244.1183,True
2,24,Customer,1,U_customer,UPDATE,0.7502,True
2,24,Customer,2,Q10,SELECT,124.3499,True
2,24,Customer,3,U_customer,UPDATE,0.7182,True
2,24,Customer,4,Q3,SELECT,242.4457,True
2,24,Customer,5,U_customer,UPDATE,1.4105,True
2,24,Customer,6,Q10,SELECT,125.9512,True
2,24,Customer,7,U_customer,UPDATE,1.0845,True
2,24,Customer,8,Q5,SELECT,101.0345,True
2,24,Customer,9,U_customer,UPDATE,0.633,True
2,24,Customer,10,Q5,SELECT,99.4278,True
2,24,Customer,11,U_customer,UPDATE,0.7541,True
2,24,Customer,12,Q18,SELECT,2200.7615,True
2,24,Customer,13,U_customer,UPDATE,0.4533,True
2,24,Customer,14,Q3,SELECT,242.5065,True
2,24,Customer,15,U_customer,UPDATE,0.7925,True
2,24,Customer,16,Q7,SELECT,138.3398,True
2,24,Customer,17,U_customer,UPDATE,0.7889,True
2,24,Customer,18,Q10,SELECT,125.8794,True
2,24,Customer,19,U_customer,UPDATE,0.6817,True
2,25,Customer,0,Q7,SELECT,139.9561,True
2,25,Customer,1,U_customer,UPDATE,0.9654,True
2,25,Customer,2,Q3,SELECT,242.3551,True
2,25,Customer,3,U_customer,UPDATE,0.8057,True
2,25,Customer,4,Q18,SELECT,2158.9636,True
2,25,Customer,5,U_customer,UPDATE,0.7001,True
2,25,Customer,6,Q5,SELECT,101.3837,True
2,25,Customer,7,U_customer,UPDATE,1.3822,True
2,25,Customer,8,Q18,SELECT,2139.9882,True
2,25,Customer,9,U_customer,UPDATE,0.9103,True
2,25,Customer,10,Q5,SELECT,101.6147,True
2,25,Customer,11,U_customer,UPDATE,3.9888,True
2,25,Customer,12,Q18,SELECT,2196.172,True
2,25,Customer,13,U_customer,UPDATE,0.7137,True
2,25,Customer,14,Q18,SELECT,2229.3529,True
2,25,Customer,15,U_customer,UPDATE,0.6975,True
2,25,Customer,16,Q5,SELECT,101.7319,True
2,25,Customer,17,U_customer,UPDATE,1.4345,True
2,25,Customer,18,Q10,SELECT,126.5854,True
2,25,Customer,19,U_customer,UPDATE,1.4052,True
2,26,Customer,0,Q18,SELECT,2216.9305,True
2,26,Customer,1,U_customer,UPDATE,0.6097,True
2,26,Customer,2,Q3,SELECT,254.2956,True
2,26,Customer,3,U_customer,UPDATE,1.193,True
2,26,Customer,4,Q10,SELECT,126.795,True
2,26,Customer,5,U_customer,UPDATE,1.345,True
2,26,Customer,6,Q3,SELECT,242.1929,True
2,26,Customer,7,U_customer,UPDATE,1.4364,True
2,26,Customer,8,Q10,SELECT,126.0737,True
2,26,Customer,9,U_customer,UPDATE,1.3372,True
2,26,Customer,10,Q5,SELECT,99.6107,True
2,26,Customer,11,U_customer,UPDATE,1.2359,True
2,26,Customer,12,Q18,SELECT,2224.2081,True
2,26,Customer,13,U_customer,UPDATE,0.875,True
2,26,Customer,14,Q3,SELECT,243.9517,True
2,26,Customer,15,U_customer,UPDATE,0.727,True
2,26,Customer,16,Q10,SELECT,129.1382,True
2,26,Customer,17,U_customer,UPDATE,0.6917,True
2,26,Customer,18,Q18,SELECT,2227.5688,True
2,26,Customer,19,U_customer,UPDATE,0.6653,True
2,27,Customer,0,Q18,SELECT,2246.1459,True
2,27,Customer,1,U_customer,UPDATE,0.6227,True
2,27,Customer,2,Q3,SELECT,245.5135,True
2,27,Customer,3,U_customer,UPDATE,1.3064,True
2,27,Customer,4,Q7,SELECT,138.5237,True
2,27,Customer,5,U_customer,UPDATE,0.6682,True
2,27,Customer,6,Q18,SELECT,2250.7547,True
2,27,Customer,7,U_customer,UPDATE,0.7894,True
2,27,Customer,8,Q3,SELECT,244.6669,True
2,27,Customer,9,U_customer,UPDATE,0.7179,True
2,27,Customer,10,Q10,SELECT,126.1673,True
2,27,Customer,11,U_customer,UPDATE,0.7388,True
2,27,Customer,12,Q3,SELECT,242.8528,True
2,27,Customer,13,U_customer,UPDATE,0.7102,True
2,27,Customer,14,Q3,SELECT,242.2587,True
2,27,Customer,15,U_customer,UPDATE,0.7846,True
2,27,Customer,16,Q3,SELECT,241.2955,True
2,27,Customer,17,U_customer,UPDATE,0.7278,True
2,27,Customer,18,Q3,SELECT,241.8156,True
2,27,Customer,19,U_customer,UPDATE,0.7471,True
2,28,Customer,0,Q18,SELECT,2191.1345,True
2,28,Customer,1,U_customer,UPDATE,0.4737,True
2,28,Customer,2,Q3,SELECT,242.4773,True
2,28,Customer,3,U_customer,UPDATE,0.7374,True
2,28,Customer,4,Q5,SELECT,99.5055,True
2,28,Customer,5,U_customer,UPDATE,0.7328,True
2,28,Customer,6,Q18,SELECT,2259.1189,True
2,28,Customer,7,U_customer,UPDATE,0.2606,True
2,28,Customer,8,Q18,SELECT,2258.1665,True
2,28,Customer,9,U_customer,UPDATE,0.4317,True
2,28,Customer,10,Q18,SELECT,2281.21,True
2,28,Customer,11,U_customer,UPDATE,0.4723,True
2,28,Customer,12,Q3,SELECT,241.3366,True
2,28,Customer,13,U_customer,UPDATE,0.7438,True
2,28,Customer,14,Q3,SELECT,242.8335,True
2,28,Customer,15,U_customer,UPDATE,0.7536,True
2,28,Customer,16,Q18,SELECT,2266.206,True
2,28,Customer,17,U_customer,UPDATE,0.8263,True
2,28,Customer,18,Q10,SELECT,127.1847,True
2,28,Customer,19,U_customer,UPDATE,1.3452,True
2,29,Customer,0,Q18,SELECT,2237.0398,True
2,29,Customer,1,U_customer,UPDATE,0.8274,True
2,29,Customer,2,Q10,SELECT,126.2718,True
2,29,Customer,3,U_customer,UPDATE,1.1956,True
2,29,Customer,4,Q10,SELECT,125.8822,True
2,29,Customer,5,U_customer,UPDATE,0.721,True
2,29,Customer,6,Q7,SELECT,139.9787,True
2,29,Customer,7,U_customer,UPDATE,0.7608,True
2,29,Customer,8,Q7,SELECT,138.4577,True
2,29,Customer,9,U_customer,UPDATE,0.7291,True
2,29,Customer,10,Q7,SELECT,139.4898,True
2,29,Customer,11,U_customer,UPDATE,0.593,True
2,29,Customer,12,Q3,SELECT,241.9218,True
2,29,Customer,13,U_customer,UPDATE,0.7513,True
2,29,Customer,14,Q10,SELECT,127.1972,True
2,29,Customer,15,U_customer,UPDATE,0.7887,True
2,29,Customer,16,Q3,SELECT,242.2733,True
2,29,Customer,17,U_customer,UPDATE,0.7614,True
2,29,Customer,18,Q10,SELECT,124.9824,True
2,29,Customer,19,U_customer,UPDATE,0.7239,True
2,30,Customer,0,Q10,SELECT,129.0382,True
2,30,Customer,1,U_customer,UPDATE,0.758,True
2,30,Customer,2,Q10,SELECT,126.5622,True
2,30,Customer,3,U_customer,UPDATE,0.7604,True
2,30,Customer,4,Q18,SELECT,2193.9367,True
2,30,Customer,5,U_customer,UPDATE,0.614,True
2,30,Customer,6,Q3,SELECT,246.1253,True
2,30,Customer,7,U_customer,UPDATE,1.3736,True
2,30,Customer,8,Q18,SELECT,2291.245,True
2,30,Customer,9,U_customer,UPDATE,0.7288,True
2,30,Customer,10,Q10,SELECT,126.6514,True
2,30,Customer,11,U_customer,UPDATE,1.3724,True
2,30,Customer,12,Q3,SELECT,243.258,True
2,30,Customer,13,U_customer,UPDATE,0.7488,True
2,30,Customer,14,Q18,SELECT,2265.3041,True
2,30,Customer,15,U_customer,UPDATE,0.3279,True
2,30,Customer,16,Q10,SELECT,129.6644,True
2,30,Customer,17,U_customer,UPDATE,0.6088,True
2,30,Customer,18,Q3,SELECT,240.8003,True
2,30,Customer,19,U_customer,UPDATE,0.7235,True
2,31,Customer,0,Q10,SELECT,128.2073,True
2,31,Customer,1,U_customer,UPDATE,0.4767,True
2,31,Customer,2,Q10,SELECT,126.2742,True
2,31,Customer,3,U_customer,UPDATE,0.475,True
2,31,Customer,4,Q3,SELECT,241.3976,True
2,31,Customer,5,U_customer,UPDATE,1.3386,True
2,31,Customer,6,Q3,SELECT,241.011,True
2,31,Customer,7,U_customer,UPDATE,1.389,True
2,31,Customer,8,Q10,SELECT,125.5688,True
2,31,Customer,9,U_customer,UPDATE,1.5316,True
2,31,Customer,10,Q3,SELECT,242.5753,True
2,31,Customer,11,U_customer,UPDATE,1.2718,True
2,31,Customer,12,Q18,SELECT,2181.5223,True
2,31,Customer,13,U_customer,UPDATE,0.736,True
2,31,Customer,14,Q3,SELECT,244.9893,True
2,31,Customer,15,U_customer,UPDATE,1.3581,True
2,31,Customer,16,Q3,SELECT,242.5969,True
2,31,Customer,17,U_customer,UPDATE,1.2488,True
2,31,Customer,18,Q7,SELECT,139.6293,True
2,31,Customer,19,U_customer,UPDATE,1.3805,True
3,0,Reporting,0,Q6,SELECT,167.8374,True
3,0,Reporting,1,Q12,SELECT,231.7645,True
3,0,Reporting,2,U_orders,UPDATE,0.5598,True
3,0,Reporting,3,Q4,SELECT,98.7612,True
3,0,Reporting,4,U_orders,UPDATE,0.6492,True
3,0,Reporting,5,Q14,SELECT,78.8181,True
3,0,Reporting,6,U_orders,UPDATE,0.425,True
3,0,Reporting,7,Q1,SELECT,540.6617,True
3,0,Reporting,8,Q14,SELECT,79.3969,True
3,0,Reporting,9,Q6,SELECT,165.2936,True
3,0,Reporting,10,Q1,SELECT,526.9068,True
3,0,Reporting,11,Q1,SELECT,527.6045,True
3,0,Reporting,12,Q14,SELECT,78.6279,True
3,0,Reporting,13,Q14,SELECT,78.3022,True
3,0,Reporting,14,Q12,SELECT,230.131,True
3,0,Reporting,15,Q4,SELECT,79.974,True
3,0,Reporting,16,Q1,SELECT,527.2626,True
3,0,Reporting,17,Q4,SELECT,81.7223,True
3,0,Reporting,18,Q1,SELECT,533.6581,True
3,0,Reporting,19,U_orders,UPDATE,0.9304,True
3,0,Reporting,20,Q12,SELECT,233.5677,True
3,0,Reporting,21,Q4,SELECT,80.2963,True
3,0,Reporting,22,Q1,SELECT,531.5402,True
3,0,Reporting,23,Q1,SELECT,558.6341,True
3,0,Reporting,24,Q14,SELECT,82.4398,True
3,0,Reporting,25,U_orders,UPDATE,0.3188,True
3,0,Reporting,26,Q6,SELECT,169.1774,True
3,0,Reporting,27,U_orders,UPDATE,0.6299,True
3,0,Reporting,28,Q4,SELECT,79.7158,True
3,0,Reporting,29,Q6,SELECT,163.0842,True
3,1,Reporting,0,U_orders,UPDATE,0.856,True
3,1,Reporting,1,Q1,SELECT,536.0801,True
3,1,Reporting,2,Q1,SELECT,570.9193,True
3,1,Reporting,3,Q1,SELECT,579.7091,True
3,1,Reporting,4,Q14,SELECT,83.6023,True
3,1,Reporting,5,Q1,SELECT,577.176,True
3,1,Reporting,6,U_orders,UPDATE,1.2881,True
3,1,Reporting,7,Q1,SELECT,570.01,True
3,1,Reporting,8,Q1,SELECT,589.482,True
3,1,Reporting,9,Q14,SELECT,81.1409,True
3,1,Reporting,10,Q12,SELECT,250.2763,True
3,1,Reporting,11,Q6,SELECT,170.5413,True
3,1,Reporting,12,U_orders,UPDATE,0.7811,True
3,1,Reporting,13,Q1,SELECT,555.9811,True
3,1,Reporting,14,U_orders,UPDATE,0.7438,True
3,1,Reporting,15,Q1,SELECT,567.4609,True
3,1,Reporting,16,Q1,SELECT,581.6368,True
3,1,Reporting,17,U_orders,UPDATE,0.6389,True
3,1,Reporting,18,Q4,SELECT,85.3791,True
3,1,Reporting,19,Q1,SELECT,583.9288,True
3,1,Reporting,20,Q14,SELECT,81.2939,True
3,1,Reporting,21,Q12,SELECT,251.5485,True
3,1,Reporting,22,Q14,SELECT,81.387,True
3,1,Reporting,23,Q12,SELECT,243.2574,True
3,1,Reporting,24,Q12,SELECT,241.3858,True
3,1,Reporting,25,Q1,SELECT,558.7828,True
3,1,Reporting,26,U_orders,UPDATE,0.6849,True
3,1,Reporting,27,Q1,SELECT,577.1199,True
3,1,Reporting,28,Q4,SELECT,83.5502,True
3,1,Reporting,29,Q6,SELECT,172.2805,True
3,2,Reporting,0,Q1,SELECT,570.2225,True
3,2,Reporting,1,Q14,SELECT,83.0575,True
3,2,Reporting,2,Q14,SELECT,82.366,True
3,2,Reporting,3,Q1,SELECT,562.316,True
3,2,Reporting,4,U_orders,UPDATE,0.659,True
3,2,Reporting,5,Q6,SELECT,176.5433,True
3,2,Reporting,6,Q4,SELECT,83.5377,True
3,2,Reporting,7,Q4,SELECT,82.5111,True
3,2,Reporting,8,Q12,SELECT,234.287,True
3,2,Reporting,9,Q1,SELECT,550.3177,True
3,2,Reporting,10,U_orders,UPDATE,0.9328,True
3,2,Reporting,11,Q14,SELECT,85.999,True
3,2,Reporting,12,Q1,SELECT,566.4758,True
3,2,Reporting,13,Q1,SELECT,562.5868,True
3,2,Reporting,14,Q1,SELECT,579.1072,True
3,2,Reporting,15,Q6,SELECT,174.3748,True
3,2,Reporting,16,U_orders,UPDATE,0.8148,True
3,2,Reporting,17,Q6,SELECT,171.2892,True
3,2,Reporting,18,Q6,SELECT,166.4,True
3,2,Reporting,19,Q6,SELECT,163.0217,True
3,2,Reporting,20,U_orders,UPDATE,0.8196,True
3,2,Reporting,21,Q6,SELECT,164.1598,True
3,2,Reporting,22,Q1,SELECT,529.1304,True
3,2,Reporting,23,Q14,SELECT,81.8268,True
3,2,Reporting,24,Q6,SELECT,166.2056,True
3,2,Reporting,25,U_orders,UPDATE,0.5158,True
3,2,Reporting,26,Q6,SELECT,162.4928,True
3,2,Reporting,27,U_orders,UPDATE,0.8133,True
3,2,Reporting,28,Q1,SELECT,538.4438,True
3,2,Reporting,29,Q14,SELECT,82.3762,True
3,3,Reporting,0,Q1,SELECT,571.4222,True
3,3,Reporting,1,Q4,SELECT,83.8862,True
3,3,Reporting,2,Q12,SELECT,243.2693,True
3,3,Reporting,3,Q1,SELECT,564.2946,True
3,3,Reporting,4,Q4,SELECT,84.158,True
3,3,Reporting,5,U_orders,UPDATE,0.7963,True
3,3,Reporting,6,Q6,SELECT,170.1277,True
3,3,Reporting,7,Q1,SELECT,556.9513,True
3,3,Reporting,8,Q1,SELECT,568.2635,True
3,3,Reporting,9,Q6,SELECT,172.5175,True
3,3,Reporting,10,U_orders,UPDATE,0.8245,True
3,3,Reporting,11,Q1,SELECT,565.0422,True
3,3,Reporting,12,Q1,SELECT,557.1765,True
3,3,Reporting,13,Q1,SELECT,582.341,True
3,3,Reporting,14,Q6,SELECT,175.2185,True
3,3,Reporting,15,Q1,SELECT,578.0162,True
3,3,Reporting,16,U_orders,UPDATE,1.2783,True
3,3,Reporting,17,Q14,SELECT,81.4373,True
3,3,Reporting,18,Q1,SELECT,567.4113,True
3,3,Reporting,19,Q12,SELECT,247.4498,True
3,3,Reporting,20,Q6,SELECT,170.5202,True
3,3,Reporting,21,Q1,SELECT,562.0175,True
3,3,Reporting,22,U_orders,UPDATE,0.7533,True
3,3,Reporting,23,Q1,SELECT,579.2805,True
3,3,Reporting,24,Q1,SELECT,570.2065,True
3,3,Reporting,25,Q6,SELECT,170.4912,True
3,3,Reporting,26,Q12,SELECT,240.6799,True
3,3,Reporting,27,U_orders,UPDATE,1.3559,True
3,3,Reporting,28,Q1,SELECT,563.7076,True
3,3,Reporting,29,U_orders,UPDATE,0.6826,True
3,4,Reporting,0,Q1,SELECT,565.5342,True
3,4,Reporting,1,U_orders,UPDATE,1.2113,True
3,4,Reporting,2,Q1,SELECT,575.362,True
3,4,Reporting,3,Q6,SELECT,174.1366,True
3,4,Reporting,4,U_orders,UPDATE,1.4085,True
3,4,Reporting,5,U_orders,UPDATE,0.2688,True
3,4,Reporting,6,Q6,SELECT,169.0607,True
3,4,Reporting,7,Q14,SELECT,78.519,True
3,4,Reporting,8,Q6,SELECT,163.6198,True
3,4,Reporting,9,Q1,SELECT,542.1158,True
3,4,Reporting,10,U_orders,UPDATE,0.8145,True
3,4,Reporting,11,Q1,SELECT,572.0156,True
3,4,Reporting,12,Q6,SELECT,174.2321,True
3,4,Reporting,13,Q4,SELECT,80.015,True
3,4,Reporting,14,Q1,SELECT,566.208,True
3,4,Reporting,15,Q1,SELECT,570.3049,True
3,4,Reporting,16,Q6,SELECT,169.0528,True
3,4,Reporting,17,Q6,SELECT,164.1551,True
3,4,Reporting,18,Q6,SELECT,161.0962,True
3,4,Reporting,19,U_orders,UPDATE,0.7918,True
3,4,Reporting,20,Q4,SELECT,78.1526,True
3,4,Reporting,21,Q1,SELECT,542.5287,True
3,4,Reporting,22,Q6,SELECT,164.9765,True
3,4,Reporting,23,Q4,SELECT,79.1133,True
3,4,Reporting,24,Q4,SELECT,79.9327,True
3,4,Reporting,25,Q6,SELECT,163.4769,True
3,4,Reporting,26,U_orders,UPDATE,0.7782,True
3,4,Reporting,27,Q6,SELECT,160.8073,True
3,4,Reporting,28,Q6,SELECT,164.6453,True
3,4,Reporting,29,Q1,SELECT,526.7154,True
3,5,Reporting,0,Q4,SELECT,79.4948,True
3,5,Reporting,1,Q6,SELECT,161.3455,True
3,5,Reporting,2,Q1,SELECT,546.3735,True
3,5,Reporting,3,Q6,SELECT,166.3487,True
3,5,Reporting,4,Q1,SELECT,550.0483,True
3,5,Reporting,5,U_orders,UPDATE,0.6241,True
3,5,Reporting,6,Q1,SELECT,568.3195,True
3,5,Reporting,7,Q1,SELECT,585.6777,True
3,5,Reporting,8,U_orders,UPDATE,0.8991,True
3,5,Reporting,9,Q1,SELECT,576.8518,True
3,5,Reporting,10,Q1,SELECT,578.2827,True
3,5,Reporting,11,Q6,SELECT,174.6677,True
3,5,Reporting,12,Q4,SELECT,82.7484,True
3,5,Reporting,13,U_orders,UPDATE,1.3397,True
3,5,Reporting,14,Q12,SELECT,243.1962,True
3,5,Reporting,15,Q1,SELECT,556.7599,True
3,5,Reporting,16,U_orders,UPDATE,1.3822,True
3,5,Reporting,17,U_orders,UPDATE,0.4928,True
3,5,Reporting,18,Q1,SELECT,563.8609,True
3,5,Reporting,19,Q1,SELECT,583.0671,True
3,5,Reporting,20,Q6,SELECT,174.1602,True
3,5,Reporting,21,Q4,SELECT,81.7873,True
3,5,Reporting,22,Q1,SELECT,553.4816,True
3,5,Reporting,23,Q1,SELECT,559.8819,True
3,5,Reporting,24,Q1,SELECT,573.9992,True
3,5,Reporting,25,Q12,SELECT,251.0942,True
3,5,Reporting,26,U_orders,UPDATE,1.409,True
3,5,Reporting,27,Q6,SELECT,168.5924,True
3,5,Reporting,28,Q1,SELECT,555.7645,True
3,5,Reporting,29,Q1,SELECT,593.5191,True
3,6,Reporting,0,Q1,SELECT,573.5325,True
3,6,Reporting,1,U_orders,UPDATE,1.4156,True
3,6,Reporting,2,Q6,SELECT,172.7145,True
3,6,Reporting,3,Q14,SELECT,80.4918,True
3,6,Reporting,4,Q6,SELECT,164.5723,True
3,6,Reporting,5,U_orders,UPDATE,1.3925,True
3,6,Reporting,6,Q1,SELECT,547.2966,True
3,6,Reporting,7,U_orders,UPDATE,1.2051,True
3,6,Reporting,8,Q12,SELECT,242.346,True
3,6,Reporting,9,Q1,SELECT,568.16,True
3,6,Reporting,10,Q14,SELECT,82.5882,True
3,6,Reporting,11,Q14,SELECT,85.2016,True
3,6,Reporting,12,Q4,SELECT,81.3165,True
3,6,Reporting,13,Q1,SELECT,551.3352,True
3,6,Reporting,14,Q6,SELECT,171.0115,True
3,6,Reporting,15,Q1,SELECT,556.3916,True
3,6,Reporting,16,Q6,SELECT,172.3537,True
3,6,Reporting,17,Q6,SELECT,165.0686,True
3,6,Reporting,18,Q14,SELECT,78.6809,True
3,6,Reporting,19,Q12,SELECT,233.446,True
3,6,Reporting,20,U_orders,UPDATE,1.3755,True
3,6,Reporting,21,U_orders,UPDATE,0.4408,True
3,6,Reporting,22,Q14,SELECT,79.9998,True
3,6,Reporting,23,Q1,SELECT,534.866,True
3,6,Reporting,24,Q6,SELECT,167.9162,True
3,6,Reporting,25,Q1,SELECT,554.9308,True
3,6,Reporting,26,Q1,SELECT,576.2308,True
3,6,Reporting,27,Q14,SELECT,82.3446,True
3,6,Reporting,28,U_orders,UPDATE,1.2921,True
3,6,Reporting,29,Q6,SELECT,167.0883,True
3,7,Reporting,0,Q1,SELECT,553.8473,True
3,7,Reporting,1,Q4,SELECT,83.4845,True
3,7,Reporting,2,Q6,SELECT,168.7839,True
3,7,Reporting,3,Q6,SELECT,163.0628,True
3,7,Reporting,4,Q6,SELECT,164.9028,True
3,7,Reporting,5,Q1,SELECT,531.4775,True
3,7,Reporting,6,Q4,SELECT,83.4395,True
3,7,Reporting,7,U_orders,UPDATE,1.3621,True
3,7,Reporting,8,Q1,SELECT,558.5872,True
3,7,Reporting,9,U_orders,UPDATE,1.4319,True
3,7,Reporting,10,Q6,SELECT,172.0334,True
3,7,Reporting,11,U_orders,UPDATE,1.384,True
3,7,Reporting,12,Q6,SELECT,165.3297,True
3,7,Reporting,13,U_orders,UPDATE,0.666,True
3,7,Reporting,14,Q6,SELECT,162.5335,True
3,7,Reporting,15,Q12,SELECT,231.2881,True
3,7,Reporting,16,Q4,SELECT,80.4692,True
3,7,Reporting,17,Q1,SELECT,534.6874,True
3,7,Reporting,18,Q4,SELECT,83.8174,True
3,7,Reporting,19,Q14,SELECT,79.6278,True
3,7,Reporting,20,Q1,SELECT,556.1105,True
3,7,Reporting,21,Q6,SELECT,172.1263,True
3,7,Reporting,22,U_orders,UPDATE,1.3821,True
3,7,Reporting,23,U_orders,UPDATE,0.4802,True
3,7,Reporting,24,Q6,SELECT,164.9538,True
3,7,Reporting,25,Q1,SELECT,547.721,True
3,7,Reporting,26,Q6,SELECT,170.8677,True
3,7,Reporting,27,Q12,SELECT,234.8064,True
3,7,Reporting,28,Q4,SELECT,81.1356,True
3,7,Reporting,29,Q4,SELECT,80.5625,True
3,8,JoinHeavy,0,Q10,SELECT,128.1419,True
3,8,JoinHeavy,1,Q18,SELECT,2215.333,True
3,8,JoinHeavy,2,Q7,SELECT,141.4252,True
3,8,JoinHeavy,3,Q3,SELECT,242.5352,True
3,8,JoinHeavy,4,Q5,SELECT,102.0254,True
3,8,JoinHeavy,5,Q3,SELECT,242.2315,True
3,8,JoinHeavy,6,Q10,SELECT,126.5686,True
3,8,JoinHeavy,7,Q3,SELECT,243.8245,True
3,8,JoinHeavy,8,Q5,SELECT,100.6372,True
3,8,JoinHeavy,9,Q3,SELECT,242.3694,True
3,8,JoinHeavy,10,Q18,SELECT,2189.2307,True
3,8,JoinHeavy,11,Q3,SELECT,242.567,True
3,8,JoinHeavy,12,Q5,SELECT,99.0825,True
3,8,JoinHeavy,13,Q3,SELECT,241.5682,True
3,8,JoinHeavy,14,Q5,SELECT,99.9503,True
3,8,JoinHeavy,15,Q3,SELECT,246.3513,True
3,8,JoinHeavy,16,Q3,SELECT,242.0639,True
3,8,JoinHeavy,17,Q3,SELECT,242.3097,True
3,8,JoinHeavy,18,Q3,SELECT,241.5268,True
3,8,JoinHeavy,19,Q18,SELECT,2163.3457,True
3,8,JoinHeavy,20,Q7,SELECT,138.931,True
3,8,JoinHeavy,21,Q3,SELECT,241.5416,True
3,8,JoinHeavy,22,I_customer,INSERT,1.828,True
3,8,JoinHeavy,23,I_customer,INSERT,0.2673,True
3,8,JoinHeavy,24,I_customer,INSERT,0.2418,True
3,8,JoinHeavy,25,I_customer,INSERT,0.2698,True
3,8,JoinHeavy,26,I_customer,INSERT,0.2295,True
3,8,JoinHeavy,27,I_customer,INSERT,0.3397,True
3,8,JoinHeavy,28,I_customer,INSERT,0.2498,True
3,8,JoinHeavy,29,I_customer,INSERT,0.3723,True
3,8,JoinHeavy,30,I_customer,INSERT,0.2557,True
3,8,JoinHeavy,31,I_customer,INSERT,0.2534,True
3,8,JoinHeavy,32,I_customer,INSERT,0.2462,True
3,8,JoinHeavy,33,I_customer,INSERT,0.2207,True
3,8,JoinHeavy,34,I_customer,INSERT,0.2194,True
3,8,JoinHeavy,35,I_customer,INSERT,0.2238,True
3,8,JoinHeavy,36,I_customer,INSERT,0.1703,True
3,8,JoinHeavy,37,I_customer,INSERT,0.1526,True
3,8,JoinHeavy,38,I_customer,INSERT,0.1538,True
3,8,JoinHeavy,39,I_customer,INSERT,0.1723,True
3,9,JoinHeavy,0,Q5,SELECT,102.5157,True
3,9,JoinHeavy,1,Q18,SELECT,2179.9953,True
3,9,JoinHeavy,2,Q5,SELECT,100.292,True
3,9,JoinHeavy,3,Q7,SELECT,139.0435,True
3,9,JoinHeavy,4,Q5,SELECT,100.0144,True
3,9,JoinHeavy,5,Q5,SELECT,99.4125,True
3,9,JoinHeavy,6,Q3,SELECT,243.1517,True
3,9,JoinHeavy,7,Q3,SELECT,242.3126,True
3,9,JoinHeavy,8,Q5,SELECT,99.511,True
3,9,JoinHeavy,9,Q3,SELECT,241.4495,True
3,9,JoinHeavy,10,Q5,SELECT,98.8347,True
3,9,JoinHeavy,11,Q10,SELECT,126.0003,True
3,9,JoinHeavy,12,Q5,SELECT,101.2697,True
3,9,JoinHeavy,13,Q5,SELECT,100.1022,True
3,9,JoinHeavy,14,Q18,SELECT,2171.3145,True
3,9,JoinHeavy,15,Q10,SELECT,126.4195,True
3,9,JoinHeavy,16,Q5,SELECT,100.4644,True
3,9,JoinHeavy,17,Q10,SELECT,127.3798,True
3,9,JoinHeavy,18,Q3,SELECT,242.6158,True
3,9,JoinHeavy,19,Q3,SELECT,242.9268,True
3,9,JoinHeavy,20,Q18,SELECT,2152.9199,True
3,9,JoinHeavy,21,Q3,SELECT,242.3828,True
3,9,JoinHeavy,22,I_customer,INSERT,1.2989,True
3,9,JoinHeavy,23,I_customer,INSERT,0.3161,True
3,9,JoinHeavy,24,I_customer,INSERT,0.2443,True
3,9,JoinHeavy,25,I_customer,INSERT,0.225,True
3,9,JoinHeavy,26,I_customer,INSERT,0.2187,True
3,9,JoinHeavy,27,I_customer,INSERT,0.2233,True
3,9,JoinHeavy,28,I_customer,INSERT,0.221,True
3,9,JoinHeavy,29,I_customer,INSERT,0.2187,True
3,9,JoinHeavy,30,I_customer,INSERT,0.19,True
3,9,JoinHeavy,31,I_customer,INSERT,0.1748,True
3,9,JoinHeavy,32,I_customer,INSERT,0.1777,True
3,9,JoinHeavy,33,I_customer,INSERT,0.1728,True
3,9,JoinHeavy,34,I_customer,INSERT,0.1718,True
3,9,JoinHeavy,35,I_customer,INSERT,0.18,True
3,9,JoinHeavy,36,I_customer,INSERT,0.2191,True
3,9,JoinHeavy,37,I_customer,INSERT,0.2679,True
3,9,JoinHeavy,38,I_customer,INSERT,0.2257,True
3,9,JoinHeavy,39,I_customer,INSERT,0.1812,True
3,10,JoinHeavy,0,Q10,SELECT,128.9797,True
3,10,JoinHeavy,1,Q7,SELECT,139.22,True
3,10,JoinHeavy,2,Q3,SELECT,243.3074,True
3,10,JoinHeavy,3,Q18,SELECT,2193.7246,True
3,10,JoinHeavy,4,Q3,SELECT,244.5682,True
3,10,JoinHeavy,5,Q3,SELECT,243.112,True
3,10,JoinHeavy,6,Q3,SELECT,243.7972,True
3,10,JoinHeavy,7,Q3,SELECT,244.0373,True
3,10,JoinHeavy,8,Q5,SELECT,100.399,True
3,10,JoinHeavy,9,Q7,SELECT,140.4357,True
3,10,JoinHeavy,10,Q3,SELECT,242.1275,True
3,10,JoinHeavy,11,Q5,SELECT,98.7255,True
3,10,JoinHeavy,12,Q7,SELECT,139.292,True
3,10,JoinHeavy,13,Q10,SELECT,127.1998,True
3,10,JoinHeavy,14,Q5,SELECT,99.582,True
3,10,JoinHeavy,15,Q5,SELECT,100.0683,True
3,10,JoinHeavy,16,Q7,SELECT,138.1148,True
3,10,JoinHeavy,17,Q10,SELECT,125.813,True
3,10,JoinHeavy,18,Q7,SELECT,139.4319,True
3,10,JoinHeavy,19,Q5,SELECT,99.3044,True
3,10,JoinHeavy,20,Q3,SELECT,240.9993,True
3,10,JoinHeavy,21,Q7,SELECT,139.7047,True
3,10,JoinHeavy,22,I_customer,INSERT,0.9025,True
3,10,JoinHeavy,23,I_customer,INSERT,0.2903,True
3,10,JoinHeavy,24,I_customer,INSERT,0.2413,True
3,10,JoinHeavy,25,I_customer,INSERT,0.2293,True
3,10,JoinHeavy,26,I_customer,INSERT,0.2531,True
3,10,JoinHeavy,27,I_customer,INSERT,0.4926,True
3,10,JoinHeavy,28,I_customer,INSERT,0.2343,True
3,10,JoinHeavy,29,I_customer,INSERT,0.2298,True
3,10,JoinHeavy,30,I_customer,INSERT,0.2257,True
3,10,JoinHeavy,31,I_customer,INSERT,0.2606,True
3,10,JoinHeavy,32,I_customer,INSERT,0.2615,True
3,10,JoinHeavy,33,I_customer,INSERT,0.2245,True
3,10,JoinHeavy,34,I_customer,INSERT,0.2269,True
3,10,JoinHeavy,35,I_customer,INSERT,0.2135,True
3,10,JoinHeavy,36,I_customer,INSERT,0.2149,True
3,10,JoinHeavy,37,I_customer,INSERT,0.221,True
3,10,JoinHeavy,38,I_customer,INSERT,0.2271,True
3,10,JoinHeavy,39,I_customer,INSERT,0.1565,True
3,11,JoinHeavy,0,Q7,SELECT,140.1847,True
3,11,JoinHeavy,1,Q3,SELECT,243.9852,True
3,11,JoinHeavy,2,Q10,SELECT,124.7727,True
3,11,JoinHeavy,3,Q3,SELECT,241.6742,True
3,11,JoinHeavy,4,Q10,SELECT,126.2043,True
3,11,JoinHeavy,5,Q7,SELECT,137.7145,True
3,11,JoinHeavy,6,Q7,SELECT,138.929,True
3,11,JoinHeavy,7,Q7,SELECT,138.9008,True
3,11,JoinHeavy,8,Q3,SELECT,242.4919,True
3,11,JoinHeavy,9,Q3,SELECT,241.7558,True
3,11,JoinHeavy,10,Q7,SELECT,139.2127,True
3,11,JoinHeavy,11,Q3,SELECT,242.4,True
3,11,JoinHeavy,12,Q18,SELECT,2229.2686,True
3,11,JoinHeavy,13,Q5,SELECT,106.1058,True
3,11,JoinHeavy,14,Q18,SELECT,2145.0987,True
3,11,JoinHeavy,15,Q10,SELECT,125.6917,True
3,11,JoinHeavy,16,Q5,SELECT,100.143,True
3,11,JoinHeavy,17,Q10,SELECT,126.47,True
3,11,JoinHeavy,18,Q5,SELECT,99.9423,True
3,11,JoinHeavy,19,Q5,SELECT,100.6231,True
3,11,JoinHeavy,20,Q10,SELECT,126.2696,True
3,11,JoinHeavy,21,Q5,SELECT,99.6289,True
3,11,JoinHeavy,22,I_customer,INSERT,0.7751,True
3,11,JoinHeavy,23,I_customer,INSERT,0.2833,True
3,11,JoinHeavy,24,I_customer,INSERT,0.2341,True
3,11,JoinHeavy,25,I_customer,INSERT,0.5084,True
3,11,JoinHeavy,26,I_customer,INSERT,0.2622,True
3,11,JoinHeavy,27,I_customer,INSERT,0.2216,True
3,11,JoinHeavy,28,I_customer,INSERT,0.2182,True
3,11,JoinHeavy,29,I_customer,INSERT,0.2171,True
3,11,JoinHeavy,30,I_customer,INSERT,0.2129,True
3,11,JoinHeavy,31,I_customer,INSERT,0.2171,True
3,11,JoinHeavy,32,I_customer,INSERT,0.224,True
3,11,JoinHeavy,33,I_customer,INSERT,0.2093,True
3,11,JoinHeavy,34,I_customer,INSERT,0.213,True
3,11,JoinHeavy,35,I_customer,INSERT,0.1804,True
3,11,JoinHeavy,36,I_customer,INSERT,0.157,True
3,11,JoinHeavy,37,I_customer,INSERT,0.1529,True
3,11,JoinHeavy,38,I_customer,INSERT,0.1464,True
3,11,JoinHeavy,39,I_customer,INSERT,0.1461,True
3,12,JoinHeavy,0,Q7,SELECT,139.8282,True
3,12,JoinHeavy,1,Q5,SELECT,100.4826,True
3,12,JoinHeavy,2,Q18,SELECT,2195.1386,True
3,12,JoinHeavy,3,Q3,SELECT,241.8018,True
3,12,JoinHeavy,4,Q7,SELECT,139.197,True
3,12,JoinHeavy,5,Q5,SELECT,99.0966,True
3,12,JoinHeavy,6,Q7,SELECT,139.0204,True
3,12,JoinHeavy,7,Q7,SELECT,142.266,True
3,12,JoinHeavy,8,Q3,SELECT,243.6021,True
3,12,JoinHeavy,9,Q10,SELECT,125.6644,True
3,12,JoinHeavy,10,Q3,SELECT,242.4308,True
3,12,JoinHeavy,11,Q10,SELECT,125.5931,True
3,12,JoinHeavy,12,Q5,SELECT,100.26,True
3,12,JoinHeavy,13,Q5,SELECT,99.9897,True
3,12,JoinHeavy,14,Q10,SELECT,125.4148,True
3,12,JoinHeavy,15,Q7,SELECT,139.8021,True
3,12,JoinHeavy,16,Q10,SELECT,127.0663,True
3,12,JoinHeavy,17,Q7,SELECT,139.2751,True
3,12,JoinHeavy,18,Q3,SELECT,241.7829,True
3,12,JoinHeavy,19,Q7,SELECT,139.3225,True
3,12,JoinHeavy,20,Q18,SELECT,2147.3232,True
3,12,JoinHeavy,21,Q7,SELECT,140.9661,True
3,12,JoinHeavy,22,I_customer,INSERT,0.3362,True
3,12,JoinHeavy,23,I_customer,INSERT,0.1824,True
3,12,JoinHeavy,24,I_customer,INSERT,0.1724,True
3,12,JoinHeavy,25,I_customer,INSERT,0.1625,True
3,12,JoinHeavy,26,I_customer,INSERT,0.1591,True
3,12,JoinHeavy,27,I_customer,INSERT,0.1605,True
3,12,JoinHeavy,28,I_customer,INSERT,0.1596,True
3,12,JoinHeavy,29,I_customer,INSERT,0.1587,True
3,12,JoinHeavy,30,I_customer,INSERT,0.1596,True
3,12,JoinHeavy,31,I_customer,INSERT,0.1548,True
3,12,JoinHeavy,32,I_customer,INSERT,0.1563,True
3,12,JoinHeavy,33,I_customer,INSERT,0.1568,True
3,12,JoinHeavy,34,I_customer,INSERT,0.1501,True
3,12,JoinHeavy,35,I_customer,INSERT,0.1569,True
3,12,JoinHeavy,36,I_customer,INSERT,0.1562,True
3,12,JoinHeavy,37,I_customer,INSERT,0.1527,True
3,12,JoinHeavy,38,I_customer,INSERT,0.1401,True
3,12,JoinHeavy,39,I_customer,INSERT,0.1272,True
3,13,JoinHeavy,0,Q3,SELECT,244.9019,True
3,13,JoinHeavy,1,Q7,SELECT,139.2707,True
3,13,JoinHeavy,2,Q5,SELECT,100.4279,True
3,13,JoinHeavy,3,Q3,SELECT,241.9393,True
3,13,JoinHeavy,4,Q3,SELECT,240.6492,True
3,13,JoinHeavy,5,Q10,SELECT,126.9256,True
3,13,JoinHeavy,6,Q7,SELECT,139.2819,True
3,13,JoinHeavy,7,Q18,SELECT,2137.6446,True
3,13,JoinHeavy,8,Q7,SELECT,138.6714,True
3,13,JoinHeavy,9,Q3,SELECT,242.5243,True
3,13,JoinHeavy,10,Q5,SELECT,100.1121,True
3,13,JoinHeavy,11,Q7,SELECT,139.0159,True
3,13,JoinHeavy,12,Q10,SELECT,128.282,True
3,13,JoinHeavy,13,Q5,SELECT,101.5041,True
3,13,JoinHeavy,14,Q18,SELECT,2149.5354,True
3,13,JoinHeavy,15,Q7,SELECT,140.3985,True
3,13,JoinHeavy,16,Q3,SELECT,242.5928,True
3,13,JoinHeavy,17,Q3,SELECT,241.3527,True
3,13,JoinHeavy,18,Q7,SELECT,139.131,True
3,13,JoinHeavy,19,Q7,SELECT,138.9944,True
3,13,JoinHeavy,20,Q7,SELECT,138.7446,True
3,13,JoinHeavy,21,Q18,SELECT,2168.4786,True
3,13,JoinHeavy,22,I_customer,INSERT,0.5184,True
3,13,JoinHeavy,23,I_customer,INSERT,0.2501,True
3,13,JoinHeavy,24,I_customer,INSERT,0.2331,True
3,13,JoinHeavy,25,I_customer,INSERT,0.2255,True
3,13,JoinHeavy,26,I_customer,INSERT,0.2177,True
3,13,JoinHeavy,27,I_customer,INSERT,0.2185,True
3,13,JoinHeavy,28,I_customer,INSERT,0.2126,True
3,13,JoinHeavy,29,I_customer,INSERT,0.4753,True
3,13,JoinHeavy,30,I_customer,INSERT,0.2141,True
3,13,JoinHeavy,31,I_customer,INSERT,0.213,True
3,13,JoinHeavy,32,I_customer,INSERT,0.2096,True
3,13,JoinHeavy,33,I_customer,INSERT,0.2109,True
3,13,JoinHeavy,34,I_customer,INSERT,0.2099,True
3,13,JoinHeavy,35,I_customer,INSERT,0.2226,True
3,13,JoinHeavy,36,I_customer,INSERT,0.2093,True
3,13,JoinHeavy,37,I_customer,INSERT,0.2223,True
3,13,JoinHeavy,38,I_customer,INSERT,0.2585,True
3,13,JoinHeavy,39,I_customer,INSERT,0.2233,True
3,14,JoinHeavy,0,Q7,SELECT,140.0495,True
3,14,JoinHeavy,1,Q7,SELECT,138.5683,True
3,14,JoinHeavy,2,Q3,SELECT,241.0486,True
3,14,JoinHeavy,3,Q5,SELECT,99.0533,True
3,14,JoinHeavy,4,Q18,SELECT,2148.3649,True
3,14,JoinHeavy,5,Q7,SELECT,137.8142,True
3,14,JoinHeavy,6,Q3,SELECT,246.4147,True
3,14,JoinHeavy,7,Q10,SELECT,127.3971,True
3,14,JoinHeavy,8,Q5,SELECT,102.3985,True
3,14,JoinHeavy,9,Q7,SELECT,138.546,True
3,14,JoinHeavy,10,Q10,SELECT,125.8665,True
3,14,JoinHeavy,11,Q18,SELECT,2169.4328,True
3,14,JoinHeavy,12,Q7,SELECT,138.6562,True
3,14,JoinHeavy,13,Q3,SELECT,242.1104,True
3,14,JoinHeavy,14,Q3,SELECT,243.9718,True
3,14,JoinHeavy,15,Q5,SELECT,98.6592,True
3,14,JoinHeavy,16,Q5,SELECT,99.6775,True
3,14,JoinHeavy,17,Q5,SELECT,99.4759,True
3,14,JoinHeavy,18,Q3,SELECT,242.6413,True
3,14,JoinHeavy,19,Q10,SELECT,128.4585,True
3,14,JoinHeavy,20,Q5,SELECT,100.8749,True
3,14,JoinHeavy,21,Q7,SELECT,139.6888,True
3,14,JoinHeavy,22,I_customer,INSERT,0.9153,True
3,14,JoinHeavy,23,I_customer,INSERT,0.2916,True
3,14,JoinHeavy,24,I_customer,INSERT,0.2254,True
3,14,JoinHeavy,25,I_customer,INSERT,0.2206,True
3,14,JoinHeavy,26,I_customer,INSERT,0.2253,True
3,14,JoinHeavy,27,I_customer,INSERT,0.2325,True
3,14,JoinHeavy,28,I_customer,INSERT,0.2537,True
3,14,JoinHeavy,29,I_customer,INSERT,0.2182,True
3,14,JoinHeavy,30,I_customer,INSERT,0.2147,True
3,14,JoinHeavy,31,I_customer,INSERT,0.2083,True
3,14,JoinHeavy,32,I_customer,INSERT,0.2147,True
3,14,JoinHeavy,33,I_customer,INSERT,0.2096,True
3,14,JoinHeavy,34,I_customer,INSERT,0.2132,True
3,14,JoinHeavy,35,I_customer,INSERT,0.2114,True
3,14,JoinHeavy,36,I_customer,INSERT,0.2296,True
3,14,JoinHeavy,37,I_customer,INSERT,0.1553,True
3,14,JoinHeavy,38,I_customer,INSERT,0.1477,True
3,14,JoinHeavy,39,I_customer,INSERT,0.1481,True
3,15,JoinHeavy,0,Q5,SELECT,100.6303,True
3,15,JoinHeavy,1,Q7,SELECT,139.3052,True
3,15,JoinHeavy,2,Q3,SELECT,242.0134,True
3,15,JoinHeavy,3,Q5,SELECT,99.1985,True
3,15,JoinHeavy,4,Q18,SELECT,2136.5369,True
3,15,JoinHeavy,5,Q5,SELECT,99.5023,True
3,15,JoinHeavy,6,Q3,SELECT,242.447,True
3,15,JoinHeavy,7,Q3,SELECT,241.523,True
3,15,JoinHeavy,8,Q7,SELECT,139.4793,True
3,15,JoinHeavy,9,Q5,SELECT,100.15,True
3,15,JoinHeavy,10,Q3,SELECT,241.5172,True
3,15,JoinHeavy,11,Q5,SELECT,102.7096,True
3,15,JoinHeavy,12,Q5,SELECT,99.9799,True
3,15,JoinHeavy,13,Q7,SELECT,138.4805,True
3,15,JoinHeavy,14,Q3,SELECT,241.3871,True
3,15,JoinHeavy,15,Q3,SELECT,242.9988,True
3,15,JoinHeavy,16,Q7,SELECT,138.3518,True
3,15,JoinHeavy,17,Q5,SELECT,98.8984,True
3,15,JoinHeavy,18,Q3,SELECT,243.5758,True
3,15,JoinHeavy,19,Q10,SELECT,126.1347,True
3,15,JoinHeavy,20,Q18,SELECT,2147.2199,True
3,15,JoinHeavy,21,Q5,SELECT,99.435,True
3,15,JoinHeavy,22,I_customer,INSERT,0.5705,True
3,15,JoinHeavy,23,I_customer,INSERT,0.2994,True
3,15,JoinHeavy,24,I_customer,INSERT,0.2422,True
3,15,JoinHeavy,25,I_customer,INSERT,0.2231,True
3,15,JoinHeavy,26,I_customer,INSERT,0.2201,True
3,15,JoinHeavy,27,I_customer,INSERT,0.2285,True
3,15,JoinHeavy,28,I_customer,INSERT,0.2235,True
3,15,JoinHeavy,29,I_customer,INSERT,0.2127,True
3,15,JoinHeavy,30,I_customer,INSERT,0.212,True
3,15,JoinHeavy,31,I_customer,INSERT,0.2256,True
3,15,JoinHeavy,32,I_customer,INSERT,0.2123,True
3,15,JoinHeavy,33,I_customer,INSERT,0.2175,True
3,15,JoinHeavy,34,I_customer,INSERT,0.2151,True
3,15,JoinHeavy,35,I_customer,INSERT,0.2127,True
3,15,JoinHeavy,36,I_customer,INSERT,0.2088,True
3,15,JoinHeavy,37,I_customer,INSERT,0.2178,True
3,15,JoinHeavy,38,I_customer,INSERT,0.2268,True
3,15,JoinHeavy,39,I_customer,INSERT,0.2125,True
3,16,Procurement,0,D_orders,DELETE,0.1965,True
3,16,Procurement,1,D_orders,DELETE,0.3355,True
3,16,Procurement,2,D_orders,DELETE,0.0859,True
3,16,Procurement,3,D_orders,DELETE,0.0832,True
3,16,Procurement,4,Q1,SELECT,528.2865,True
3,16,Procurement,5,Q11,SELECT,55.0763,True
3,16,Procurement,6,Q11,SELECT,52.1483,True
3,16,Procurement,7,Q11,SELECT,51.1784,True
3,16,Procurement,8,Q11,SELECT,50.9,True
3,16,Procurement,9,Q6,SELECT,164.0652,True
3,16,Procurement,10,Q11,SELECT,51.1828,True
3,16,Procurement,11,Q6,SELECT,164.854,True
3,16,Procurement,12,Q11,SELECT,51.1698,True
3,16,Procurement,13,Q11,SELECT,51.6813,True
3,16,Procurement,14,Q17,SELECT,1043.7873,True
3,16,Procurement,15,Q11,SELECT,51.4072,True
3,16,Procurement,16,Q6,SELECT,164.6508,True
3,16,Procurement,17,Q14,SELECT,81.4017,True
3,16,Procurement,18,Q14,SELECT,81.9987,True
3,16,Procurement,19,Q11,SELECT,50.8901,True
3,16,Procurement,20,Q1,SELECT,531.8631,True
3,16,Procurement,21,Q17,SELECT,1022.8164,True
3,16,Procurement,22,Q11,SELECT,50.9334,True
3,16,Procurement,23,Q14,SELECT,78.9061,True
3,16,Procurement,24,Q17,SELECT,1023.5365,True
3,17,Procurement,0,D_orders,DELETE,0.7163,True
3,17,Procurement,1,D_orders,DELETE,0.4112,True
3,17,Procurement,2,D_orders,DELETE,0.0912,True
3,17,Procurement,3,D_orders,DELETE,0.127,True
3,17,Procurement,4,Q1,SELECT,521.4321,True
3,17,Procurement,5,Q17,SELECT,1041.7407,True
3,17,Procurement,6,Q17,SELECT,1029.4477,True
3,17,Procurement,7,Q1,SELECT,528.0279,True
3,17,Procurement,8,Q11,SELECT,51.0238,True
3,17,Procurement,9,Q11,SELECT,50.7695,True
3,17,Procurement,10,Q17,SELECT,1042.0571,True
3,17,Procurement,11,Q11,SELECT,51.8375,True
3,17,Procurement,12,Q11,SELECT,51.555,True
3,17,Procurement,13,Q17,SELECT,1037.611,True
3,17,Procurement,14,Q11,SELECT,51.4627,True
3,17,Procurement,15,Q17,SELECT,1035.1906,True
3,17,Procurement,16,Q17,SELECT,1029.096,True
3,17,Procurement,17,Q17,SELECT,1041.2576,True
3,17,Procurement,18,Q11,SELECT,50.0983,True
3,17,Procurement,19,Q17,SELECT,1015.1653,True
3,17,Procurement,20,Q11,SELECT,51.712,True
3,17,Procurement,21,Q6,SELECT,164.8513,True
3,17,Procurement,22,Q11,SELECT,51.6325,True
3,17,Procurement,23,Q11,SELECT,50.8858,True
3,17,Procurement,24,Q17,SELECT,1035.2813,True
3,18,Procurement,0,D_orders,DELETE,0.4547,True
3,18,Procurement,1,D_orders,DELETE,1.087,True
3,18,Procurement,2,D_orders,DELETE,0.1652,True
3,18,Procurement,3,D_orders,DELETE,0.1967,True
3,18,Procurement,4,Q1,SELECT,526.1474,True
3,18,Procurement,5,Q14,SELECT,82.7471,True
3,18,Procurement,6,Q14,SELECT,83.9132,True
3,18,Procurement,7,Q6,SELECT,166.2346,True
3,18,Procurement,8,Q1,SELECT,523.1893,True
3,18,Procurement,9,Q1,SELECT,536.1434,True
3,18,Procurement,10,Q6,SELECT,162.5961,True
3,18,Procurement,11,Q17,SELECT,1028.2178,True
3,18,Procurement,12,Q6,SELECT,163.9919,True
3,18,Procurement,13,Q6,SELECT,165.7006,True
3,18,Procurement,14,Q17,SELECT,1037.969,True
3,18,Procurement,15,Q6,SELECT,166.208,True
3,18,Procurement,16,Q14,SELECT,76.8716,True
3,18,Procurement,17,Q6,SELECT,167.8395,True
3,18,Procurement,18,Q17,SELECT,1025.984,True
3,18,Procurement,19,Q11,SELECT,51.3774,True
3,18,Procurement,20,Q17,SELECT,1024.1247,True
3,18,Procurement,21,Q11,SELECT,50.7534,True
3,18,Procurement,22,Q11,SELECT,52.0037,True
3,18,Procurement,23,Q14,SELECT,78.6498,True
3,18,Procurement,24,Q1,SELECT,527.0851,True
3,19,Procurement,0,D_orders,DELETE,0.7939,True
3,19,Procurement,1,D_orders,DELETE,1.2595,True
3,19,Procurement,2,D_orders,DELETE,0.1813,True
3,19,Procurement,3,D_orders,DELETE,0.1184,True
3,19,Procurement,4,Q1,SELECT,527.6592,True
3,19,Procurement,5,Q17,SELECT,1025.5936,True
3,19,Procurement,6,Q17,SELECT,1016.7133,True
3,19,Procurement,7,Q17,SELECT,1025.4735,True
3,19,Procurement,8,Q6,SELECT,164.3706,True
3,19,Procurement,9,Q1,SELECT,524.1786,True
3,19,Procurement,10,Q6,SELECT,165.872,True
3,19,Procurement,11,Q14,SELECT,83.8494,True
3,19,Procurement,12,Q17,SELECT,1033.6594,True
3,19,Procurement,13,Q17,SELECT,1029.1952,True
3,19,Procurement,14,Q14,SELECT,80.1735,True
3,19,Procurement,15,Q6,SELECT,166.9945,True
3,19,Procurement,16,Q11,SELECT,51.1932,True
3,19,Procurement,17,Q11,SELECT,50.4759,True
3,19,Procurement,18,Q1,SELECT,536.1309,True
3,19,Procurement,19,Q6,SELECT,164.9797,True
3,19,Procurement,20,Q6,SELECT,164.1263,True
3,19,Procurement,21,Q11,SELECT,50.352,True
3,19,Procurement,22,Q17,SELECT,1023.1894,True
3,19,Procurement,23,Q6,SELECT,164.4899,True
3,19,Procurement,24,Q11,SELECT,50.2071,True
3,20,Procurement,0,D_orders,DELETE,1.434,True
3,20,Procurement,1,D_orders,DELETE,0.2166,True
3,20,Procurement,2,D_orders,DELETE,0.3881,True
3,20,Procurement,3,D_orders,DELETE,0.1635,True
3,20,Procurement,4,Q6,SELECT,166.6545,True
3,20,Procurement,5,Q6,SELECT,166.9557,True
3,20,Procurement,6,Q11,SELECT,51.867,True
3,20,Procurement,7,Q6,SELECT,170.5248,True
3,20,Procurement,8,Q11,SELECT,52.5866,True
3,20,Procurement,9,Q17,SELECT,1025.843,True
3,20,Procurement,10,Q17,SELECT,1029.8093,True
3,20,Procurement,11,Q17,SELECT,1020.2506,True
3,20,Procurement,12,Q17,SELECT,1032.0905,True
3,20,Procurement,13,Q11,SELECT,51.2173,True
3,20,Procurement,14,Q6,SELECT,165.7702,True
3,20,Procurement,15,Q11,SELECT,50.8142,True
3,20,Procurement,16,Q1,SELECT,518.0537,True
3,20,Procurement,17,Q1,SELECT,535.115,True
3,20,Procurement,18,Q11,SELECT,51.9435,True
3,20,Procurement,19,Q17,SELECT,1036.0328,True
3,20,Procurement,20,Q11,SELECT,51.327,True
3,20,Procurement,21,Q11,SELECT,51.106,True
3,20,Procurement,22,Q1,SELECT,531.367,True
3,20,Procurement,23,Q11,SELECT,51.3524,True
3,20,Procurement,24,Q14,SELECT,79.1745,True
3,21,Procurement,0,D_orders,DELETE,0.4568,True
3,21,Procurement,1,D_orders,DELETE,0.5853,True
3,21,Procurement,2,D_orders,DELETE,0.4679,True
3,21,Procurement,3,D_orders,DELETE,0.1423,True
3,21,Procurement,4,Q6,SELECT,168.8233,True
3,21,Procurement,5,Q11,SELECT,50.468,True
3,21,Procurement,6,Q14,SELECT,77.983,True
3,21,Procurement,7,Q17,SELECT,1018.9034,True
3,21,Procurement,8,Q11,SELECT,51.581,True
3,21,Procurement,9,Q11,SELECT,50.7915,True
3,21,Procurement,10,Q14,SELECT,77.9463,True
3,21,Procurement,11,Q17,SELECT,1030.6786,True
3,21,Procurement,12,Q11,SELECT,51.8127,True
3,21,Procurement,13,Q11,SELECT,52.3123,True
3,21,Procurement,14,Q11,SELECT,50.6693,True
3,21,Procurement,15,Q11,SELECT,51.0638,True
3,21,Procurement,16,Q17,SELECT,1024.7175,True
3,21,Procurement,17,Q11,SELECT,51.2954,True
3,21,Procurement,18,Q11,SELECT,50.8487,True
3,21,Procurement,19,Q11,SELECT,51.9977,True
3,21,Procurement,20,Q17,SELECT,1021.8885,True
3,21,Procurement,21,Q17,SELECT,1012.7844,True
3,21,Procurement,22,Q14,SELECT,78.6705,True
3,21,Procurement,23,Q11,SELECT,51.1921,True
3,21,Procurement,24,Q17,SELECT,1030.3154,True
3,22,Procurement,0,D_orders,DELETE,0.7813,True
3,22,Procurement,1,D_orders,DELETE,0.4284,True
3,22,Procurement,2,D_orders,DELETE,0.1157,True
3,22,Procurement,3,D_orders,DELETE,0.1524,True
3,22,Procurement,4,Q11,SELECT,51.0873,True
3,22,Procurement,5,Q1,SELECT,521.572,True
3,22,Procurement,6,Q17,SELECT,1019.9545,True
3,22,Procurement,7,Q1,SELECT,526.3037,True
3,22,Procurement,8,Q14,SELECT,82.1178,True
3,22,Procurement,9,Q11,SELECT,50.8775,True
3,22,Procurement,10,Q6,SELECT,165.7202,True
3,22,Procurement,11,Q6,SELECT,166.8113,True
3,22,Procurement,12,Q14,SELECT,79.3797,True
3,22,Procurement,13,Q6,SELECT,164.6247,True
3,22,Procurement,14,Q11,SELECT,50.8442,True
3,22,Procurement,15,Q11,SELECT,50.2984,True
3,22,Procurement,16,Q17,SELECT,1029.257,True
3,22,Procurement,17,Q6,SELECT,166.8822,True
3,22,Procurement,18,Q17,SELECT,1025.542,True
3,22,Procurement,19,Q6,SELECT,166.7673,True
3,22,Procurement,20,Q11,SELECT,52.0418,True
3,22,Procurement,21,Q6,SELECT,166.6768,True
3,22,Procurement,22,Q11,SELECT,50.4769,True
3,22,Procurement,23,Q17,SELECT,1031.8526,True
3,22,Procurement,24,Q14,SELECT,77.8339,True
3,23,Procurement,0,D_orders,DELETE,0.3261,True
3,23,Procurement,1,D_orders,DELETE,0.5725,True
3,23,Procurement,2,D_orders,DELETE,0.4716,True
3,23,Procurement,3,D_orders,DELETE,0.1877,True
3,23,Procurement,4,Q17,SELECT,1016.7718,True
3,23,Procurement,5,Q17,SELECT,1022.4223,True
3,23,Procurement,6,Q11,SELECT,51.6271,True
3,23,Procurement,7,Q1,SELECT,527.329,True
3,23,Procurement,8,Q6,SELECT,167.719,True
3,23,Procurement,9,Q6,SELECT,167.4505,True
3,23,Procurement,10,Q17,SELECT,1016.3922,True
3,23,Procurement,11,Q11,SELECT,51.6161,True
3,23,Procurement,12,Q6,SELECT,167.4436,True
3,23,Procurement,13,Q11,SELECT,50.8793,True
3,23,Procurement,14,Q14,SELECT,82.0115,True
3,23,Procurement,15,Q17,SELECT,1036.9345,True
3,23,Procurement,16,Q6,SELECT,164.249,True
3,23,Procurement,17,Q14,SELECT,82.6555,True
3,23,Procurement,18,Q11,SELECT,51.4385,True
3,23,Procurement,19,Q11,SELECT,52.2205,True
3,23,Procurement,20,Q1,SELECT,528.503,True
3,23,Procurement,21,Q6,SELECT,164.7877,True
3,23,Procurement,22,Q11,SELECT,50.4297,True
3,23,Procurement,23,Q11,SELECT,51.0428,True
3,23,Procurement,24,Q11,SELECT,50.8926,True
3,24,Customer,0,Q3,SELECT,244.041,True
3,24,Customer,1,U_customer,UPDATE,0.441,True
3,24,Customer,2,Q3,SELECT,242.1822,True
3,24,Customer,3,U_customer,UPDATE,0.6275,True
3,24,Customer,4,Q3,SELECT,241.7002,True
3,24,Customer,5,U_customer,UPDATE,0.7467,True
3,24,Customer,6,Q18,SELECT,2177.8964,True
3,24,Customer,7,U_customer,UPDATE,0.4405,True
3,24,Customer,8,Q18,SELECT,2179.7487,True
3,24,Customer,9,U_customer,UPDATE,0.8198,True
3,24,Customer,10,Q10,SELECT,125.6136,True
3,24,Customer,11,U_customer,UPDATE,0.6783,True
3,24,Customer,12,Q3,SELECT,247.3545,True
3,24,Customer,13,U_customer,UPDATE,1.3656,True
3,24,Customer,14,Q3,SELECT,241.7262,True
3,24,Customer,15,U_customer,UPDATE,1.306,True
3,24,Customer,16,Q3,SELECT,242.1527,True
3,24,Customer,17,U_customer,UPDATE,1.3882,True
3,24,Customer,18,Q5,SELECT,99.0627,True
3,24,Customer,19,U_customer,UPDATE,1.3458,True
3,25,Customer,0,Q10,SELECT,128.0313,True
3,25,Customer,1,U_customer,UPDATE,1.3804,True
3,25,Customer,2,Q10,SELECT,126.3625,True
3,25,Customer,3,U_customer,UPDATE,1.2892,True
3,25,Customer,4,Q10,SELECT,127.7092,True
3,25,Customer,5,U_customer,UPDATE,1.3307,True
3,25,Customer,6,Q18,SELECT,2160.1742,True
3,25,Customer,7,U_customer,UPDATE,0.7615,True
3,25,Customer,8,Q10,SELECT,129.0268,True
3,25,Customer,9,U_customer,UPDATE,1.3499,True
3,25,Customer,10,Q5,SELECT,99.6748,True
3,25,Customer,11,U_customer,UPDATE,0.89,True
3,25,Customer,12,Q10,SELECT,126.9155,True
3,25,Customer,13,U_customer,UPDATE,0.7916,True
3,25,Customer,14,Q7,SELECT,139.7781,True
3,25,Customer,15,U_customer,UPDATE,4.6955,True
3,25,Customer,16,Q10,SELECT,125.7789,True
3,25,Customer,17,U_customer,UPDATE,0.6443,True
3,25,Customer,18,Q7,SELECT,144.2749,True
3,25,Customer,19,U_customer,UPDATE,0.6349,True
3,26,Customer,0,Q18,SELECT,2170.0095,True
3,26,Customer,1,U_customer,UPDATE,0.7273,True
3,26,Customer,2,Q18,SELECT,2143.9055,True
3,26,Customer,3,U_customer,UPDATE,0.7058,True
3,26,Customer,4,Q10,SELECT,125.8955,True
3,26,Customer,5,U_customer,UPDATE,0.4854,True
3,26,Customer,6,Q3,SELECT,242.9106,True
3,26,Customer,7,U_customer,UPDATE,0.4057,True
3,26,Customer,8,Q18,SELECT,2157.9648,True
3,26,Customer,9,U_customer,UPDATE,0.5364,True
3,26,Customer,10,Q10,SELECT,127.8595,True
3,26,Customer,11,U_customer,UPDATE,0.8618,True
3,26,Customer,12,Q5,SELECT,100.3257,True
3,26,Customer,13,U_customer,UPDATE,0.6814,True
3,26,Customer,14,Q7,SELECT,140.5157,True
3,26,Customer,15,U_customer,UPDATE,0.673,True
3,26,Customer,16,Q18,SELECT,2203.5228,True
3,26,Customer,17,U_customer,UPDATE,0.984,True
3,26,Customer,18,Q5,SELECT,100.9483,True
3,26,Customer,19,U_customer,UPDATE,0.7345,True
3,27,Customer,0,Q3,SELECT,242.7295,True
3,27,Customer,1,U_customer,UPDATE,0.8057,True
3,27,Customer,2,Q10,SELECT,125.993,True
3,27,Customer,3,U_customer,UPDATE,3.9262,True
3,27,Customer,4,Q3,SELECT,241.8656,True
3,27,Customer,5,U_customer,UPDATE,0.7518,True
3,27,Customer,6,Q18,SELECT,2198.6868,True
3,27,Customer,7,U_customer,UPDATE,0.4864,True
3,27,Customer,8,Q10,SELECT,126.9011,True
3,27,Customer,9,U_customer,UPDATE,0.6037,True
3,27,Customer,10,Q3,SELECT,243.876,True
3,27,Customer,11,U_customer,UPDATE,0.69,True
3,27,Customer,12,Q18,SELECT,2216.83,True
3,27,Customer,13,U_customer,UPDATE,0.4473,True
3,27,Customer,14,Q3,SELECT,241.6875,True
3,27,Customer,15,U_customer,UPDATE,0.754,True
3,27,Customer,16,Q7,SELECT,140.1909,True
3,27,Customer,17,U_customer,UPDATE,0.6104,True
3,27,Customer,18,Q18,SELECT,2185.9225,True
3,27,Customer,19,U_customer,UPDATE,0.5235,True
3,28,Customer,0,Q5,SELECT,102.783,True
3,28,Customer,1,U_customer,UPDATE,1.3014,True
3,28,Customer,2,Q18,SELECT,2190.7239,True
3,28,Customer,3,U_customer,UPDATE,0.7265,True
3,28,Customer,4,Q10,SELECT,126.5159,True
3,28,Customer,5,U_customer,UPDATE,1.2558,True
3,28,Customer,6,Q18,SELECT,2238.9523,True
3,28,Customer,7,U_customer,UPDATE,0.4286,True
3,28,Customer,8,Q18,SELECT,2249.0308,True
3,28,Customer,9,U_customer,UPDATE,0.412,True
3,28,Customer,10,Q18,SELECT,2262.1109,True
3,28,Customer,11,U_customer,UPDATE,0.4117,True
3,28,Customer,12,Q10,SELECT,127.6337,True
3,28,Customer,13,U_customer,UPDATE,0.3572,True
3,28,Customer,14,Q10,SELECT,127.472,True
3,28,Customer,15,U_customer,UPDATE,0.7464,True
3,28,Customer,16,Q3,SELECT,242.8761,True
3,28,Customer,17,U_customer,UPDATE,0.7867,True
3,28,Customer,18,Q3,SELECT,243.2271,True
3,28,Customer,19,U_customer,UPDATE,0.7423,True
3,29,Customer,0,Q7,SELECT,139.6432,True
3,29,Customer,1,U_customer,UPDATE,0.7695,True
3,29,Customer,2,Q3,SELECT,243.411,True
3,29,Customer,3,U_customer,UPDATE,0.7713,True
3,29,Customer,4,Q7,SELECT,138.9579,True
3,29,Customer,5,U_customer,UPDATE,0.7785,True
3,29,Customer,6,Q18,SELECT,2196.3615,True
3,29,Customer,7,U_customer,UPDATE,0.7392,True
3,29,Customer,8,Q5,SELECT,101.4137,True
3,29,Customer,9,U_customer,UPDATE,1.3446,True
3,29,Customer,10,Q18,SELECT,2201.0582,True
3,29,Customer,11,U_customer,UPDATE,0.8662,True
3,29,Customer,12,Q18,SELECT,2254.9318,True
3,29,Customer,13,U_customer,UPDATE,0.5944,True
3,29,Customer,14,Q18,SELECT,2270.31,True
3,29,Customer,15,U_customer,UPDATE,0.5552,True
3,29,Customer,16,Q10,SELECT,127.2645,True
3,29,Customer,17,U_customer,UPDATE,0.333,True
3,29,Customer,18,Q3,SELECT,245.8813,True
3,29,Customer,19,U_customer,UPDATE,0.7467,True
3,30,Customer,0,Q5,SELECT,102.2272,True
3,30,Customer,1,U_customer,UPDATE,0.7492,True
3,30,Customer,2,Q10,SELECT,127.6023,True
3,30,Customer,3,U_customer,UPDATE,0.7388,True
3,30,Customer,4,Q18,SELECT,2248.5821,True
3,30,Customer,5,U_customer,UPDATE,1.0154,True
3,30,Customer,6,Q10,SELECT,124.6871,True
3,30,Customer,7,U_customer,UPDATE,0.6903,True
3,30,Customer,8,Q3,SELECT,239.4983,True
3,30,Customer,9,U_customer,UPDATE,0.73,True
3,30,Customer,10,Q7,SELECT,138.6487,True
3,30,Customer,11,U_customer,UPDATE,0.7467,True
3,30,Customer,12,Q18,SELECT,2241.3352,True
3,30,Customer,13,U_customer,UPDATE,0.3028,True
3,30,Customer,14,Q18,SELECT,2245.8142,True
3,30,Customer,15,U_customer,UPDATE,0.3892,True
3,30,Customer,16,Q10,SELECT,125.2307,True
3,30,Customer,17,U_customer,UPDATE,0.4074,True
3,30,Customer,18,Q5,SELECT,98.2333,True
3,30,Customer,19,U_customer,UPDATE,0.6397,True
3,31,Customer,0,Q18,SELECT,2219.1288,True
3,31,Customer,1,U_customer,UPDATE,0.4372,True
3,31,Customer,2,Q10,SELECT,127.6673,True
3,31,Customer,3,U_customer,UPDATE,0.5735,True
3,31,Customer,4,Q18,SELECT,2207.9969,True
3,31,Customer,5,U_customer,UPDATE,0.3129,True
3,31,Customer,6,Q3,SELECT,245.228,True
3,31,Customer,7,U_customer,UPDATE,0.7315,True
3,31,Customer,8,Q7,SELECT,138.1709,True
3,31,Customer,9,U_customer,UPDATE,0.6577,True
3,31,Customer,10,Q3,SELECT,244.2045,True
3,31,Customer,11,U_customer,UPDATE,0.728,True
3,31,Customer,12,Q3,SELECT,242.3143,True
3,31,Customer,13,U_customer,UPDATE,0.6959,True
3,31,Customer,14,Q10,SELECT,127.4722,True
3,31,Customer,15,U_customer,UPDATE,0.6423,True
3,31,Customer,16,Q7,SELECT,143.3759,True
3,31,Customer,17,U_customer,UPDATE,0.4238,True
3,31,Customer,18,Q18,SELECT,2249.083,True
3,31,Customer,19,U_customer,UPDATE,0.3795,True
4,0,Reporting,0,Q14,SELECT,89.8578,True
4,0,Reporting,1,Q6,SELECT,173.5282,True
4,0,Reporting,2,Q6,SELECT,169.1328,True
4,0,Reporting,3,Q14,SELECT,80.0762,True
4,0,Reporting,4,Q6,SELECT,173.8565,True
4,0,Reporting,5,Q6,SELECT,168.8451,True
4,0,Reporting,6,Q14,SELECT,80.24,True
4,0,Reporting,7,Q14,SELECT,78.3418,True
4,0,Reporting,8,U_orders,UPDATE,0.6261,True
4,0,Reporting,9,Q1,SELECT,522.8121,True
4,0,Reporting,10,Q1,SELECT,533.8688,True
4,0,Reporting,11,U_orders,UPDATE,0.4205,True
4,0,Reporting,12,Q14,SELECT,85.721,True
4,0,Reporting,13,Q1,SELECT,531.812,True
4,0,Reporting,14,Q1,SELECT,523.0091,True
4,0,Reporting,15,Q6,SELECT,160.5364,True
4,0,Reporting,16,Q4,SELECT,97.3976,True
4,0,Reporting,17,Q14,SELECT,80.48,True
4,0,Reporting,18,U_orders,UPDATE,0.6641,True
4,0,Reporting,19,Q14,SELECT,79.7625,True
4,0,Reporting,20,Q1,SELECT,555.579,True
4,0,Reporting,21,U_orders,UPDATE,3.7319,True
4,0,Reporting,22,Q1,SELECT,519.7845,True
4,0,Reporting,23,Q4,SELECT,80.0875,True
4,0,Reporting,24,Q1,SELECT,528.6414,True
4,0,Reporting,25,U_orders,UPDATE,0.6987,True
4,0,Reporting,26,Q1,SELECT,572.9378,True
4,0,Reporting,27,Q4,SELECT,81.2787,True
4,0,Reporting,28,U_orders,UPDATE,0.6798,True
4,0,Reporting,29,Q4,SELECT,80.0844,True
4,1,Reporting,0,Q6,SELECT,165.1942,True
4,1,Reporting,1,Q6,SELECT,171.0293,True
4,1,Reporting,2,Q1,SELECT,543.4982,True
4,1,Reporting,3,U_orders,UPDATE,1.4231,True
4,1,Reporting,4,Q4,SELECT,82.2116,True
4,1,Reporting,5,Q6,SELECT,165.7101,True
4,1,Reporting,6,Q6,SELECT,163.8025,True
4,1,Reporting,7,Q4,SELECT,79.0569,True
4,1,Reporting,8,Q6,SELECT,185.9495,True
4,1,Reporting,9,Q14,SELECT,85.3057,True
4,1,Reporting,10,Q14,SELECT,80.9198,True
4,1,Reporting,11,Q1,SELECT,529.6403,True
4,1,Reporting,12,Q6,SELECT,168.2566,True
4,1,Reporting,13,Q4,SELECT,81.4995,True
4,1,Reporting,14,Q6,SELECT,169.3653,True
4,1,Reporting,15,Q1,SELECT,531.0671,True
4,1,Reporting,16,Q6,SELECT,167.5586,True
4,1,Reporting,17,Q6,SELECT,166.8925,True
4,1,Reporting,18,Q1,SELECT,551.6365,True
4,1,Reporting,19,Q6,SELECT,164.6155,True
4,1,Reporting,20,Q14,SELECT,77.2156,True
4,1,Reporting,21,U_orders,UPDATE,1.3084,True
4,1,Reporting,22,U_orders,UPDATE,0.2793,True
4,1,Reporting,23,Q1,SELECT,557.3824,True
4,1,Reporting,24,U_orders,UPDATE,0.5295,True
4,1,Reporting,25,U_orders,UPDATE,0.235,True
4,1,Reporting,26,Q14,SELECT,82.7717,True
4,1,Reporting,27,Q6,SELECT,168.5637,True
4,1,Reporting,28,U_orders,UPDATE,0.7571,True
4,1,Reporting,29,Q6,SELECT,165.8177,True
4,2,Reporting,0,Q14,SELECT,82.2599,True
4,2,Reporting,1,Q1,SELECT,530.1377,True
4,2,Reporting,2,Q12,SELECT,242.9575,True
4,2,Reporting,3,Q12,SELECT,240.9753,True
4,2,Reporting,4,Q1,SELECT,566.9383,True
4,2,Reporting,5,Q1,SELECT,572.8502,True
4,2,Reporting,6,Q1,SELECT,566.4499,True
4,2,Reporting,7,U_orders,UPDATE,0.4676,True
4,2,Reporting,8,U_orders,UPDATE,0.2867,True
4,2,Reporting,9,Q1,SELECT,573.8219,True
4,2,Reporting,10,Q6,SELECT,176.2263,True
4,2,Reporting,11,Q6,SELECT,174.238,True
4,2,Reporting,12,Q6,SELECT,166.6933,True
4,2,Reporting,13,Q1,SELECT,543.0772,True
4,2,Reporting,14,Q1,SELECT,580.7695,True
4,2,Reporting,15,Q1,SELECT,574.1895,True
4,2,Reporting,16,Q14,SELECT,82.1221,True
4,2,Reporting,17,Q12,SELECT,247.673,True
4,2,Reporting,18,Q6,SELECT,168.5107,True
4,2,Reporting,19,U_orders,UPDATE,0.5107,True
4,2,Reporting,20,Q6,SELECT,166.0647,True
4,2,Reporting,21,Q12,SELECT,238.7539,True
4,2,Reporting,22,U_orders,UPDATE,0.3558,True
4,2,Reporting,23,Q14,SELECT,80.8778,True
4,2,Reporting,24,Q1,SELECT,561.147,True
4,2,Reporting,25,U_orders,UPDATE,1.3832,True
4,2,Reporting,26,Q1,SELECT,567.3274,True
4,2,Reporting,27,U_orders,UPDATE,0.4938,True
4,2,Reporting,28,Q1,SELECT,573.7007,True
4,2,Reporting,29,Q1,SELECT,580.9963,True
4,3,Reporting,0,Q14,SELECT,86.256,True
4,3,Reporting,1,Q1,SELECT,582.0357,True
4,3,Reporting,2,Q14,SELECT,83.2246,True
4,3,Reporting,3,Q4,SELECT,84.8141,True
4,3,Reporting,4,Q6,SELECT,171.7771,True
4,3,Reporting,5,U_orders,UPDATE,0.8145,True
4,3,Reporting,6,U_orders,UPDATE,0.2723,True
4,3,Reporting,7,U_orders,UPDATE,0.236,True
4,3,Reporting,8,Q1,SELECT,566.4693,True
4,3,Reporting,9,Q1,SELECT,574.9569,True
4,3,Reporting,10,Q4,SELECT,83.2981,True
4,3,Reporting,11,U_orders,UPDATE,0.7103,True
4,3,Reporting,12,Q1,SELECT,584.1461,True
4,3,Reporting,13,Q14,SELECT,83.4229,True
4,3,Reporting,14,Q6,SELECT,173.136,True
4,3,Reporting,15,Q1,SELECT,563.4197,True
4,3,Reporting,16,Q12,SELECT,249.3975,True
4,3,Reporting,17,Q1,SELECT,573.1226,True
4,3,Reporting,18,U_orders,UPDATE,0.489,True
4,3,Reporting,19,Q12,SELECT,244.4225,True
4,3,Reporting,20,Q14,SELECT,82.6092,True
4,3,Reporting,21,Q6,SELECT,173.4021,True
4,3,Reporting,22,Q14,SELECT,81.1368,True
4,3,Reporting,23,Q1,SELECT,551.943,True
4,3,Reporting,24,Q14,SELECT,82.925,True
4,3,Reporting,25,Q1,SELECT,573.9433,True
4,3,Reporting,26,U_orders,UPDATE,1.3182,True
4,3,Reporting,27,Q1,SELECT,565.0387,True
4,3,Reporting,28,Q6,SELECT,176.6375,True
4,3,Reporting,29,Q4,SELECT,83.3789,True
4,4,Reporting,0,Q14,SELECT,81.7974,True
4,4,Reporting,1,Q1,SELECT,565.6026,True
4,4,Reporting,2,U_orders,UPDATE,1.4948,True
4,4,Reporting,3,Q6,SELECT,172.0975,True
4,4,Reporting,4,Q14,SELECT,82.246,True
4,4,Reporting,5,Q14,SELECT,79.3883,True
4,4,Reporting,6,Q6,SELECT,165.1483,True
4,4,Reporting,7,Q1,SELECT,544.6622,True
4,4,Reporting,8,Q1,SELECT,568.6813,True
4,4,Reporting,9,U_orders,UPDATE,1.3677,True
4,4,Reporting,10,Q6,SELECT,170.3982,True
4,4,Reporting,11,Q6,SELECT,168.4302,True
4,4,Reporting,12,Q1,SELECT,554.2835,True
4,4,Reporting,13,Q14,SELECT,81.5008,True
4,4,Reporting,14,Q6,SELECT,166.3888,True
4,4,Reporting,15,U_orders,UPDATE,1.2729,True
4,4,Reporting,16,U_orders,UPDATE,0.4493,True
4,4,Reporting,17,U_orders,UPDATE,0.3666,True
4,4,Reporting,18,Q6,SELECT,170.4785,True
4,4,Reporting,19,Q1,SELECT,553.9322,True
4,4,Reporting,20,U_orders,UPDATE,0.548,True
4,4,Reporting,21,Q1,SELECT,563.4227,True
4,4,Reporting,22,Q1,SELECT,593.6624,True
4,4,Reporting,23,Q1,SELECT,595.972,True
4,4,Reporting,24,Q1,SELECT,575.891,True
4,4,Reporting,25,Q6,SELECT,173.6607,True
4,4,Reporting,26,Q14,SELECT,81.6572,True
4,4,Reporting,27,Q1,SELECT,554.5577,True
4,4,Reporting,28,Q6,SELECT,171.2477,True
4,4,Reporting,29,Q6,SELECT,165.9239,True
4,5,Reporting,0,Q6,SELECT,167.8973,True
4,5,Reporting,1,Q1,SELECT,549.1072,True
4,5,Reporting,2,U_orders,UPDATE,1.4031,True
4,5,Reporting,3,Q1,SELECT,563.066,True
4,5,Reporting,4,Q1,SELECT,585.1738,True
4,5,Reporting,5,Q14,SELECT,80.6853,True
4,5,Reporting,6,Q4,SELECT,82.6346,True
4,5,Reporting,7,U_orders,UPDATE,1.2765,True
4,5,Reporting,8,Q6,SELECT,167.0025,True
4,5,Reporting,9,Q1,SELECT,566.2624,True
4,5,Reporting,10,Q1,SELECT,564.4202,True
4,5,Reporting,11,Q14,SELECT,82.3979,True
4,5,Reporting,12,Q6,SELECT,171.3333,True
4,5,Reporting,13,Q1,SELECT,552.4193,True
4,5,Reporting,14,Q4,SELECT,81.7653,True
4,5,Reporting,15,Q4,SELECT,81.0725,True
4,5,Reporting,16,Q1,SELECT,574.173,True
4,5,Reporting,17,Q1,SELECT,581.3552,True
4,5,Reporting,18,U_orders,UPDATE,1.2864,True
4,5,Reporting,19,Q1,SELECT,587.6223,True
4,5,Reporting,20,Q1,SELECT,593.707,True
4,5,Reporting,21,Q6,SELECT,171.4593,True
4,5,Reporting,22,Q14,SELECT,79.9205,True
4,5,Reporting,23,Q1,SELECT,581.4356,True
4,5,Reporting,24,Q6,SELECT,170.3639,True
4,5,Reporting,25,U_orders,UPDATE,0.7772,True
4,5,Reporting,26,U_orders,UPDATE,0.28,True
4,5,Reporting,27,U_orders,UPDATE,0.8857,True
4,5,Reporting,28,Q6,SELECT,166.6402,True
4,5,Reporting,29,Q14,SELECT,76.948,True
4,6,Reporting,0,U_orders,UPDATE,0.7519,True
4,6,Reporting,1,Q6,SELECT,162.9021,True
4,6,Reporting,2,Q6,SELECT,163.378,True
4,6,Reporting,3,Q1,SELECT,546.6711,True
4,6,Reporting,4,Q1,SELECT,568.1154,True
4,6,Reporting,5,Q6,SELECT,172.9743,True
4,6,Reporting,6,U_orders,UPDATE,1.3127,True
4,6,Reporting,7,U_orders,UPDATE,0.3921,True
4,6,Reporting,8,Q1,SELECT,567.2386,True
4,6,Reporting,9,Q1,SELECT,566.1771,True
4,6,Reporting,10,Q14,SELECT,85.0898,True
4,6,Reporting,11,U_orders,UPDATE,1.2438,True
4,6,Reporting,12,Q6,SELECT,170.2116,True
4,6,Reporting,13,Q14,SELECT,79.8234,True
4,6,Reporting,14,Q14,SELECT,83.9855,True
4,6,Reporting,15,Q1,SELECT,552.782,True
4,6,Reporting,16,Q1,SELECT,571.3083,True
4,6,Reporting,17,Q4,SELECT,84.3455,True
4,6,Reporting,18,Q12,SELECT,249.2175,True
4,6,Reporting,19,U_orders,UPDATE,1.4136,True
4,6,Reporting,20,U_orders,UPDATE,0.3987,True
4,6,Reporting,21,Q1,SELECT,574.7338,True
4,6,Reporting,22,Q6,SELECT,174.1235,True
4,6,Reporting,23,Q1,SELECT,575.4184,True
4,6,Reporting,24,Q6,SELECT,176.3531,True
4,6,Reporting,25,Q6,SELECT,169.1988,True
4,6,Reporting,26,Q6,SELECT,164.457,True
4,6,Reporting,27,Q12,SELECT,229.8846,True
4,6,Reporting,28,Q12,SELECT,230.4248,True
4,6,Reporting,29,Q12,SELECT,232.555,True
4,7,Reporting,0,Q6,SELECT,166.9829,True
4,7,Reporting,1,Q6,SELECT,162.8435,True
4,7,Reporting,2,Q6,SELECT,162.8948,True
4,7,Reporting,3,Q6,SELECT,162.2855,True
4,7,Reporting,4,Q1,SELECT,542.6945,True
4,7,Reporting,5,Q1,SELECT,552.0465,True
4,7,Reporting,6,Q6,SELECT,172.9568,True
4,7,Reporting,7,Q6,SELECT,165.9049,True
4,7,Reporting,8,U_orders,UPDATE,1.3593,True
4,7,Reporting,9,Q4,SELECT,79.9597,True
4,7,Reporting,10,Q14,SELECT,78.7,True
4,7,Reporting,11,Q6,SELECT,162.8653,True
4,7,Reporting,12,U_orders,UPDATE,1.362,True
4,7,Reporting,13,U_orders,UPDATE,0.4718,True
4,7,Reporting,14,Q1,SELECT,542.598,True
4,7,Reporting,15,Q12,SELECT,243.7926,True
4,7,Reporting,16,Q12,SELECT,240.7449,True
4,7,Reporting,17,Q6,SELECT,169.3998,True
4,7,Reporting,18,Q1,SELECT,558.4459,True
4,7,Reporting,19,Q1,SELECT,565.5693,True
4,7,Reporting,20,Q12,SELECT,248.2237,True
4,7,Reporting,21,Q12,SELECT,248.2442,True
4,7,Reporting,22,U_orders,UPDATE,1.4822,True
4,7,Reporting,23,Q14,SELECT,81.3198,True
4,7,Reporting,24,Q12,SELECT,242.1963,True
4,7,Reporting,25,Q1,SELECT,562.753,True
4,7,Reporting,26,Q6,SELECT,173.1071,True
4,7,Reporting,27,U_orders,UPDATE,1.358,True
4,7,Reporting,28,Q1,SELECT,558.3042,True
4,7,Reporting,29,U_orders,UPDATE,1.3399,True
4,8,JoinHeavy,0,Q3,SELECT,258.2811,True
4,8,JoinHeavy,1,Q7,SELECT,143.4682,True
4,8,JoinHeavy,2,Q3,SELECT,250.109,True
4,8,JoinHeavy,3,Q7,SELECT,141.7728,True
4,8,JoinHeavy,4,Q5,SELECT,103.4338,True
4,8,JoinHeavy,5,Q10,SELECT,128.6261,True
4,8,JoinHeavy,6,Q7,SELECT,140.9528,True
4,8,JoinHeavy,7,Q7,SELECT,139.5055,True
4,8,JoinHeavy,8,Q3,SELECT,245.5009,True
4,8,JoinHeavy,9,Q10,SELECT,126.7045,True
4,8,JoinHeavy,10,Q3,SELECT,242.8098,True
4,8,JoinHeavy,11,Q10,SELECT,126.198,True
4,8,JoinHeavy,12,Q5,SELECT,100.7595,True
4,8,JoinHeavy,13,Q3,SELECT,242.4504,True
4,8,JoinHeavy,14,Q18,SELECT,2273.0607,True
4,8,JoinHeavy,15,Q7,SELECT,150.228,True
4,8,JoinHeavy,16,Q3,SELECT,250.1036,True
4,8,JoinHeavy,17,Q7,SELECT,141.0919,True
4,8,JoinHeavy,18,Q5,SELECT,101.5652,True
4,8,JoinHeavy,19,Q5,SELECT,103.0761,True
4,8,JoinHeavy,20,Q10,SELECT,128.68,True
4,8,JoinHeavy,21,Q10,SELECT,127.0077,True
4,8,JoinHeavy,22,I_customer,INSERT,1.4265,True
4,8,JoinHeavy,23,I_customer,INSERT,0.3342,True
4,8,JoinHeavy,24,I_customer,INSERT,0.3514,True
4,8,JoinHeavy,25,I_customer,INSERT,0.2716,True
4,8,JoinHeavy,26,I_customer,INSERT,0.2855,True
4,8,JoinHeavy,27,I_customer,INSERT,0.2334,True
4,8,JoinHeavy,28,I_customer,INSERT,0.2278,True
4,8,JoinHeavy,29,I_customer,INSERT,0.2211,True
4,8,JoinHeavy,30,I_customer,INSERT,0.2214,True
4,8,JoinHeavy,31,I_customer,INSERT,0.224,True
4,8,JoinHeavy,32,I_customer,INSERT,0.2205,True
4,8,JoinHeavy,33,I_customer,INSERT,0.2269,True
4,8,JoinHeavy,34,I_customer,INSERT,0.2212,True
4,8,JoinHeavy,35,I_customer,INSERT,0.2487,True
4,8,JoinHeavy,36,I_customer,INSERT,0.2164,True
4,8,JoinHeavy,37,I_customer,INSERT,0.226,True
4,8,JoinHeavy,38,I_customer,INSERT,0.2127,True
4,8,JoinHeavy,39,I_customer,INSERT,0.1808,True
4,9,JoinHeavy,0,Q10,SELECT,127.6342,True
4,9,JoinHeavy,1,Q5,SELECT,99.991,True
4,9,JoinHeavy,2,Q7,SELECT,139.8064,True
4,9,JoinHeavy,3,Q5,SELECT,99.7978,True
4,9,JoinHeavy,4,Q7,SELECT,138.8285,True
4,9,JoinHeavy,5,Q10,SELECT,126.5157,True
4,9,JoinHeavy,6,Q3,SELECT,243.894,True
4,9,JoinHeavy,7,Q5,SELECT,99.5376,True
4,9,JoinHeavy,8,Q18,SELECT,2212.7044,True
4,9,JoinHeavy,9,Q7,SELECT,136.3472,True
4,9,JoinHeavy,10,Q5,SELECT,100.2199,True
4,9,JoinHeavy,11,Q3,SELECT,238.7705,True
4,9,JoinHeavy,12,Q5,SELECT,99.6675,True
4,9,JoinHeavy,13,Q3,SELECT,243.0668,True
4,9,JoinHeavy,14,Q10,SELECT,126.9716,True
4,9,JoinHeavy,15,Q18,SELECT,2205.959,True
4,9,JoinHeavy,16,Q7,SELECT,140.7858,True
4,9,JoinHeavy,17,Q3,SELECT,244.6618,True
4,9,JoinHeavy,18,Q3,SELECT,243.6027,True
4,9,JoinHeavy,19,Q10,SELECT,126.3285,True
4,9,JoinHeavy,20,Q10,SELECT,127.2369,True
4,9,JoinHeavy,21,Q5,SELECT,99.498,True
4,9,JoinHeavy,22,I_customer,INSERT,0.9503,True
4,9,JoinHeavy,23,I_customer,INSERT,0.2998,True
4,9,JoinHeavy,24,I_customer,INSERT,0.291,True
4,9,JoinHeavy,25,I_customer,INSERT,0.2407,True
4,9,JoinHeavy,26,I_customer,INSERT,0.2192,True
4,9,JoinHeavy,27,I_customer,INSERT,0.2366,True
4,9,JoinHeavy,28,I_customer,INSERT,0.3061,True
4,9,JoinHeavy,29,I_customer,INSERT,0.2537,True
4,9,JoinHeavy,30,I_customer,INSERT,0.2888,True
4,9,JoinHeavy,31,I_customer,INSERT,0.276,True
4,9,JoinHeavy,32,I_customer,INSERT,0.2389,True
4,9,JoinHeavy,33,I_customer,INSERT,0.334,True
4,9,JoinHeavy,34,I_customer,INSERT,0.2293,True
4,9,JoinHeavy,35,I_customer,INSERT,0.2305,True
4,9,JoinHeavy,36,I_customer,INSERT,0.1738,True
4,9,JoinHeavy,37,I_customer,INSERT,0.193,True
4,9,JoinHeavy,38,I_customer,INSERT,0.2025,True
4,9,JoinHeavy,39,I_customer,INSERT,0.9048,True
4,10,JoinHeavy,0,Q7,SELECT,141.1111,True
4,10,JoinHeavy,1,Q5,SELECT,100.0314,True
4,10,JoinHeavy,2,Q7,SELECT,143.9071,True
4,10,JoinHeavy,3,Q3,SELECT,243.6249,True
4,10,JoinHeavy,4,Q5,SELECT,99.0349,True
4,10,JoinHeavy,5,Q3,SELECT,241.9193,True
4,10,JoinHeavy,6,Q10,SELECT,124.8702,True
4,10,JoinHeavy,7,Q3,SELECT,241.1539,True
4,10,JoinHeavy,8,Q3,SELECT,241.95,True
4,10,JoinHeavy,9,Q7,SELECT,139.3658,True
4,10,JoinHeavy,10,Q3,SELECT,241.6395,True
4,10,JoinHeavy,11,Q3,SELECT,242.1517,True
4,10,JoinHeavy,12,Q5,SELECT,98.9951,True
4,10,JoinHeavy,13,Q5,SELECT,99.8344,True
4,10,JoinHeavy,14,Q3,SELECT,246.2145,True
4,10,JoinHeavy,15,Q3,SELECT,241.7309,True
4,10,JoinHeavy,16,Q7,SELECT,138.3655,True
4,10,JoinHeavy,17,Q5,SELECT,100.4464,True
4,10,JoinHeavy,18,Q5,SELECT,99.3851,True
4,10,JoinHeavy,19,Q18,SELECT,2151.1012,True
4,10,JoinHeavy,20,Q7,SELECT,137.7277,True
4,10,JoinHeavy,21,Q7,SELECT,138.2844,True
4,10,JoinHeavy,22,I_customer,INSERT,0.6673,True
4,10,JoinHeavy,23,I_customer,INSERT,0.2981,True
4,10,JoinHeavy,24,I_customer,INSERT,0.2491,True
4,10,JoinHeavy,25,I_customer,INSERT,0.2285,True
4,10,JoinHeavy,26,I_customer,INSERT,0.2274,True
4,10,JoinHeavy,27,I_customer,INSERT,0.2198,True
4,10,JoinHeavy,28,I_customer,INSERT,0.2177,True
4,10,JoinHeavy,29,I_customer,INSERT,0.2153,True
4,10,JoinHeavy,30,I_customer,INSERT,0.2127,True
4,10,JoinHeavy,31,I_customer,INSERT,0.1693,True
4,10,JoinHeavy,32,I_customer,INSERT,0.1562,True
4,10,JoinHeavy,33,I_customer,INSERT,0.1577,True
4,10,JoinHeavy,34,I_customer,INSERT,0.154,True
4,10,JoinHeavy,35,I_customer,INSERT,0.1575,True
4,10,JoinHeavy,36,I_customer,INSERT,0.1748,True
4,10,JoinHeavy,37,I_customer,INSERT,0.1574,True
4,10,JoinHeavy,38,I_customer,INSERT,0.1729,True
4,10,JoinHeavy,39,I_customer,INSERT,0.1767,True
4,11,JoinHeavy,0,Q7,SELECT,140.5876,True
4,11,JoinHeavy,1,Q10,SELECT,125.7482,True
4,11,JoinHeavy,2,Q5,SELECT,99.8997,True
4,11,JoinHeavy,3,Q5,SELECT,100.6577,True
4,11,JoinHeavy,4,Q7,SELECT,138.8834,True
4,11,JoinHeavy,5,Q7,SELECT,138.5116,True
4,11,JoinHeavy,6,Q7,SELECT,138.766,True
4,11,JoinHeavy,7,Q5,SELECT,100.5871,True
4,11,JoinHeavy,8,Q10,SELECT,128.57,True
4,11,JoinHeavy,9,Q10,SELECT,127.574,True
4,11,JoinHeavy,10,Q3,SELECT,241.3436,True
4,11,JoinHeavy,11,Q3,SELECT,240.526,True
4,11,JoinHeavy,12,Q7,SELECT,138.7768,True
4,11,JoinHeavy,13,Q5,SELECT,99.4572,True
4,11,JoinHeavy,14,Q10,SELECT,125.9469,True
4,11,JoinHeavy,15,Q3,SELECT,242.6133,True
4,11,JoinHeavy,16,Q5,SELECT,100.6188,True
4,11,JoinHeavy,17,Q10,SELECT,126.496,True
4,11,JoinHeavy,18,Q7,SELECT,138.8391,True
4,11,JoinHeavy,19,Q7,SELECT,137.8358,True
4,11,JoinHeavy,20,Q5,SELECT,98.0706,True
4,11,JoinHeavy,21,Q3,SELECT,238.6627,True
4,11,JoinHeavy,22,I_customer,INSERT,0.6555,True
4,11,JoinHeavy,23,I_customer,INSERT,0.1695,True
4,11,JoinHeavy,24,I_customer,INSERT,0.1454,True
4,11,JoinHeavy,25,I_customer,INSERT,0.1383,True
4,11,JoinHeavy,26,I_customer,INSERT,0.1436,True
4,11,JoinHeavy,27,I_customer,INSERT,0.1532,True
4,11,JoinHeavy,28,I_customer,INSERT,0.1673,True
4,11,JoinHeavy,29,I_customer,INSERT,0.1865,True
4,11,JoinHeavy,30,I_customer,INSERT,0.1581,True
4,11,JoinHeavy,31,I_customer,INSERT,0.1575,True
4,11,JoinHeavy,32,I_customer,INSERT,0.1292,True
4,11,JoinHeavy,33,I_customer,INSERT,0.1255,True
4,11,JoinHeavy,34,I_customer,INSERT,0.1304,True
4,11,JoinHeavy,35,I_customer,INSERT,0.122,True
4,11,JoinHeavy,36,I_customer,INSERT,0.1262,True
4,11,JoinHeavy,37,I_customer,INSERT,0.1265,True
4,11,JoinHeavy,38,I_customer,INSERT,0.1303,True
4,11,JoinHeavy,39,I_customer,INSERT,0.1288,True
4,12,JoinHeavy,0,Q5,SELECT,100.6709,True
4,12,JoinHeavy,1,Q7,SELECT,139.0332,True
4,12,JoinHeavy,2,Q5,SELECT,99.9215,True
4,12,JoinHeavy,3,Q3,SELECT,242.2835,True
4,12,JoinHeavy,4,Q5,SELECT,99.5738,True
4,12,JoinHeavy,5,Q18,SELECT,2162.8342,True
4,12,JoinHeavy,6,Q10,SELECT,127.0927,True
4,12,JoinHeavy,7,Q7,SELECT,138.6444,True
4,12,JoinHeavy,8,Q7,SELECT,138.6315,True
4,12,JoinHeavy,9,Q10,SELECT,128.657,True
4,12,JoinHeavy,10,Q5,SELECT,100.2815,True
4,12,JoinHeavy,11,Q5,SELECT,100.1071,True
4,12,JoinHeavy,12,Q18,SELECT,2188.0027,True
4,12,JoinHeavy,13,Q3,SELECT,243.686,True
4,12,JoinHeavy,14,Q7,SELECT,138.3141,True
4,12,JoinHeavy,15,Q5,SELECT,99.1175,True
4,12,JoinHeavy,16,Q7,SELECT,143.2073,True
4,12,JoinHeavy,17,Q5,SELECT,99.5544,True
4,12,JoinHeavy,18,Q7,SELECT,138.597,True
4,12,JoinHeavy,19,Q18,SELECT,2252.5936,True
4,12,JoinHeavy,20,Q7,SELECT,140.1938,True
4,12,JoinHeavy,21,Q3,SELECT,245.0619,True
4,12,JoinHeavy,22,I_customer,INSERT,0.836,True
4,12,JoinHeavy,23,I_customer,INSERT,0.259,True
4,12,JoinHeavy,24,I_customer,INSERT,0.2325,True
4,12,JoinHeavy,25,I_customer,INSERT,0.2395,True
4,12,JoinHeavy,26,I_customer,INSERT,0.301,True
4,12,JoinHeavy,27,I_customer,INSERT,0.2763,True
4,12,JoinHeavy,28,I_customer,INSERT,0.2313,True
4,12,JoinHeavy,29,I_customer,INSERT,0.229,True
4,12,JoinHeavy,30,I_customer,INSERT,0.2186,True
4,12,JoinHeavy,31,I_customer,INSERT,0.2195,True
4,12,JoinHeavy,32,I_customer,INSERT,0.2146,True
4,12,JoinHeavy,33,I_customer,INSERT,0.2143,True
4,12,JoinHeavy,34,I_customer,INSERT,0.2215,True
4,12,JoinHeavy,35,I_customer,INSERT,0.2126,True
4,12,JoinHeavy,36,I_customer,INSERT,0.2141,True
4,12,JoinHeavy,37,I_customer,INSERT,0.2065,True
4,12,JoinHeavy,38,I_customer,INSERT,0.1715,True
4,12,JoinHeavy,39,I_customer,INSERT,0.157,True
4,13,JoinHeavy,0,Q5,SELECT,101.1835,True
4,13,JoinHeavy,1,Q7,SELECT,140.7051,True
4,13,JoinHeavy,2,Q10,SELECT,126.6002,True
4,13,JoinHeavy,3,Q3,SELECT,242.7591,True
4,13,JoinHeavy,4,Q5,SELECT,98.7151,True
4,13,JoinHeavy,5,Q18,SELECT,2233.2849,True
4,13,JoinHeavy,6,Q18,SELECT,2290.2675,True
4,13,JoinHeavy,7,Q7,SELECT,137.4116,True
4,13,JoinHeavy,8,Q7,SELECT,140.0619,True
4,13,JoinHeavy,9,Q7,SELECT,138.8746,True
4,13,JoinHeavy,10,Q7,SELECT,138.4315,True
4,13,JoinHeavy,11,Q3,SELECT,243.0575,True
4,13,JoinHeavy,12,Q3,SELECT,241.1189,True
4,13,JoinHeavy,13,Q10,SELECT,126.7534,True
4,13,JoinHeavy,14,Q7,SELECT,139.3645,True
4,13,JoinHeavy,15,Q7,SELECT,139.7525,True
4,13,JoinHeavy,16,Q7,SELECT,139.3115,True
4,13,JoinHeavy,17,Q3,SELECT,242.9033,True
4,13,JoinHeavy,18,Q3,SELECT,242.1917,True
4,13,JoinHeavy,19,Q10,SELECT,125.5953,True
4,13,JoinHeavy,20,Q10,SELECT,126.6498,True
4,13,JoinHeavy,21,Q10,SELECT,128.8425,True
4,13,JoinHeavy,22,I_customer,INSERT,1.4047,True
4,13,JoinHeavy,23,I_customer,INSERT,0.5148,True
4,13,JoinHeavy,24,I_customer,INSERT,0.2356,True
4,13,JoinHeavy,25,I_customer,INSERT,0.2279,True
4,13,JoinHeavy,26,I_customer,INSERT,0.2213,True
4,13,JoinHeavy,27,I_customer,INSERT,0.2177,True
4,13,JoinHeavy,28,I_customer,INSERT,0.2203,True
4,13,JoinHeavy,29,I_customer,INSERT,0.2176,True
4,13,JoinHeavy,30,I_customer,INSERT,0.2124,True
4,13,JoinHeavy,31,I_customer,INSERT,0.2131,True
4,13,JoinHeavy,32,I_customer,INSERT,0.216,True
4,13,JoinHeavy,33,I_customer,INSERT,0.2355,True
4,13,JoinHeavy,34,I_customer,INSERT,0.285,True
4,13,JoinHeavy,35,I_customer,INSERT,0.1849,True
4,13,JoinHeavy,36,I_customer,INSERT,0.167,True
4,13,JoinHeavy,37,I_customer,INSERT,0.1549,True
4,13,JoinHeavy,38,I_customer,INSERT,0.1506,True
4,13,JoinHeavy,39,I_customer,INSERT,0.1481,True
4,14,JoinHeavy,0,Q7,SELECT,140.0817,True
4,14,JoinHeavy,1,Q7,SELECT,138.9165,True
4,14,JoinHeavy,2,Q10,SELECT,127.1486,True
4,14,JoinHeavy,3,Q18,SELECT,2200.4249,True
4,14,JoinHeavy,4,Q7,SELECT,140.6057,True
4,14,JoinHeavy,5,Q5,SELECT,100.7838,True
4,14,JoinHeavy,6,Q3,SELECT,243.584,True
4,14,JoinHeavy,7,Q7,SELECT,139.363,True
4,14,JoinHeavy,8,Q10,SELECT,125.7113,True
4,14,JoinHeavy,9,Q10,SELECT,126.6542,True
4,14,JoinHeavy,10,Q5,SELECT,99.1006,True
4,14,JoinHeavy,11,Q18,SELECT,2194.9533,True
4,14,JoinHeavy,12,Q7,SELECT,140.4036,True
4,14,JoinHeavy,13,Q5,SELECT,110.3277,True
4,14,JoinHeavy,14,Q7,SELECT,138.2914,True
4,14,JoinHeavy,15,Q18,SELECT,2217.119,True
4,14,JoinHeavy,16,Q10,SELECT,127.0823,True
4,14,JoinHeavy,17,Q5,SELECT,100.2725,True
4,14,JoinHeavy,18,Q10,SELECT,126.4053,True
4,14,JoinHeavy,19,Q3,SELECT,242.7088,True
4,14,JoinHeavy,20,Q18,SELECT,2255.3436,True
4,14,JoinHeavy,21,Q5,SELECT,101.076,True
4,14,JoinHeavy,22,I_customer,INSERT,0.8805,True
4,14,JoinHeavy,23,I_customer,INSERT,0.2945,True
4,14,JoinHeavy,24,I_customer,INSERT,0.2557,True
4,14,JoinHeavy,25,I_customer,INSERT,0.2291,True
4,14,JoinHeavy,26,I_customer,INSERT,0.2223,True
4,14,JoinHeavy,27,I_customer,INSERT,0.2176,True
4,14,JoinHeavy,28,I_customer,INSERT,0.2163,True
4,14,JoinHeavy,29,I_customer,INSERT,0.2188,True
4,14,JoinHeavy,30,I_customer,INSERT,0.2136,True
4,14,JoinHeavy,31,I_customer,INSERT,0.2133,True
4,14,JoinHeavy,32,I_customer,INSERT,0.257,True
4,14,JoinHeavy,33,I_customer,INSERT,0.2885,True
4,14,JoinHeavy,34,I_customer,INSERT,0.2325,True
4,14,JoinHeavy,35,I_customer,INSERT,0.2651,True
4,14,JoinHeavy,36,I_customer,INSERT,0.2173,True
4,14,JoinHeavy,37,I_customer,INSERT,0.1624,True
4,14,JoinHeavy,38,I_customer,INSERT,0.1595,True
4,14,JoinHeavy,39,I_customer,INSERT,0.1549,True
4,15,JoinHeavy,0,Q18,SELECT,2261.9122,True
4,15,JoinHeavy,1,Q18,SELECT,2287.4189,True
4,15,JoinHeavy,2,Q10,SELECT,125.4803,True
4,15,JoinHeavy,3,Q3,SELECT,240.561,True
4,15,JoinHeavy,4,Q5,SELECT,97.7906,True
4,15,JoinHeavy,5,Q10,SELECT,126.7818,True
4,15,JoinHeavy,6,Q7,SELECT,139.1865,True
4,15,JoinHeavy,7,Q3,SELECT,241.0838,True
4,15,JoinHeavy,8,Q5,SELECT,99.383,True
4,15,JoinHeavy,9,Q10,SELECT,125.2769,True
4,15,JoinHeavy,10,Q18,SELECT,2223.7497,True
4,15,JoinHeavy,11,Q3,SELECT,246.77,True
4,15,JoinHeavy,12,Q7,SELECT,139.3231,True
4,15,JoinHeavy,13,Q5,SELECT,101.0386,True
4,15,JoinHeavy,14,Q10,SELECT,127.6342,True
4,15,JoinHeavy,15,Q3,SELECT,242.7209,True
4,15,JoinHeavy,16,Q3,SELECT,242.0984,True
4,15,JoinHeavy,17,Q7,SELECT,137.8411,True
4,15,JoinHeavy,18,Q7,SELECT,138.7423,True
4,15,JoinHeavy,19,Q10,SELECT,127.1651,True
4,15,JoinHeavy,20,Q18,SELECT,2225.1635,True
4,15,JoinHeavy,21,Q18,SELECT,2299.6797,True
4,15,JoinHeavy,22,I_customer,INSERT,0.4337,True
4,15,JoinHeavy,23,I_customer,INSERT,0.3259,True
4,15,JoinHeavy,24,I_customer,INSERT,0.3023,True
4,15,JoinHeavy,25,I_customer,INSERT,0.2619,True
4,15,JoinHeavy,26,I_customer,INSERT,0.2352,True
4,15,JoinHeavy,27,I_customer,INSERT,0.2292,True
4,15,JoinHeavy,28,I_customer,INSERT,0.2321,True
4,15,JoinHeavy,29,I_customer,INSERT,0.2343,True
4,15,JoinHeavy,30,I_customer,INSERT,0.2062,True
4,15,JoinHeavy,31,I_customer,INSERT,0.137,True
4,15,JoinHeavy,32,I_customer,INSERT,0.1301,True
4,15,JoinHeavy,33,I_customer,INSERT,0.129,True
4,15,JoinHeavy,34,I_customer,INSERT,0.1315,True
4,15,JoinHeavy,35,I_customer,INSERT,0.1293,True
4,15,JoinHeavy,36,I_customer,INSERT,0.1275,True
4,15,JoinHeavy,37,I_customer,INSERT,0.1309,True
4,15,JoinHeavy,38,I_customer,INSERT,0.1293,True
4,15,JoinHeavy,39,I_customer,INSERT,0.133,True
4,16,Procurement,0,D_orders,DELETE,0.4944,True
4,16,Procurement,1,D_orders,DELETE,0.0905,True
4,16,Procurement,2,D_orders,DELETE,0.0761,True
4,16,Procurement,3,D_orders,DELETE,0.0846,True
4,16,Procurement,4,Q1,SELECT,560.166,True
4,16,Procurement,5,Q11,SELECT,54.1613,True
4,16,Procurement,6,Q6,SELECT,173.2674,True
4,16,Procurement,7,Q17,SELECT,1060.1285,True
4,16,Procurement,8,Q1,SELECT,537.5082,True
4,16,Procurement,9,Q11,SELECT,53.3502,True
4,16,Procurement,10,Q17,SELECT,1042.2296,True
4,16,Procurement,11,Q11,SELECT,51.2304,True
4,16,Procurement,12,Q6,SELECT,165.326,True
4,16,Procurement,13,Q1,SELECT,523.5165,True
4,16,Procurement,14,Q14,SELECT,77.2725,True
4,16,Procurement,15,Q14,SELECT,77.8715,True
4,16,Procurement,16,Q6,SELECT,160.5781,True
4,16,Procurement,17,Q11,SELECT,50.2408,True
4,16,Procurement,18,Q6,SELECT,162.4071,True
4,16,Procurement,19,Q6,SELECT,160.2507,True
4,16,Procurement,20,Q11,SELECT,50.2616,True
4,16,Procurement,21,Q11,SELECT,50.0298,True
4,16,Procurement,22,Q17,SELECT,1002.7403,True
4,16,Procurement,23,Q11,SELECT,50.1513,True
4,16,Procurement,24,Q17,SELECT,1012.8157,True
4,17,Procurement,0,D_orders,DELETE,0.4972,True
4,17,Procurement,1,D_orders,DELETE,0.4435,True
4,17,Procurement,2,D_orders,DELETE,0.1532,True
4,17,Procurement,3,D_orders,DELETE,0.1415,True
4,17,Procurement,4,Q11,SELECT,50.4563,True
4,17,Procurement,5,Q11,SELECT,49.8884,True
4,17,Procurement,6,Q17,SELECT,1002.808,True
4,17,Procurement,7,Q14,SELECT,77.9722,True
4,17,Procurement,8,Q17,SELECT,1007.6043,True
4,17,Procurement,9,Q14,SELECT,81.1182,True
4,17,Procurement,10,Q11,SELECT,50.343,True
4,17,Procurement,11,Q14,SELECT,76.9779,True
4,17,Procurement,12,Q1,SELECT,528.3517,True
4,17,Procurement,13,Q17,SELECT,996.839,True
4,17,Procurement,14,Q11,SELECT,50.243,True
4,17,Procurement,15,Q17,SELECT,1012.3186,True
4,17,Procurement,16,Q14,SELECT,76.8952,True
4,17,Procurement,17,Q14,SELECT,77.3022,True
4,17,Procurement,18,Q11,SELECT,51.0635,True
4,17,Procurement,19,Q6,SELECT,164.299,True
4,17,Procurement,20,Q17,SELECT,1019.3914,True
4,17,Procurement,21,Q1,SELECT,523.0474,True
4,17,Procurement,22,Q11,SELECT,51.4708,True
4,17,Procurement,23,Q17,SELECT,1019.9896,True
4,17,Procurement,24,Q1,SELECT,538.3351,True
4,18,Procurement,0,D_orders,DELETE,0.858,True
4,18,Procurement,1,D_orders,DELETE,3.1074,True
4,18,Procurement,2,D_orders,DELETE,0.1517,True
4,18,Procurement,3,D_orders,DELETE,0.2034,True
4,18,Procurement,4,Q17,SELECT,1043.8735,True
4,18,Procurement,5,Q11,SELECT,51.9876,True
4,18,Procurement,6,Q17,SELECT,1029.4108,True
4,18,Procurement,7,Q11,SELECT,51.4867,True
4,18,Procurement,8,Q11,SELECT,51.2115,True
4,18,Procurement,9,Q17,SELECT,1027.05,True
4,18,Procurement,10,Q1,SELECT,531.8961,True
4,18,Procurement,11,Q6,SELECT,167.5397,True
4,18,Procurement,12,Q11,SELECT,50.9657,True
4,18,Procurement,13,Q1,SELECT,526.0444,True
4,18,Procurement,14,Q11,SELECT,51.3471,True
4,18,Procurement,15,Q1,SELECT,535.2753,True
4,18,Procurement,16,Q11,SELECT,51.0725,True
4,18,Procurement,17,Q6,SELECT,164.0174,True
4,18,Procurement,18,Q17,SELECT,1041.1389,True
4,18,Procurement,19,Q14,SELECT,78.9766,True
4,18,Procurement,20,Q6,SELECT,166.9466,True
4,18,Procurement,21,Q11,SELECT,51.061,True
4,18,Procurement,22,Q17,SELECT,1032.2263,True
4,18,Procurement,23,Q14,SELECT,79.9847,True
4,18,Procurement,24,Q11,SELECT,50.2319,True
4,19,Procurement,0,D_orders,DELETE,0.4524,True
4,19,Procurement,1,D_orders,DELETE,1.2263,True
4,19,Procurement,2,D_orders,DELETE,0.1974,True
4,19,Procurement,3,D_orders,DELETE,0.356,True
4,19,Procurement,4,Q17,SELECT,1038.3255,True
4,19,Procurement,5,Q1,SELECT,527.7787,True
4,19,Procurement,6,Q6,SELECT,165.056,True
4,19,Procurement,7,Q11,SELECT,50.6659,True
4,19,Procurement,8,Q14,SELECT,79.3972,True
4,19,Procurement,9,Q14,SELECT,81.0438,True
4,19,Procurement,10,Q1,SELECT,529.0085,True
4,19,Procurement,11,Q6,SELECT,164.139,True
4,19,Procurement,12,Q11,SELECT,50.8623,True
4,19,Procurement,13,Q6,SELECT,165.5553,True
4,19,Procurement,14,Q17,SELECT,1018.4408,True
4,19,Procurement,15,Q11,SELECT,51.3511,True
4,19,Procurement,16,Q6,SELECT,166.0412,True
4,19,Procurement,17,Q11,SELECT,51.0923,True
4,19,Procurement,18,Q17,SELECT,1019.9582,True
4,19,Procurement,19,Q11,SELECT,51.109,True
4,19,Procurement,20,Q6,SELECT,163.8226,True
4,19,Procurement,21,Q17,SELECT,1014.7835,True
4,19,Procurement,22,Q17,SELECT,1017.291,True
4,19,Procurement,23,Q14,SELECT,78.9451,True
4,19,Procurement,24,Q14,SELECT,78.9425,True
4,20,Procurement,0,D_orders,DELETE,0.4027,True
4,20,Procurement,1,D_orders,DELETE,0.1023,True
4,20,Procurement,2,D_orders,DELETE,0.0868,True
4,20,Procurement,3,D_orders,DELETE,0.0905,True
4,20,Procurement,4,Q11,SELECT,50.8885,True
4,20,Procurement,5,Q17,SELECT,1065.5648,True
4,20,Procurement,6,Q11,SELECT,51.951,True
4,20,Procurement,7,Q1,SELECT,528.1638,True
4,20,Procurement,8,Q17,SELECT,1015.7103,True
4,20,Procurement,9,Q6,SELECT,164.1419,True
4,20,Procurement,10,Q6,SELECT,164.7567,True
4,20,Procurement,11,Q6,SELECT,168.2494,True
4,20,Procurement,12,Q1,SELECT,529.8942,True
4,20,Procurement,13,Q11,SELECT,50.7832,True
4,20,Procurement,14,Q11,SELECT,50.9275,True
4,20,Procurement,15,Q6,SELECT,164.883,True
4,20,Procurement,16,Q6,SELECT,163.9303,True
4,20,Procurement,17,Q6,SELECT,162.853,True
4,20,Procurement,18,Q11,SELECT,51.2097,True
4,20,Procurement,19,Q17,SELECT,1020.091,True
4,20,Procurement,20,Q17,SELECT,1030.2097,True
4,20,Procurement,21,Q11,SELECT,50.79,True
4,20,Procurement,22,Q14,SELECT,79.1956,True
4,20,Procurement,23,Q1,SELECT,526.3836,True
4,20,Procurement,24,Q11,SELECT,51.3389,True
4,21,Procurement,0,D_orders,DELETE,0.6238,True
4,21,Procurement,1,D_orders,DELETE,0.4667,True
4,21,Procurement,2,D_orders,DELETE,0.11,True
4,21,Procurement,3,D_orders,DELETE,0.0892,True
4,21,Procurement,4,Q17,SELECT,1032.7058,True
4,21,Procurement,5,Q14,SELECT,78.3496,True
4,21,Procurement,6,Q11,SELECT,51.2197,True
4,21,Procurement,7,Q6,SELECT,163.5697,True
4,21,Procurement,8,Q6,SELECT,162.8,True
4,21,Procurement,9,Q6,SELECT,164.5225,True
4,21,Procurement,10,Q6,SELECT,167.8492,True
4,21,Procurement,11,Q11,SELECT,50.5744,True
4,21,Procurement,12,Q11,SELECT,50.3693,True
4,21,Procurement,13,Q14,SELECT,80.7153,True
4,21,Procurement,14,Q11,SELECT,51.0325,True
4,21,Procurement,15,Q11,SELECT,51.7825,True
4,21,Procurement,16,Q17,SELECT,1038.7304,True
4,21,Procurement,17,Q11,SELECT,51.1074,True
4,21,Procurement,18,Q17,SELECT,1027.0161,True
4,21,Procurement,19,Q11,SELECT,51.1852,True
4,21,Procurement,20,Q17,SELECT,1025.9858,True
4,21,Procurement,21,Q11,SELECT,51.1649,True
4,21,Procurement,22,Q11,SELECT,50.5295,True
4,21,Procurement,23,Q11,SELECT,51.1923,True
4,21,Procurement,24,Q11,SELECT,50.5625,True
4,22,Procurement,0,D_orders,DELETE,0.3933,True
4,22,Procurement,1,D_orders,DELETE,0.5807,True
4,22,Procurement,2,D_orders,DELETE,1.2,True
4,22,Procurement,3,D_orders,DELETE,0.1541,True
4,22,Procurement,4,Q17,SELECT,1012.718,True
4,22,Procurement,5,Q11,SELECT,52.1244,True
4,22,Procurement,6,Q17,SELECT,1044.1602,True
4,22,Procurement,7,Q11,SELECT,50.7234,True
4,22,Procurement,8,Q1,SELECT,522.8553,True
4,22,Procurement,9,Q17,SELECT,1054.1132,True
4,22,Procurement,10,Q6,SELECT,162.7483,True
4,22,Procurement,11,Q6,SELECT,164.0165,True
4,22,Procurement,12,Q17,SELECT,1023.7025,True
4,22,Procurement,13,Q17,SELECT,1014.8335,True
4,22,Procurement,14,Q17,SELECT,1011.1472,True
4,22,Procurement,15,Q6,SELECT,164.7413,True
4,22,Procurement,16,Q11,SELECT,51.7113,True
4,22,Procurement,17,Q11,SELECT,50.6816,True
4,22,Procurement,18,Q1,SELECT,530.0156,True
4,22,Procurement,19,Q17,SELECT,1021.9376,True
4,22,Procurement,20,Q17,SELECT,1025.664,True
4,22,Procurement,21,Q17,SELECT,1025.6681,True
4,22,Procurement,22,Q6,SELECT,164.3928,True
4,22,Procurement,23,Q17,SELECT,1032.6216,True
4,22,Procurement,24,Q17,SELECT,1031.5253,True
4,23,Procurement,0,D_orders,DELETE,0.7301,True
4,23,Procurement,1,D_orders,DELETE,0.4812,True
4,23,Procurement,2,D_orders,DELETE,0.1648,True
4,23,Procurement,3,D_orders,DELETE,0.1432,True
4,23,Procurement,4,Q11,SELECT,52.248,True
4,23,Procurement,5,Q11,SELECT,51.2094,True
4,23,Procurement,6,Q1,SELECT,525.2324,True
4,23,Procurement,7,Q17,SELECT,1009.8258,True
4,23,Procurement,8,Q1,SELECT,538.2578,True
4,23,Procurement,9,Q6,SELECT,164.7185,True
4,23,Procurement,10,Q17,SELECT,1021.1892,True
4,23,Procurement,11,Q11,SELECT,50.665,True
4,23,Procurement,12,Q17,SELECT,1031.7221,True
4,23,Procurement,13,Q1,SELECT,536.5232,True
4,23,Procurement,14,Q11,SELECT,50.7763,True
4,23,Procurement,15,Q14,SELECT,78.131,True
4,23,Procurement,16,Q6,SELECT,163.5116,True
4,23,Procurement,17,Q11,SELECT,51.0993,True
4,23,Procurement,18,Q14,SELECT,79.5826,True
4,23,Procurement,19,Q11,SELECT,51.128,True
4,23,Procurement,20,Q17,SELECT,1017.55,True
4,23,Procurement,21,Q11,SELECT,51.2536,True
4,23,Procurement,22,Q6,SELECT,165.0049,True
4,23,Procurement,23,Q1,SELECT,526.6705,True
4,23,Procurement,24,Q11,SELECT,51.405,True
4,24,Customer,0,Q18,SELECT,2200.2653,True
4,24,Customer,1,U_customer,UPDATE,0.58,True
4,24,Customer,2,Q3,SELECT,245.0465,True
4,24,Customer,3,U_customer,UPDATE,1.4167,True
4,24,Customer,4,Q3,SELECT,243.1738,True
4,24,Customer,5,U_customer,UPDATE,0.4774,True
4,24,Customer,6,Q10,SELECT,125.8804,True
4,24,Customer,7,U_customer,UPDATE,0.3615,True
4,24,Customer,8,Q10,SELECT,129.4943,True
4,24,Customer,9,U_customer,UPDATE,0.4541,True
4,24,Customer,10,Q3,SELECT,242.9304,True
4,24,Customer,11,U_customer,UPDATE,0.3735,True
4,24,Customer,12,Q10,SELECT,132.6335,True
4,24,Customer,13,U_customer,UPDATE,0.642,True
4,24,Customer,14,Q18,SELECT,2159.1359,True
4,24,Customer,15,U_customer,UPDATE,0.4477,True
4,24,Customer,16,Q18,SELECT,2156.088,True
4,24,Customer,17,U_customer,UPDATE,0.5607,True
4,24,Customer,18,Q5,SELECT,100.4689,True
4,24,Customer,19,U_customer,UPDATE,0.4338,True
4,25,Customer,0,Q10,SELECT,128.3517,True
4,25,Customer,1,U_customer,UPDATE,0.5911,True
4,25,Customer,2,Q3,SELECT,241.7618,True
4,25,Customer,3,U_customer,UPDATE,0.7473,True
4,25,Customer,4,Q3,SELECT,242.46,True
4,25,Customer,5,U_customer,UPDATE,0.7353,True
4,25,Customer,6,Q3,SELECT,241.0428,True
4,25,Customer,7,U_customer,UPDATE,0.7753,True
4,25,Customer,8,Q18,SELECT,2231.6618,True
4,25,Customer,9,U_customer,UPDATE,0.3504,True
4,25,Customer,10,Q5,SELECT,99.658,True
4,25,Customer,11,U_customer,UPDATE,1.5626,True
4,25,Customer,12,Q3,SELECT,242.7924,True
4,25,Customer,13,U_customer,UPDATE,0.7434,True
4,25,Customer,14,Q5,SELECT,99.6112,True
4,25,Customer,15,U_customer,UPDATE,0.7057,True
4,25,Customer,16,Q3,SELECT,247.3482,True
4,25,Customer,17,U_customer,UPDATE,0.7332,True
4,25,Customer,18,Q10,SELECT,126.2346,True
4,25,Customer,19,U_customer,UPDATE,0.7391,True
4,26,Customer,0,Q3,SELECT,243.0485,True
4,26,Customer,1,U_customer,UPDATE,0.4939,True
4,26,Customer,2,Q10,SELECT,127.7115,True
4,26,Customer,3,U_customer,UPDATE,0.8667,True
4,26,Customer,4,Q10,SELECT,130.355,True
4,26,Customer,5,U_customer,UPDATE,0.8018,True
4,26,Customer,6,Q18,SELECT,2183.2774,True
4,26,Customer,7,U_customer,UPDATE,0.4006,True
4,26,Customer,8,Q18,SELECT,2283.0521,True
4,26,Customer,9,U_customer,UPDATE,0.4239,True
4,26,Customer,10,Q18,SELECT,2257.6315,True
4,26,Customer,11,U_customer,UPDATE,0.5121,True
4,26,Customer,12,Q10,SELECT,128.167,True
4,26,Customer,13,U_customer,UPDATE,0.4867,True
4,26,Customer,14,Q5,SELECT,100.367,True
4,26,Customer,15,U_customer,UPDATE,0.8121,True
4,26,Customer,16,Q10,SELECT,126.6895,True
4,26,Customer,17,U_customer,UPDATE,0.7209,True
4,26,Customer,18,Q10,SELECT,127.8681,True
4,26,Customer,19,U_customer,UPDATE,1.857,True
4,27,Customer,0,Q18,SELECT,2248.728,True
4,27,Customer,1,U_customer,UPDATE,0.5513,True
4,27,Customer,2,Q3,SELECT,246.4544,True
4,27,Customer,3,U_customer,UPDATE,0.4776,True
4,27,Customer,4,Q5,SELECT,99.4608,True
4,27,Customer,5,U_customer,UPDATE,0.3887,True
4,27,Customer,6,Q18,SELECT,2243.9862,True
4,27,Customer,7,U_customer,UPDATE,0.5701,True
4,27,Customer,8,Q10,SELECT,127.2562,True
4,27,Customer,9,U_customer,UPDATE,0.3265,True
4,27,Customer,10,Q18,SELECT,2244.0521,True
4,27,Customer,11,U_customer,UPDATE,0.4271,True
4,27,Customer,12,Q18,SELECT,2267.9053,True
4,27,Customer,13,U_customer,UPDATE,0.7234,True
4,27,Customer,14,Q18,SELECT,2246.586,True
4,27,Customer,15,U_customer,UPDATE,0.7966,True
4,27,Customer,16,Q10,SELECT,127.0948,True
4,27,Customer,17,U_customer,UPDATE,0.6862,True
4,27,Customer,18,Q10,SELECT,126.502,True
4,27,Customer,19,U_customer,UPDATE,1.5281,True
4,28,Customer,0,Q3,SELECT,245.3214,True
4,28,Customer,1,U_customer,UPDATE,1.3325,True
4,28,Customer,2,Q7,SELECT,139.5313,True
4,28,Customer,3,U_customer,UPDATE,0.4287,True
4,28,Customer,4,Q10,SELECT,126.1984,True
4,28,Customer,5,U_customer,UPDATE,0.6503,True
4,28,Customer,6,Q10,SELECT,126.243,True
4,28,Customer,7,U_customer,UPDATE,1.3724,True
4,28,Customer,8,Q10,SELECT,126.83,True
4,28,Customer,9,U_customer,UPDATE,1.315,True
4,28,Customer,10,Q18,SELECT,2214.7918,True
4,28,Customer,11,U_customer,UPDATE,0.6735,True
4,28,Customer,12,Q7,SELECT,140.2416,True
4,28,Customer,13,U_customer,UPDATE,1.4635,True
4,28,Customer,14,Q18,SELECT,2248.6109,True
4,28,Customer,15,U_customer,UPDATE,0.7168,True
4,28,Customer,16,Q18,SELECT,2267.2667,True
4,28,Customer,17,U_customer,UPDATE,0.5522,True
4,28,Customer,18,Q10,SELECT,127.5856,True
4,28,Customer,19,U_customer,UPDATE,1.3792,True
4,29,Customer,0,Q3,SELECT,246.7391,True
4,29,Customer,1,U_customer,UPDATE,1.4038,True
4,29,Customer,2,Q18,SELECT,2274.5413,True
4,29,Customer,3,U_customer,UPDATE,0.8036,True
4,29,Customer,4,Q18,SELECT,2272.9453,True
4,29,Customer,5,U_customer,UPDATE,0.7106,True
4,29,Customer,6,Q18,SELECT,2281.174,True
4,29,Customer,7,U_customer,UPDATE,0.3525,True
4,29,Customer,8,Q7,SELECT,136.4332,True
4,29,Customer,9,U_customer,UPDATE,0.8223,True
4,29,Customer,10,Q10,SELECT,129.7936,True
4,29,Customer,11,U_customer,UPDATE,0.6684,True
4,29,Customer,12,Q7,SELECT,137.8668,True
4,29,Customer,13,U_customer,UPDATE,0.7894,True
4,29,Customer,14,Q10,SELECT,124.6964,True
4,29,Customer,15,U_customer,UPDATE,0.7706,True
4,29,Customer,16,Q7,SELECT,138.7091,True
4,29,Customer,17,U_customer,UPDATE,0.6779,True
4,29,Customer,18,Q10,SELECT,125.6087,True
4,29,Customer,19,U_customer,UPDATE,1.3553,True
4,30,Customer,0,Q10,SELECT,126.2996,True
4,30,Customer,1,U_customer,UPDATE,1.3823,True
4,30,Customer,2,Q18,SELECT,2214.1842,True
4,30,Customer,3,U_customer,UPDATE,0.6013,True
4,30,Customer,4,Q5,SELECT,102.3792,True
4,30,Customer,5,U_customer,UPDATE,1.2872,True
4,30,Customer,6,Q18,SELECT,2248.139,True
4,30,Customer,7,U_customer,UPDATE,0.7182,True
4,30,Customer,8,Q7,SELECT,140.8944,True
4,30,Customer,9,U_customer,UPDATE,1.3264,True
4,30,Customer,10,Q10,SELECT,126.8203,True
4,30,Customer,11,U_customer,UPDATE,0.9914,True
4,30,Customer,12,Q10,SELECT,126.9009,True
4,30,Customer,13,U_customer,UPDATE,1.2855,True
4,30,Customer,14,Q7,SELECT,138.7694,True
4,30,Customer,15,U_customer,UPDATE,0.4448,True
4,30,Customer,16,Q3,SELECT,241.3046,True
4,30,Customer,17,U_customer,UPDATE,0.7632,True
4,30,Customer,18,Q18,SELECT,2235.8924,True
4,30,Customer,19,U_customer,UPDATE,0.4455,True
4,31,Customer,0,Q10,SELECT,130.3909,True
4,31,Customer,1,U_customer,UPDATE,1.331,True
4,31,Customer,2,Q3,SELECT,245.059,True
4,31,Customer,3,U_customer,UPDATE,1.3073,True
4,31,Customer,4,Q10,SELECT,125.6914,True
4,31,Customer,5,U_customer,UPDATE,1.3198,True
4,31,Customer,6,Q7,SELECT,138.2887,True
4,31,Customer,7,U_customer,UPDATE,1.2635,True
4,31,Customer,8,Q10,SELECT,126.5515,True
4,31,Customer,9,U_customer,UPDATE,1.328,True
4,31,Customer,10,Q10,SELECT,125.5732,True
4,31,Customer,11,U_customer,UPDATE,1.0503,True
4,31,Customer,12,Q7,SELECT,139.5187,True
4,31,Customer,13,U_customer,UPDATE,1.196,True
4,31,Customer,14,Q10,SELECT,127.3823,True
4,31,Customer,15,U_customer,UPDATE,1.3506,True
4,31,Customer,16,Q10,SELECT,125.8101,True
4,31,Customer,17,U_customer,UPDATE,0.7433,True
4,31,Customer,18,Q10,SELECT,126.6465,True
4,31,Customer,19,U_customer,UPDATE,1.3487,True
5,0,Reporting,0,U_orders,UPDATE,0.8516,True
5,0,Reporting,1,Q4,SELECT,98.9479,True
5,0,Reporting,2,Q4,SELECT,80.3816,True
5,0,Reporting,3,U_orders,UPDATE,0.6556,True
5,0,Reporting,4,Q6,SELECT,165.2893,True
5,0,Reporting,5,Q14,SELECT,78.5339,True
5,0,Reporting,6,Q14,SELECT,79.049,True
5,0,Reporting,7,Q6,SELECT,164.4887,True
5,0,Reporting,8,Q4,SELECT,80.1131,True
5,0,Reporting,9,Q6,SELECT,168.4132,True
5,0,Reporting,10,Q6,SELECT,165.8357,True
5,0,Reporting,11,U_orders,UPDATE,0.7056,True
5,0,Reporting,12,Q14,SELECT,79.3284,True
5,0,Reporting,13,Q12,SELECT,233.199,True
5,0,Reporting,14,U_orders,UPDATE,0.5202,True
5,0,Reporting,15,U_orders,UPDATE,0.2692,True
5,0,Reporting,16,Q4,SELECT,79.8021,True
5,0,Reporting,17,Q14,SELECT,78.8503,True
5,0,Reporting,18,Q6,SELECT,166.3665,True
5,0,Reporting,19,Q1,SELECT,521.6508,True
5,0,Reporting,20,Q1,SELECT,526.2536,True
5,0,Reporting,21,Q14,SELECT,79.452,True
5,0,Reporting,22,U_orders,UPDATE,0.6002,True
5,0,Reporting,23,Q6,SELECT,166.1024,True
5,0,Reporting,24,Q14,SELECT,78.6341,True
5,0,Reporting,25,Q1,SELECT,530.8193,True
5,0,Reporting,26,Q14,SELECT,78.5689,True
5,0,Reporting,27,Q1,SELECT,541.0261,True
5,0,Reporting,28,Q14,SELECT,77.6868,True
5,0,Reporting,29,Q1,SELECT,538.7618,True
5,1,Reporting,0,Q12,SELECT,232.999,True
5,1,Reporting,1,Q6,SELECT,163.3652,True
5,1,Reporting,2,Q1,SELECT,543.9983,True
5,1,Reporting,3,Q1,SELECT,565.7171,True
5,1,Reporting,4,Q1,SELECT,568.3241,True
5,1,Reporting,5,Q1,SELECT,579.0565,True
5,1,Reporting,6,Q1,SELECT,594.0583,True
5,1,Reporting,7,U_orders,UPDATE,0.3518,True
5,1,Reporting,8,Q6,SELECT,171.1182,True
5,1,Reporting,9,Q6,SELECT,168.2156,True
5,1,Reporting,10,Q1,SELECT,564.2946,True
5,1,Reporting,11,Q1,SELECT,570.0908,True
5,1,Reporting,12,Q14,SELECT,83.0111,True
5,1,Reporting,13,U_orders,UPDATE,0.3459,True
5,1,Reporting,14,Q12,SELECT,248.021,True
5,1,Reporting,15,Q4,SELECT,82.3832,True
5,1,Reporting,16,U_orders,UPDATE,0.7338,True
5,1,Reporting,17,U_orders,UPDATE,0.1965,True
5,1,Reporting,18,U_orders,UPDATE,0.1632,True
5,1,Reporting,19,Q1,SELECT,559.4755,True
5,1,Reporting,20,Q1,SELECT,583.0288,True
5,1,Reporting,21,Q6,SELECT,173.6674,True
5,1,Reporting,22,Q1,SELECT,561.459,True
5,1,Reporting,23,Q12,SELECT,249.3063,True
5,1,Reporting,24,Q6,SELECT,174.0566,True
5,1,Reporting,25,Q1,SELECT,576.9748,True
5,1,Reporting,26,Q4,SELECT,82.9239,True
5,1,Reporting,27,Q4,SELECT,82.2172,True
5,1,Reporting,28,Q14,SELECT,79.3777,True
5,1,Reporting,29,U_orders,UPDATE,0.7353,True
5,2,Reporting,0,Q14,SELECT,83.6023,True
5,2,Reporting,1,U_orders,UPDATE,0.5889,True
5,2,Reporting,2,Q4,SELECT,81.8232,True
5,2,Reporting,3,Q1,SELECT,573.6798,True
5,2,Reporting,4,Q6,SELECT,171.609,True
5,2,Reporting,5,Q1,SELECT,565.6062,True
5,2,Reporting,6,Q1,SELECT,599.9204,True
5,2,Reporting,7,Q14,SELECT,80.9916,True
5,2,Reporting,8,Q1,SELECT,582.0468,True
5,2,Reporting,9,Q1,SELECT,582.4153,True
5,2,Reporting,10,Q6,SELECT,172.5815,True
5,2,Reporting,11,Q4,SELECT,81.6702,True
5,2,Reporting,12,Q14,SELECT,79.3115,True
5,2,Reporting,13,U_orders,UPDATE,0.6925,True
5,2,Reporting,14,U_orders,UPDATE,0.395,True
5,2,Reporting,15,Q1,SELECT,566.1433,True
5,2,Reporting,16,Q1,SELECT,583.0121,True
5,2,Reporting,17,Q4,SELECT,84.9333,True
5,2,Reporting,18,Q4,SELECT,86.7805,True
5,2,Reporting,19,Q1,SELECT,565.7898,True
5,2,Reporting,20,U_orders,UPDATE,0.7086,True
5,2,Reporting,21,Q14,SELECT,82.6856,True
5,2,Reporting,22,Q6,SELECT,173.033,True
5,2,Reporting,23,Q6,SELECT,165.8378,True
5,2,Reporting,24,Q4,SELECT,78.5648,True
5,2,Reporting,25,Q6,SELECT,161.163,True
5,2,Reporting,26,Q6,SELECT,170.7029,True
5,2,Reporting,27,U_orders,UPDATE,0.5088,True
5,2,Reporting,28,Q1,SELECT,542.9398,True
5,2,Reporting,29,U_orders,UPDATE,1.5828,True
5,3,Reporting,0,U_orders,UPDATE,0.5206,True
5,3,Reporting,1,Q1,SELECT,565.4782,True
5,3,Reporting,2,Q6,SELECT,173.4959,True
5,3,Reporting,3,Q6,SELECT,169.5175,True
5,3,Reporting,4,Q14,SELECT,80.8115,True
5,3,Reporting,5,Q4,SELECT,80.8929,True
5,3,Reporting,6,Q14,SELECT,77.7812,True
5,3,Reporting,7,Q6,SELECT,162.9543,True
5,3,Reporting,8,Q1,SELECT,551.8289,True
5,3,Reporting,9,Q1,SELECT,562.4073,True
5,3,Reporting,10,U_orders,UPDATE,1.2966,True
5,3,Reporting,11,Q1,SELECT,585.5052,True
5,3,Reporting,12,Q14,SELECT,83.852,True
5,3,Reporting,13,Q1,SELECT,565.1875,True
5,3,Reporting,14,Q4,SELECT,84.8075,True
5,3,Reporting,15,Q6,SELECT,172.3767,True
5,3,Reporting,16,U_orders,UPDATE,1.6703,True
5,3,Reporting,17,Q1,SELECT,564.3288,True
5,3,Reporting,18,Q1,SELECT,578.395,True
5,3,Reporting,19,Q1,SELECT,595.7537,True
5,3,Reporting,20,U_orders,UPDATE,1.204,True
5,3,Reporting,21,Q14,SELECT,82.8753,True
5,3,Reporting,22,Q6,SELECT,173.1528,True
5,3,Reporting,23,Q1,SELECT,586.1612,True
5,3,Reporting,24,Q1,SELECT,605.1741,True
5,3,Reporting,25,U_orders,UPDATE,0.7635,True
5,3,Reporting,26,Q1,SELECT,600.4789,True
5,3,Reporting,27,Q1,SELECT,599.6816,True
5,3,Reporting,28,U_orders,UPDATE,0.8553,True
5,3,Reporting,29,Q1,SELECT,610.3997,True
5,4,Reporting,0,Q1,SELECT,589.8766,True
5,4,Reporting,1,Q1,SELECT,586.7174,True
5,4,Reporting,2,Q4,SELECT,85.0749,True
5,4,Reporting,3,U_orders,UPDATE,0.7273,True
5,4,Reporting,4,U_orders,UPDATE,0.2075,True
5,4,Reporting,5,Q14,SELECT,79.6562,True
5,4,Reporting,6,Q1,SELECT,584.5131,True
5,4,Reporting,7,U_orders,UPDATE,0.7588,True
5,4,Reporting,8,Q1,SELECT,592.0064,True
5,4,Reporting,9,Q6,SELECT,170.4968,True
5,4,Reporting,10,Q6,SELECT,172.4566,True
5,4,Reporting,11,Q6,SELECT,167.4003,True
5,4,Reporting,12,Q12,SELECT,232.6292,True
5,4,Reporting,13,U_orders,UPDATE,1.2584,True
5,4,Reporting,14,Q1,SELECT,554.2721,True
5,4,Reporting,15,Q6,SELECT,170.0962,True
5,4,Reporting,16,Q14,SELECT,78.9614,True
5,4,Reporting,17,Q4,SELECT,79.6712,True
5,4,Reporting,18,Q1,SELECT,562.9439,True
5,4,Reporting,19,Q14,SELECT,82.7464,True
5,4,Reporting,20,Q14,SELECT,79.727,True
5,4,Reporting,21,Q1,SELECT,561.6272,True
5,4,Reporting,22,U_orders,UPDATE,1.2924,True
5,4,Reporting,23,Q14,SELECT,81.2859,True
5,4,Reporting,24,Q1,SELECT,564.395,True
5,4,Reporting,25,Q1,SELECT,590.3146,True
5,4,Reporting,26,Q6,SELECT,170.0092,True
5,4,Reporting,27,U_orders,UPDATE,1.2957,True
5,4,Reporting,28,Q1,SELECT,568.4727,True
5,4,Reporting,29,Q6,SELECT,174.3963,True
5,5,Reporting,0,Q12,SELECT,248.6082,True
5,5,Reporting,1,Q6,SELECT,168.8464,True
5,5,Reporting,2,Q12,SELECT,235.3562,True
5,5,Reporting,3,Q14,SELECT,79.1745,True
5,5,Reporting,4,Q6,SELECT,162.665,True
5,5,Reporting,5,Q1,SELECT,555.5756,True
5,5,Reporting,6,Q6,SELECT,172.923,True
5,5,Reporting,7,U_orders,UPDATE,1.2692,True
5,5,Reporting,8,Q14,SELECT,78.619,True
5,5,Reporting,9,Q6,SELECT,164.2612,True
5,5,Reporting,10,U_orders,UPDATE,0.7793,True
5,5,Reporting,11,Q6,SELECT,161.7172,True
5,5,Reporting,12,Q6,SELECT,166.7831,True
5,5,Reporting,13,U_orders,UPDATE,0.8271,True
5,5,Reporting,14,Q12,SELECT,231.3352,True
5,5,Reporting,15,Q1,SELECT,535.7694,True
5,5,Reporting,16,Q12,SELECT,244.9569,True
5,5,Reporting,17,U_orders,UPDATE,0.7223,True
5,5,Reporting,18,U_orders,UPDATE,0.259,True
5,5,Reporting,19,Q14,SELECT,80.8881,True
5,5,Reporting,20,Q1,SELECT,565.1659,True
5,5,Reporting,21,Q14,SELECT,82.3699,True
5,5,Reporting,22,Q1,SELECT,577.384,True
5,5,Reporting,23,U_orders,UPDATE,0.771,True
5,5,Reporting,24,Q4,SELECT,83.8243,True
5,5,Reporting,25,Q4,SELECT,83.1616,True
5,5,Reporting,26,Q1,SELECT,571.0964,True
5,5,Reporting,27,Q6,SELECT,172.9201,True
5,5,Reporting,28,Q6,SELECT,171.4553,True
5,5,Reporting,29,Q12,SELECT,238.1483,True
5,6,Reporting,0,Q1,SELECT,560.8094,True
5,6,Reporting,1,Q14,SELECT,82.3372,True
5,6,Reporting,2,Q14,SELECT,80.9033,True
5,6,Reporting,3,Q6,SELECT,168.0185,True
5,6,Reporting,4,Q1,SELECT,559.7734,True
5,6,Reporting,5,Q14,SELECT,81.377,True
5,6,Reporting,6,Q1,SELECT,563.1631,True
5,6,Reporting,7,U_orders,UPDATE,0.7247,True
5,6,Reporting,8,Q14,SELECT,82.8574,True
5,6,Reporting,9,Q12,SELECT,245.946,True
5,6,Reporting,10,Q1,SELECT,579.8752,True
5,6,Reporting,11,Q1,SELECT,563.2889,True
5,6,Reporting,12,Q6,SELECT,171.3822,True
5,6,Reporting,13,Q4,SELECT,81.4655,True
5,6,Reporting,14,Q1,SELECT,575.7432,True
5,6,Reporting,15,Q1,SELECT,583.0517,True
5,6,Reporting,16,U_orders,UPDATE,0.511,True
5,6,Reporting,17,Q1,SELECT,605.0947,True
5,6,Reporting,18,Q12,SELECT,249.1552,True
5,6,Reporting,19,Q14,SELECT,80.3611,True
5,6,Reporting,20,Q1,SELECT,579.8307,True
5,6,Reporting,21,Q1,SELECT,582.6157,True
5,6,Reporting,22,Q1,SELECT,580.616,True
5,6,Reporting,23,U_orders,UPDATE,0.7915,True
5,6,Reporting,24,Q14,SELECT,79.4197,True
5,6,Reporting,25,U_orders,UPDATE,0.7212,True
5,6,Reporting,26,U_orders,UPDATE,0.2112,True
5,6,Reporting,27,Q6,SELECT,169.411,True
5,6,Reporting,28,U_orders,UPDATE,0.6795,True
5,6,Reporting,29,Q1,SELECT,565.631,True
5,7,Reporting,0,Q14,SELECT,85.2571,True
5,7,Reporting,1,Q6,SELECT,173.1519,True
5,7,Reporting,2,Q14,SELECT,79.6905,True
5,7,Reporting,3,U_orders,UPDATE,0.7264,True
5,7,Reporting,4,Q12,SELECT,234.4655,True
5,7,Reporting,5,Q4,SELECT,81.0291,True
5,7,Reporting,6,Q6,SELECT,164.3131,True
5,7,Reporting,7,U_orders,UPDATE,0.7794,True
5,7,Reporting,8,Q4,SELECT,80.1745,True
5,7,Reporting,9,Q14,SELECT,78.1609,True
5,7,Reporting,10,Q14,SELECT,77.826,True
5,7,Reporting,11,Q1,SELECT,533.6452,True
5,7,Reporting,12,Q4,SELECT,82.9662,True
5,7,Reporting,13,Q14,SELECT,81.088,True
5,7,Reporting,14,Q12,SELECT,232.9264,True
5,7,Reporting,15,Q1,SELECT,556.674,True
5,7,Reporting,16,Q1,SELECT,573.715,True
5,7,Reporting,17,Q6,SELECT,173.949,True
5,7,Reporting,18,U_orders,UPDATE,0.77,True
5,7,Reporting,19,Q14,SELECT,83.0217,True
5,7,Reporting,20,Q1,SELECT,566.4717,True
5,7,Reporting,21,Q1,SELECT,572.2565,True
5,7,Reporting,22,Q1,SELECT,594.908,True
5,7,Reporting,23,Q6,SELECT,172.9645,True
5,7,Reporting,24,Q14,SELECT,82.3731,True
5,7,Reporting,25,U_orders,UPDATE,0.645,True
5,7,Reporting,26,U_orders,UPDATE,0.2061,True
5,7,Reporting,27,Q14,SELECT,80.8802,True
5,7,Reporting,28,Q1,SELECT,565.7592,True
5,7,Reporting,29,U_orders,UPDATE,0.7901,True
5,8,JoinHeavy,0,Q7,SELECT,147.1528,True
5,8,JoinHeavy,1,Q5,SELECT,104.5219,True
5,8,JoinHeavy,2,Q5,SELECT,102.5007,True
5,8,JoinHeavy,3,Q7,SELECT,141.4329,True
5,8,JoinHeavy,4,Q10,SELECT,127.4141,True
5,8,JoinHeavy,5,Q10,SELECT,126.6277,True
5,8,JoinHeavy,6,Q10,SELECT,126.2567,True
5,8,JoinHeavy,7,Q3,SELECT,243.35,True
5,8,JoinHeavy,8,Q5,SELECT,98.5186,True
5,8,JoinHeavy,9,Q5,SELECT,98.9605,True
5,8,JoinHeavy,10,Q7,SELECT,138.9763,True
5,8,JoinHeavy,11,Q5,SELECT,99.7012,True
5,8,JoinHeavy,12,Q5,SELECT,99.3601,True
5,8,JoinHeavy,13,Q7,SELECT,138.7813,True
5,8,JoinHeavy,14,Q10,SELECT,127.6429,True
5,8,JoinHeavy,15,Q5,SELECT,100.5065,True
5,8,JoinHeavy,16,Q5,SELECT,99.8788,True
5,8,JoinHeavy,17,Q7,SELECT,140.1017,True
5,8,JoinHeavy,18,Q3,SELECT,241.5673,True
5,8,JoinHeavy,19,Q5,SELECT,99.78,True
5,8,JoinHeavy,20,Q7,SELECT,138.6503,True
5,8,JoinHeavy,21,Q7,SELECT,139.0416,True
5,8,JoinHeavy,22,I_customer,INSERT,0.8567,True
5,8,JoinHeavy,23,I_customer,INSERT,0.2876,True
5,8,JoinHeavy,24,I_customer,INSERT,0.245,True
5,8,JoinHeavy,25,I_customer,INSERT,0.2321,True
5,8,JoinHeavy,26,I_customer,INSERT,0.2231,True
5,8,JoinHeavy,27,I_customer,INSERT,0.2205,True
5,8,JoinHeavy,28,I_customer,INSERT,0.2158,True
5,8,JoinHeavy,29,I_customer,INSERT,0.2183,True
5,8,JoinHeavy,30,I_customer,INSERT,0.2177,True
5,8,JoinHeavy,31,I_customer,INSERT,0.2209,True
5,8,JoinHeavy,32,I_customer,INSERT,0.2496,True
5,8,JoinHeavy,33,I_customer,INSERT,0.2381,True
5,8,JoinHeavy,34,I_customer,INSERT,0.2419,True
5,8,JoinHeavy,35,I_customer,INSERT,0.2141,True
5,8,JoinHeavy,36,I_customer,INSERT,0.2191,True
5,8,JoinHeavy,37,I_customer,INSERT,0.219,True
5,8,JoinHeavy,38,I_customer,INSERT,0.2115,True
5,8,JoinHeavy,39,I_customer,INSERT,0.2129,True
5,9,JoinHeavy,0,Q7,SELECT,141.0449,True
5,9,JoinHeavy,1,Q3,SELECT,241.3147,True
5,9,JoinHeavy,2,Q3,SELECT,241.0438,True
5,9,JoinHeavy,3,Q5,SELECT,99.5125,True
5,9,JoinHeavy,4,Q5,SELECT,99.4302,True
5,9,JoinHeavy,5,Q7,SELECT,138.3846,True
5,9,JoinHeavy,6,Q5,SELECT,108.3597,True
5,9,JoinHeavy,7,Q3,SELECT,244.6774,True
5,9,JoinHeavy,8,Q7,SELECT,145.0549,True
5,9,JoinHeavy,9,Q3,SELECT,241.1051,True
5,9,JoinHeavy,10,Q5,SELECT,99.7407,True
5,9,JoinHeavy,11,Q5,SELECT,99.5725,True
5,9,JoinHeavy,12,Q5,SELECT,99.8544,True
5,9,JoinHeavy,13,Q10,SELECT,126.6707,True
5,9,JoinHeavy,14,Q5,SELECT,101.3349,True
5,9,JoinHeavy,15,Q5,SELECT,101.6572,True
5,9,JoinHeavy,16,Q7,SELECT,140.045,True
5,9,JoinHeavy,17,Q3,SELECT,241.653,True
5,9,JoinHeavy,18,Q5,SELECT,100.303,True
5,9,JoinHeavy,19,Q10,SELECT,126.9539,True
5,9,JoinHeavy,20,Q10,SELECT,126.8155,True
5,9,JoinHeavy,21,Q18,SELECT,2253.3633,True
5,9,JoinHeavy,22,I_customer,INSERT,0.5422,True
5,9,JoinHeavy,23,I_customer,INSERT,0.1877,True
5,9,JoinHeavy,24,I_customer,INSERT,0.1783,True
5,9,JoinHeavy,25,I_customer,INSERT,0.1622,True
5,9,JoinHeavy,26,I_customer,INSERT,0.1619,True
5,9,JoinHeavy,27,I_customer,INSERT,0.1618,True
5,9,JoinHeavy,28,I_customer,INSERT,0.1654,True
5,9,JoinHeavy,29,I_customer,INSERT,0.1702,True
5,9,JoinHeavy,30,I_customer,INSERT,0.1593,True
5,9,JoinHeavy,31,I_customer,INSERT,0.1558,True
5,9,JoinHeavy,32,I_customer,INSERT,0.1565,True
5,9,JoinHeavy,33,I_customer,INSERT,0.1608,True
5,9,JoinHeavy,34,I_customer,INSERT,0.1581,True
5,9,JoinHeavy,35,I_customer,INSERT,0.156,True
5,9,JoinHeavy,36,I_customer,INSERT,0.1561,True
5,9,JoinHeavy,37,I_customer,INSERT,0.1577,True
5,9,JoinHeavy,38,I_customer,INSERT,0.1545,True
5,9,JoinHeavy,39,I_customer,INSERT,0.3098,True
5,10,JoinHeavy,0,Q3,SELECT,243.2935,True
5,10,JoinHeavy,1,Q3,SELECT,242.9048,True
5,10,JoinHeavy,2,Q7,SELECT,139.1381,True
5,10,JoinHeavy,3,Q3,SELECT,242.2454,True
5,10,JoinHeavy,4,Q3,SELECT,243.3613,True
5,10,JoinHeavy,5,Q5,SELECT,101.6489,True
5,10,JoinHeavy,6,Q10,SELECT,127.9748,True
5,10,JoinHeavy,7,Q7,SELECT,138.3963,True
5,10,JoinHeavy,8,Q3,SELECT,241.2079,True
5,10,JoinHeavy,9,Q3,SELECT,241.6515,True
5,10,JoinHeavy,10,Q3,SELECT,242.7322,True
5,10,JoinHeavy,11,Q7,SELECT,138.556,True
5,10,JoinHeavy,12,Q5,SELECT,99.2035,True
5,10,JoinHeavy,13,Q5,SELECT,99.33,True
5,10,JoinHeavy,14,Q5,SELECT,98.6676,True
5,10,JoinHeavy,15,Q7,SELECT,139.1611,True
5,10,JoinHeavy,16,Q3,SELECT,242.6859,True
5,10,JoinHeavy,17,Q3,SELECT,242.8872,True
5,10,JoinHeavy,18,Q3,SELECT,243.0828,True
5,10,JoinHeavy,19,Q7,SELECT,138.257,True
5,10,JoinHeavy,20,Q3,SELECT,239.3559,True
5,10,JoinHeavy,21,Q5,SELECT,97.5399,True
5,10,JoinHeavy,22,I_customer,INSERT,0.5456,True
5,10,JoinHeavy,23,I_customer,INSERT,0.1373,True
5,10,JoinHeavy,24,I_customer,INSERT,0.1227,True
5,10,JoinHeavy,25,I_customer,INSERT,0.1173,True
5,10,JoinHeavy,26,I_customer,INSERT,0.1122,True
5,10,JoinHeavy,27,I_customer,INSERT,0.1083,True
5,10,JoinHeavy,28,I_customer,INSERT,0.1126,True
5,10,JoinHeavy,29,I_customer,INSERT,0.3459,True
5,10,JoinHeavy,30,I_customer,INSERT,0.114,True
5,10,JoinHeavy,31,I_customer,INSERT,0.113,True
5,10,JoinHeavy,32,I_customer,INSERT,0.114,True
5,10,JoinHeavy,33,I_customer,INSERT,0.1105,True
5,10,JoinHeavy,34,I_customer,INSERT,0.1107,True
5,10,JoinHeavy,35,I_customer,INSERT,0.1114,True
5,10,JoinHeavy,36,I_customer,INSERT,0.111,True
5,10,JoinHeavy,37,I_customer,INSERT,0.114,True
5,10,JoinHeavy,38,I_customer,INSERT,0.1138,True
5,10,JoinHeavy,39,I_customer,INSERT,0.1074,True
5,11,JoinHeavy,0,Q18,SELECT,2176.0313,True
5,11,JoinHeavy,1,Q10,SELECT,127.908,True
5,11,JoinHeavy,2,Q5,SELECT,99.4877,True
5,11,JoinHeavy,3,Q5,SELECT,99.9793,True
5,11,JoinHeavy,4,Q10,SELECT,126.2434,True
5,11,JoinHeavy,5,Q7,SELECT,137.0447,True
5,11,JoinHeavy,6,Q3,SELECT,238.0658,True
5,11,JoinHeavy,7,Q10,SELECT,125.0648,True
5,11,JoinHeavy,8,Q3,SELECT,240.487,True
5,11,JoinHeavy,9,Q3,SELECT,242.4603,True
5,11,JoinHeavy,10,Q5,SELECT,99.4049,True
5,11,JoinHeavy,11,Q3,SELECT,239.3903,True
5,11,JoinHeavy,12,Q7,SELECT,136.8611,True
5,11,JoinHeavy,13,Q10,SELECT,126.3773,True
5,11,JoinHeavy,14,Q5,SELECT,97.641,True
5,11,JoinHeavy,15,Q18,SELECT,2159.4044,True
5,11,JoinHeavy,16,Q3,SELECT,241.1582,True
5,11,JoinHeavy,17,Q5,SELECT,98.9367,True
5,11,JoinHeavy,18,Q10,SELECT,125.8731,True
5,11,JoinHeavy,19,Q3,SELECT,242.8895,True
5,11,JoinHeavy,20,Q5,SELECT,99.4206,True
5,11,JoinHeavy,21,Q3,SELECT,242.2123,True
5,11,JoinHeavy,22,I_customer,INSERT,1.2754,True
5,11,JoinHeavy,23,I_customer,INSERT,0.268,True
5,11,JoinHeavy,24,I_customer,INSERT,0.2327,True
5,11,JoinHeavy,25,I_customer,INSERT,0.2203,True
5,11,JoinHeavy,26,I_customer,INSERT,0.2205,True
5,11,JoinHeavy,27,I_customer,INSERT,0.217,True
5,11,JoinHeavy,28,I_customer,INSERT,0.2246,True
5,11,JoinHeavy,29,I_customer,INSERT,0.2147,True
5,11,JoinHeavy,30,I_customer,INSERT,0.243,True
5,11,JoinHeavy,31,I_customer,INSERT,0.2691,True
5,11,JoinHeavy,32,I_customer,INSERT,0.2215,True
5,11,JoinHeavy,33,I_customer,INSERT,0.2193,True
5,11,JoinHeavy,34,I_customer,INSERT,0.2107,True
5,11,JoinHeavy,35,I_customer,INSERT,0.2195,True
5,11,JoinHeavy,36,I_customer,INSERT,0.2123,True
5,11,JoinHeavy,37,I_customer,INSERT,0.2119,True
5,11,JoinHeavy,38,I_customer,INSERT,0.1835,True
5,11,JoinHeavy,39,I_customer,INSERT,0.1578,True
5,12,JoinHeavy,0,Q7,SELECT,141.7419,True
5,12,JoinHeavy,1,Q5,SELECT,100.4549,True
5,12,JoinHeavy,2,Q7,SELECT,139.614,True
5,12,JoinHeavy,3,Q3,SELECT,242.9643,True
5,12,JoinHeavy,4,Q18,SELECT,2180.4873,True
5,12,JoinHeavy,5,Q5,SELECT,110.377,True
5,12,JoinHeavy,6,Q3,SELECT,243.9861,True
5,12,JoinHeavy,7,Q7,SELECT,140.7029,True
5,12,JoinHeavy,8,Q5,SELECT,99.6988,True
5,12,JoinHeavy,9,Q3,SELECT,242.9373,True
5,12,JoinHeavy,10,Q7,SELECT,144.6697,True
5,12,JoinHeavy,11,Q18,SELECT,2206.0734,True
5,12,JoinHeavy,12,Q7,SELECT,142.8647,True
5,12,JoinHeavy,13,Q10,SELECT,129.7007,True
5,12,JoinHeavy,14,Q7,SELECT,140.9865,True
5,12,JoinHeavy,15,Q5,SELECT,100.481,True
5,12,JoinHeavy,16,Q5,SELECT,101.2892,True
5,12,JoinHeavy,17,Q18,SELECT,2240.589,True
5,12,JoinHeavy,18,Q3,SELECT,245.5106,True
5,12,JoinHeavy,19,Q10,SELECT,128.159,True
5,12,JoinHeavy,20,Q3,SELECT,242.1005,True
5,12,JoinHeavy,21,Q10,SELECT,127.3655,True
5,12,JoinHeavy,22,I_customer,INSERT,1.4739,True
5,12,JoinHeavy,23,I_customer,INSERT,0.2588,True
5,12,JoinHeavy,24,I_customer,INSERT,0.2333,True
5,12,JoinHeavy,25,I_customer,INSERT,0.2481,True
5,12,JoinHeavy,26,I_customer,INSERT,0.2645,True
5,12,JoinHeavy,27,I_customer,INSERT,0.2286,True
5,12,JoinHeavy,28,I_customer,INSERT,0.222,True
5,12,JoinHeavy,29,I_customer,INSERT,0.2153,True
5,12,JoinHeavy,30,I_customer,INSERT,0.2229,True
5,12,JoinHeavy,31,I_customer,INSERT,0.2232,True
5,12,JoinHeavy,32,I_customer,INSERT,0.213,True
5,12,JoinHeavy,33,I_customer,INSERT,0.2153,True
5,12,JoinHeavy,34,I_customer,INSERT,0.2194,True
5,12,JoinHeavy,35,I_customer,INSERT,0.2351,True
5,12,JoinHeavy,36,I_customer,INSERT,0.2135,True
5,12,JoinHeavy,37,I_customer,INSERT,0.1844,True
5,12,JoinHeavy,38,I_customer,INSERT,0.1642,True
5,12,JoinHeavy,39,I_customer,INSERT,0.1407,True
5,13,JoinHeavy,0,Q7,SELECT,140.5304,True
5,13,JoinHeavy,1,Q3,SELECT,241.7546,True
5,13,JoinHeavy,2,Q7,SELECT,138.754,True
5,13,JoinHeavy,3,Q5,SELECT,99.1197,True
5,13,JoinHeavy,4,Q7,SELECT,138.7733,True
5,13,JoinHeavy,5,Q5,SELECT,99.7937,True
5,13,JoinHeavy,6,Q10,SELECT,125.7931,True
5,13,JoinHeavy,7,Q7,SELECT,139.3223,True
5,13,JoinHeavy,8,Q3,SELECT,243.947,True
5,13,JoinHeavy,9,Q5,SELECT,100.922,True
5,13,JoinHeavy,10,Q3,SELECT,246.2097,True
5,13,JoinHeavy,11,Q3,SELECT,243.1755,True
5,13,JoinHeavy,12,Q10,SELECT,126.3094,True
5,13,JoinHeavy,13,Q7,SELECT,139.566,True
5,13,JoinHeavy,14,Q7,SELECT,138.8519,True
5,13,JoinHeavy,15,Q3,SELECT,242.4178,True
5,13,JoinHeavy,16,Q5,SELECT,99.6779,True
5,13,JoinHeavy,17,Q3,SELECT,242.358,True
5,13,JoinHeavy,18,Q3,SELECT,241.8345,True
5,13,JoinHeavy,19,Q3,SELECT,241.303,True
5,13,JoinHeavy,20,Q10,SELECT,127.5855,True
5,13,JoinHeavy,21,Q5,SELECT,104.2054,True
5,13,JoinHeavy,22,I_customer,INSERT,0.5914,True
5,13,JoinHeavy,23,I_customer,INSERT,0.1568,True
5,13,JoinHeavy,24,I_customer,INSERT,0.4,True
5,13,JoinHeavy,25,I_customer,INSERT,0.1534,True
5,13,JoinHeavy,26,I_customer,INSERT,0.1429,True
5,13,JoinHeavy,27,I_customer,INSERT,0.1789,True
5,13,JoinHeavy,28,I_customer,INSERT,0.1365,True
5,13,JoinHeavy,29,I_customer,INSERT,0.1444,True
5,13,JoinHeavy,30,I_customer,INSERT,0.1341,True
5,13,JoinHeavy,31,I_customer,INSERT,0.1584,True
5,13,JoinHeavy,32,I_customer,INSERT,0.1576,True
5,13,JoinHeavy,33,I_customer,INSERT,0.1562,True
5,13,JoinHeavy,34,I_customer,INSERT,0.1566,True
5,13,JoinHeavy,35,I_customer,INSERT,0.1555,True
5,13,JoinHeavy,36,I_customer,INSERT,0.1539,True
5,13,JoinHeavy,37,I_customer,INSERT,0.1418,True
5,13,JoinHeavy,38,I_customer,INSERT,0.146,True
5,13,JoinHeavy,39,I_customer,INSERT,0.1413,True
5,14,JoinHeavy,0,Q5,SELECT,101.028,True
5,14,JoinHeavy,1,Q3,SELECT,241.4568,True
5,14,JoinHeavy,2,Q3,SELECT,241.9024,True
5,14,JoinHeavy,3,Q3,SELECT,242.4455,True
5,14,JoinHeavy,4,Q18,SELECT,2155.1409,True
5,14,JoinHeavy,5,Q7,SELECT,138.4783,True
5,14,JoinHeavy,6,Q10,SELECT,126.5837,True
5,14,JoinHeavy,7,Q10,SELECT,128.8267,True
5,14,JoinHeavy,8,Q18,SELECT,2173.3042,True
5,14,JoinHeavy,9,Q18,SELECT,2228.4987,True
5,14,JoinHeavy,10,Q5,SELECT,97.6527,True
5,14,JoinHeavy,11,Q10,SELECT,124.1019,True
5,14,JoinHeavy,12,Q5,SELECT,96.9543,True
5,14,JoinHeavy,13,Q18,SELECT,2267.2763,True
5,14,JoinHeavy,14,Q7,SELECT,138.9043,True
5,14,JoinHeavy,15,Q3,SELECT,243.1473,True
5,14,JoinHeavy,16,Q10,SELECT,125.2569,True
5,14,JoinHeavy,17,Q10,SELECT,126.3026,True
5,14,JoinHeavy,18,Q3,SELECT,242.4939,True
5,14,JoinHeavy,19,Q3,SELECT,243.0174,True
5,14,JoinHeavy,20,Q3,SELECT,243.3036,True
5,14,JoinHeavy,21,Q7,SELECT,138.7513,True
5,14,JoinHeavy,22,I_customer,INSERT,0.9025,True
5,14,JoinHeavy,23,I_customer,INSERT,0.2972,True
5,14,JoinHeavy,24,I_customer,INSERT,0.2822,True
5,14,JoinHeavy,25,I_customer,INSERT,0.245,True
5,14,JoinHeavy,26,I_customer,INSERT,0.2247,True
5,14,JoinHeavy,27,I_customer,INSERT,0.2253,True
5,14,JoinHeavy,28,I_customer,INSERT,0.2167,True
5,14,JoinHeavy,29,I_customer,INSERT,0.2194,True
5,14,JoinHeavy,30,I_customer,INSERT,0.2137,True
5,14,JoinHeavy,31,I_customer,INSERT,0.2132,True
5,14,JoinHeavy,32,I_customer,INSERT,0.2145,True
5,14,JoinHeavy,33,I_customer,INSERT,0.2126,True
5,14,JoinHeavy,34,I_customer,INSERT,0.205,True
5,14,JoinHeavy,35,I_customer,INSERT,0.2137,True
5,14,JoinHeavy,36,I_customer,INSERT,0.211,True
5,14,JoinHeavy,37,I_customer,INSERT,0.2173,True
5,14,JoinHeavy,38,I_customer,INSERT,0.2234,True
5,14,JoinHeavy,39,I_customer,INSERT,0.2153,True
5,15,JoinHeavy,0,Q7,SELECT,140.8602,True
5,15,JoinHeavy,1,Q7,SELECT,140.6549,True
5,15,JoinHeavy,2,Q3,SELECT,247.4771,True
5,15,JoinHeavy,3,Q3,SELECT,243.9452,True
5,15,JoinHeavy,4,Q5,SELECT,98.9394,True
5,15,JoinHeavy,5,Q3,SELECT,240.2675,True
5,15,JoinHeavy,6,Q7,SELECT,138.7429,True
5,15,JoinHeavy,7,Q7,SELECT,138.8012,True
5,15,JoinHeavy,8,Q5,SELECT,100.5005,True
5,15,JoinHeavy,9,Q3,SELECT,241.6095,True
5,15,JoinHeavy,10,Q3,SELECT,242.3565,True
5,15,JoinHeavy,11,Q10,SELECT,125.1332,True
5,15,JoinHeavy,12,Q5,SELECT,99.0609,True
5,15,JoinHeavy,13,Q3,SELECT,242.8339,True
5,15,JoinHeavy,14,Q5,SELECT,102.1548,True
5,15,JoinHeavy,15,Q7,SELECT,139.2303,True
5,15,JoinHeavy,16,Q3,SELECT,242.7055,True
5,15,JoinHeavy,17,Q5,SELECT,99.9727,True
5,15,JoinHeavy,18,Q5,SELECT,100.1056,True
5,15,JoinHeavy,19,Q18,SELECT,2170.1279,True
5,15,JoinHeavy,20,Q5,SELECT,98.071,True
5,15,JoinHeavy,21,Q10,SELECT,125.9981,True
5,15,JoinHeavy,22,I_customer,INSERT,0.7555,True
5,15,JoinHeavy,23,I_customer,INSERT,0.2309,True
5,15,JoinHeavy,24,I_customer,INSERT,0.2182,True
5,15,JoinHeavy,25,I_customer,INSERT,0.239,True
5,15,JoinHeavy,26,I_customer,INSERT,0.264,True
5,15,JoinHeavy,27,I_customer,INSERT,0.23,True
5,15,JoinHeavy,28,I_customer,INSERT,0.2159,True
5,15,JoinHeavy,29,I_customer,INSERT,0.2619,True
5,15,JoinHeavy,30,I_customer,INSERT,0.3325,True
5,15,JoinHeavy,31,I_customer,INSERT,0.2258,True
5,15,JoinHeavy,32,I_customer,INSERT,0.2119,True
5,15,JoinHeavy,33,I_customer,INSERT,0.211,True
5,15,JoinHeavy,34,I_customer,INSERT,0.2073,True
5,15,JoinHeavy,35,I_customer,INSERT,0.2043,True
5,15,JoinHeavy,36,I_customer,INSERT,0.2032,True
5,15,JoinHeavy,37,I_customer,INSERT,0.2172,True
5,15,JoinHeavy,38,I_customer,INSERT,0.2113,True
5,15,JoinHeavy,39,I_customer,INSERT,0.176,True
5,16,Procurement,0,D_orders,DELETE,0.1755,True
5,16,Procurement,1,D_orders,DELETE,0.0925,True
5,16,Procurement,2,D_orders,DELETE,0.0827,True
5,16,Procurement,3,D_orders,DELETE,0.091,True
5,16,Procurement,4,Q17,SELECT,1025.2991,True
5,16,Procurement,5,Q6,SELECT,167.8224,True
5,16,Procurement,6,Q17,SELECT,1049.1825,True
5,16,Procurement,7,Q6,SELECT,163.6637,True
5,16,Procurement,8,Q11,SELECT,55.5071,True
5,16,Procurement,9,Q6,SELECT,171.4245,True
5,16,Procurement,10,Q17,SELECT,1026.9745,True
5,16,Procurement,11,Q11,SELECT,52.8508,True
5,16,Procurement,12,Q17,SELECT,1016.0347,True
5,16,Procurement,13,Q11,SELECT,51.5866,True
5,16,Procurement,14,Q17,SELECT,1021.2399,True
5,16,Procurement,15,Q17,SELECT,1021.4249,True
5,16,Procurement,16,Q11,SELECT,51.19,True
5,16,Procurement,17,Q1,SELECT,529.555,True
5,16,Procurement,18,Q6,SELECT,164.1625,True
5,16,Procurement,19,Q11,SELECT,51.1023,True
5,16,Procurement,20,Q14,SELECT,78.7378,True
5,16,Procurement,21,Q17,SELECT,1035.1826,True
5,16,Procurement,22,Q6,SELECT,165.7058,True
5,16,Procurement,23,Q6,SELECT,164.3306,True
5,16,Procurement,24,Q1,SELECT,529.6872,True
5,17,Procurement,0,D_orders,DELETE,1.4525,True
5,17,Procurement,1,D_orders,DELETE,0.1725,True
5,17,Procurement,2,D_orders,DELETE,0.1424,True
5,17,Procurement,3,D_orders,DELETE,0.1338,True
5,17,Procurement,4,Q17,SELECT,1026.2918,True
5,17,Procurement,5,Q11,SELECT,51.2293,True
5,17,Procurement,6,Q14,SELECT,78.6165,True
5,17,Procurement,7,Q11,SELECT,50.4254,True
5,17,Procurement,8,Q11,SELECT,50.4458,True
5,17,Procurement,9,Q6,SELECT,165.7846,True
5,17,Procurement,10,Q6,SELECT,168.6545,True
5,17,Procurement,11,Q11,SELECT,51.0579,True
5,17,Procurement,12,Q6,SELECT,166.6689,True
5,17,Procurement,13,Q14,SELECT,82.6315,True
5,17,Procurement,14,Q17,SELECT,1021.7807,True
5,17,Procurement,15,Q17,SELECT,1017.8623,True
5,17,Procurement,16,Q11,SELECT,52.3298,True
5,17,Procurement,17,Q17,SELECT,1019.6448,True
5,17,Procurement,18,Q11,SELECT,50.8036,True
5,17,Procurement,19,Q17,SELECT,1013.8712,True
5,17,Procurement,20,Q17,SELECT,1026.96,True
5,17,Procurement,21,Q14,SELECT,82.4016,True
5,17,Procurement,22,Q6,SELECT,167.4831,True
5,17,Procurement,23,Q14,SELECT,81.8166,True
5,17,Procurement,24,Q17,SELECT,1029.4527,True
5,18,Procurement,0,D_orders,DELETE,0.8851,True
5,18,Procurement,1,D_orders,DELETE,0.1584,True
5,18,Procurement,2,D_orders,DELETE,0.1406,True
5,18,Procurement,3,D_orders,DELETE,0.4602,True
5,18,Procurement,4,Q14,SELECT,79.3308,True
5,18,Procurement,5,Q1,SELECT,527.522,True
5,18,Procurement,6,Q6,SELECT,163.8755,True
5,18,Procurement,7,Q11,SELECT,50.9812,True
5,18,Procurement,8,Q11,SELECT,50.9785,True
5,18,Procurement,9,Q1,SELECT,523.5829,True
5,18,Procurement,10,Q17,SELECT,1041.5134,True
5,18,Procurement,11,Q6,SELECT,173.0468,True
5,18,Procurement,12,Q6,SELECT,168.7606,True
5,18,Procurement,13,Q14,SELECT,83.1712,True
5,18,Procurement,14,Q6,SELECT,166.5417,True
5,18,Procurement,15,Q1,SELECT,533.507,True
5,18,Procurement,16,Q11,SELECT,51.9108,True
5,18,Procurement,17,Q11,SELECT,51.7585,True
5,18,Procurement,18,Q11,SELECT,50.8235,True
5,18,Procurement,19,Q11,SELECT,52.0887,True
5,18,Procurement,20,Q6,SELECT,165.4404,True
5,18,Procurement,21,Q1,SELECT,529.6683,True
5,18,Procurement,22,Q17,SELECT,1002.2792,True
5,18,Procurement,23,Q17,SELECT,1046.2093,True
5,18,Procurement,24,Q11,SELECT,52.774,True
5,19,Procurement,0,D_orders,DELETE,0.6153,True
5,19,Procurement,1,D_orders,DELETE,0.1211,True
5,19,Procurement,2,D_orders,DELETE,0.1155,True
5,19,Procurement,3,D_orders,DELETE,0.4583,True
5,19,Procurement,4,Q1,SELECT,530.8729,True
5,19,Procurement,5,Q11,SELECT,52.4513,True
5,19,Procurement,6,Q11,SELECT,52.0443,True
5,19,Procurement,7,Q17,SELECT,1032.2316,True
5,19,Procurement,8,Q11,SELECT,52.101,True
5,19,Procurement,9,Q11,SELECT,51.6294,True
5,19,Procurement,10,Q6,SELECT,167.4788,True
5,19,Procurement,11,Q6,SELECT,163.586,True
5,19,Procurement,12,Q1,SELECT,539.9462,True
5,19,Procurement,13,Q11,SELECT,50.3169,True
5,19,Procurement,14,Q6,SELECT,160.848,True
5,19,Procurement,15,Q11,SELECT,49.914,True
5,19,Procurement,16,Q14,SELECT,76.5109,True
5,19,Procurement,17,Q11,SELECT,49.9591,True
5,19,Procurement,18,Q17,SELECT,1011.8667,True
5,19,Procurement,19,Q11,SELECT,49.7044,True
5,19,Procurement,20,Q17,SELECT,1006.551,True
5,19,Procurement,21,Q17,SELECT,997.8497,True
5,19,Procurement,22,Q11,SELECT,50.166,True
5,19,Procurement,23,Q11,SELECT,50.2464,True
5,19,Procurement,24,Q17,SELECT,1006.2743,True
5,20,Procurement,0,D_orders,DELETE,0.3665,True
5,20,Procurement,1,D_orders,DELETE,0.1063,True
5,20,Procurement,2,D_orders,DELETE,0.1092,True
5,20,Procurement,3,D_orders,DELETE,0.0872,True
5,20,Procurement,4,Q11,SELECT,50.7055,True
5,20,Procurement,5,Q11,SELECT,50.6836,True
5,20,Procurement,6,Q11,SELECT,50.3312,True
5,20,Procurement,7,Q11,SELECT,50.143,True
5,20,Procurement,8,Q6,SELECT,164.6828,True
5,20,Procurement,9,Q6,SELECT,164.3096,True
5,20,Procurement,10,Q6,SELECT,165.4705,True
5,20,Procurement,11,Q17,SELECT,1029.5243,True
5,20,Procurement,12,Q1,SELECT,520.7552,True
5,20,Procurement,13,Q6,SELECT,169.5184,True
5,20,Procurement,14,Q11,SELECT,52.541,True
5,20,Procurement,15,Q11,SELECT,51.805,True
5,20,Procurement,16,Q11,SELECT,51.7512,True
5,20,Procurement,17,Q17,SELECT,1031.5663,True
5,20,Procurement,18,Q17,SELECT,1011.4326,True
5,20,Procurement,19,Q17,SELECT,1022.44,True
5,20,Procurement,20,Q11,SELECT,50.1951,True
5,20,Procurement,21,Q1,SELECT,539.5251,True
5,20,Procurement,22,Q11,SELECT,50.5044,True
5,20,Procurement,23,Q6,SELECT,161.3408,True
5,20,Procurement,24,Q11,SELECT,51.3682,True
5,21,Procurement,0,D_orders,DELETE,0.5753,True
5,21,Procurement,1,D_orders,DELETE,1.2397,True
5,21,Procurement,2,D_orders,DELETE,0.1064,True
5,21,Procurement,3,D_orders,DELETE,0.082,True
5,21,Procurement,4,Q6,SELECT,163.0327,True
5,21,Procurement,5,Q6,SELECT,162.6731,True
5,21,Procurement,6,Q17,SELECT,1024.6965,True
5,21,Procurement,7,Q11,SELECT,50.1815,True
5,21,Procurement,8,Q6,SELECT,164.4173,True
5,21,Procurement,9,Q14,SELECT,77.3226,True
5,21,Procurement,10,Q14,SELECT,76.5902,True
5,21,Procurement,11,Q6,SELECT,165.1583,True
5,21,Procurement,12,Q1,SELECT,516.21,True
5,21,Procurement,13,Q11,SELECT,50.4861,True
5,21,Procurement,14,Q14,SELECT,76.5333,True
5,21,Procurement,15,Q1,SELECT,562.2218,True
5,21,Procurement,16,Q6,SELECT,161.8475,True
5,21,Procurement,17,Q11,SELECT,50.29,True
5,21,Procurement,18,Q17,SELECT,992.224,True
5,21,Procurement,19,Q11,SELECT,51.5708,True
5,21,Procurement,20,Q17,SELECT,1040.8012,True
5,21,Procurement,21,Q11,SELECT,51.203,True
5,21,Procurement,22,Q17,SELECT,1031.4284,True
5,21,Procurement,23,Q17,SELECT,1026.5435,True
5,21,Procurement,24,Q14,SELECT,79.4303,True
5,22,Procurement,0,D_orders,DELETE,0.5292,True
5,22,Procurement,1,D_orders,DELETE,0.1695,True
5,22,Procurement,2,D_orders,DELETE,0.4224,True
5,22,Procurement,3,D_orders,DELETE,0.1323,True
5,22,Procurement,4,Q6,SELECT,167.0642,True
5,22,Procurement,5,Q17,SELECT,1031.0585,True
5,22,Procurement,6,Q14,SELECT,78.5997,True
5,22,Procurement,7,Q11,SELECT,49.8402,True
5,22,Procurement,8,Q14,SELECT,77.1603,True
5,22,Procurement,9,Q6,SELECT,164.2694,True
5,22,Procurement,10,Q17,SELECT,1031.6261,True
5,22,Procurement,11,Q17,SELECT,1041.9734,True
5,22,Procurement,12,Q6,SELECT,165.4665,True
5,22,Procurement,13,Q17,SELECT,1043.7692,True
5,22,Procurement,14,Q14,SELECT,85.7757,True
5,22,Procurement,15,Q17,SELECT,1057.4369,True
5,22,Procurement,16,Q6,SELECT,169.8426,True
5,22,Procurement,17,Q17,SELECT,1047.7064,True
5,22,Procurement,18,Q1,SELECT,525.7054,True
5,22,Procurement,19,Q1,SELECT,546.9886,True
5,22,Procurement,20,Q6,SELECT,161.8875,True
5,22,Procurement,21,Q17,SELECT,1046.8175,True
5,22,Procurement,22,Q11,SELECT,53.323,True
5,22,Procurement,23,Q11,SELECT,52.1421,True
5,22,Procurement,24,Q11,SELECT,52.3942,True
5,23,Procurement,0,D_orders,DELETE,0.3546,True
5,23,Procurement,1,D_orders,DELETE,0.4672,True
5,23,Procurement,2,D_orders,DELETE,0.1773,True
5,23,Procurement,3,D_orders,DELETE,0.3386,True
5,23,Procurement,4,Q11,SELECT,52.9311,True
5,23,Procurement,5,Q1,SELECT,529.8859,True
5,23,Procurement,6,Q17,SELECT,1054.7022,True
5,23,Procurement,7,Q6,SELECT,165.4309,True
5,23,Procurement,8,Q14,SELECT,78.1261,True
5,23,Procurement,9,Q6,SELECT,162.8502,True
5,23,Procurement,10,Q14,SELECT,78.6123,True
5,23,Procurement,11,Q6,SELECT,164.5898,True
5,23,Procurement,12,Q1,SELECT,514.121,True
5,23,Procurement,13,Q17,SELECT,1030.9426,True
5,23,Procurement,14,Q1,SELECT,520.5876,True
5,23,Procurement,15,Q17,SELECT,1028.9315,True
5,23,Procurement,16,Q11,SELECT,50.9788,True
5,23,Procurement,17,Q17,SELECT,1027.4545,True
5,23,Procurement,18,Q14,SELECT,79.6066,True
5,23,Procurement,19,Q6,SELECT,162.233,True
5,23,Procurement,20,Q11,SELECT,50.797,True
5,23,Procurement,21,Q6,SELECT,163.542,True
5,23,Procurement,22,Q17,SELECT,1022.3587,True
5,23,Procurement,23,Q6,SELECT,164.2853,True
5,23,Procurement,24,Q11,SELECT,51.1359,True
5,24,Customer,0,Q18,SELECT,2182.919,True
5,24,Customer,1,U_customer,UPDATE,0.8533,True
5,24,Customer,2,Q3,SELECT,242.3754,True
5,24,Customer,3,U_customer,UPDATE,0.7622,True
5,24,Customer,4,Q10,SELECT,126.2554,True
5,24,Customer,5,U_customer,UPDATE,0.4591,True
5,24,Customer,6,Q3,SELECT,244.2897,True
5,24,Customer,7,U_customer,UPDATE,0.7499,True
5,24,Customer,8,Q3,SELECT,240.9105,True
5,24,Customer,9,U_customer,UPDATE,1.6618,True
5,24,Customer,10,Q3,SELECT,241.3947,True
5,24,Customer,11,U_customer,UPDATE,0.7809,True
5,24,Customer,12,Q7,SELECT,139.1861,True
5,24,Customer,13,U_customer,UPDATE,0.7663,True
5,24,Customer,14,Q18,SELECT,2143.705,True
5,24,Customer,15,U_customer,UPDATE,0.5836,True
5,24,Customer,16,Q10,SELECT,126.3957,True
5,24,Customer,17,U_customer,UPDATE,0.7735,True
5,24,Customer,18,Q10,SELECT,128.6512,True
5,24,Customer,19,U_customer,UPDATE,0.6125,True
5,25,Customer,0,Q7,SELECT,140.9714,True
5,25,Customer,1,U_customer,UPDATE,0.4862,True
5,25,Customer,2,Q10,SELECT,125.5925,True
5,25,Customer,3,U_customer,UPDATE,0.8936,True
5,25,Customer,4,Q3,SELECT,241.9122,True
5,25,Customer,5,U_customer,UPDATE,0.7795,True
5,25,Customer,6,Q3,SELECT,240.4971,True
5,25,Customer,7,U_customer,UPDATE,0.7559,True
5,25,Customer,8,Q3,SELECT,241.2442,True
5,25,Customer,9,U_customer,UPDATE,0.7303,True
5,25,Customer,10,Q3,SELECT,242.3033,True
5,25,Customer,11,U_customer,UPDATE,0.7773,True
5,25,Customer,12,Q7,SELECT,139.1104,True
5,25,Customer,13,U_customer,UPDATE,1.2589,True
5,25,Customer,14,Q3,SELECT,242.518,True
5,25,Customer,15,U_customer,UPDATE,0.6389,True
5,25,Customer,16,Q5,SELECT,98.4371,True
5,25,Customer,17,U_customer,UPDATE,1.3617,True
5,25,Customer,18,Q10,SELECT,126.4861,True
5,25,Customer,19,U_customer,UPDATE,1.3491,True
5,26,Customer,0,Q3,SELECT,244.8622,True
5,26,Customer,1,U_customer,UPDATE,1.2161,True
5,26,Customer,2,Q3,SELECT,241.3362,True
5,26,Customer,3,U_customer,UPDATE,0.4775,True
5,26,Customer,4,Q3,SELECT,240.6734,True
5,26,Customer,5,U_customer,UPDATE,0.7083,True
5,26,Customer,6,Q10,SELECT,125.352,True
5,26,Customer,7,U_customer,UPDATE,0.7707,True
5,26,Customer,8,Q18,SELECT,2184.1575,True
5,26,Customer,9,U_customer,UPDATE,0.4282,True
5,26,Customer,10,Q18,SELECT,2216.8423,True
5,26,Customer,11,U_customer,UPDATE,0.4542,True
5,26,Customer,12,Q7,SELECT,141.1601,True
5,26,Customer,13,U_customer,UPDATE,0.4285,True
5,26,Customer,14,Q18,SELECT,2252.3257,True
5,26,Customer,15,U_customer,UPDATE,0.8045,True
5,26,Customer,16,Q18,SELECT,2303.8878,True
5,26,Customer,17,U_customer,UPDATE,0.7879,True
5,26,Customer,18,Q18,SELECT,2241.5529,True
5,26,Customer,19,U_customer,UPDATE,0.303,True
5,27,Customer,0,Q10,SELECT,128.0422,True
5,27,Customer,1,U_customer,UPDATE,0.8737,True
5,27,Customer,2,Q5,SELECT,97.9695,True
5,27,Customer,3,U_customer,UPDATE,0.7896,True
5,27,Customer,4,Q10,SELECT,123.6402,True
5,27,Customer,5,U_customer,UPDATE,0.6057,True
5,27,Customer,6,Q7,SELECT,138.5973,True
5,27,Customer,7,U_customer,UPDATE,0.7455,True
5,27,Customer,8,Q18,SELECT,2263.8806,True
5,27,Customer,9,U_customer,UPDATE,0.3704,True
5,27,Customer,10,Q10,SELECT,128.3415,True
5,27,Customer,11,U_customer,UPDATE,0.4625,True
5,27,Customer,12,Q3,SELECT,246.7281,True
5,27,Customer,13,U_customer,UPDATE,0.77,True
5,27,Customer,14,Q3,SELECT,244.0482,True
5,27,Customer,15,U_customer,UPDATE,0.4415,True
5,27,Customer,16,Q3,SELECT,243.1704,True
5,27,Customer,17,U_customer,UPDATE,0.7507,True
5,27,Customer,18,Q3,SELECT,243.4716,True
5,27,Customer,19,U_customer,UPDATE,1.2581,True
5,28,Customer,0,Q3,SELECT,246.1462,True
5,28,Customer,1,U_customer,UPDATE,1.3074,True
5,28,Customer,2,Q3,SELECT,241.6482,True
5,28,Customer,3,U_customer,UPDATE,1.3235,True
5,28,Customer,4,Q10,SELECT,129.2154,True
5,28,Customer,5,U_customer,UPDATE,1.2222,True
5,28,Customer,6,Q3,SELECT,242.103,True
5,28,Customer,7,U_customer,UPDATE,1.37,True
5,28,Customer,8,Q3,SELECT,240.8903,True
5,28,Customer,9,U_customer,UPDATE,1.3626,True
5,28,Customer,10,Q18,SELECT,2235.4266,True
5,28,Customer,11,U_customer,UPDATE,0.6962,True
5,28,Customer,12,Q18,SELECT,2278.758,True
5,28,Customer,13,U_customer,UPDATE,0.8146,True
5,28,Customer,14,Q18,SELECT,2269.1149,True
5,28,Customer,15,U_customer,UPDATE,0.8067,True
5,28,Customer,16,Q5,SELECT,97.8897,True
5,28,Customer,17,U_customer,UPDATE,0.7859,True
5,28,Customer,18,Q7,SELECT,136.2432,True
5,28,Customer,19,U_customer,UPDATE,0.6824,True
5,29,Customer,0,Q3,SELECT,241.4162,True
5,29,Customer,1,U_customer,UPDATE,0.6723,True
5,29,Customer,2,Q3,SELECT,238.5632,True
5,29,Customer,3,U_customer,UPDATE,0.7144,True
5,29,Customer,4,Q18,SELECT,2295.7711,True
5,29,Customer,5,U_customer,UPDATE,0.498,True
5,29,Customer,6,Q18,SELECT,2254.9461,True
5,29,Customer,7,U_customer,UPDATE,0.5429,True
5,29,Customer,8,Q10,SELECT,127.8301,True
5,29,Customer,9,U_customer,UPDATE,0.3738,True
5,29,Customer,10,Q3,SELECT,245.5598,True
5,29,Customer,11,U_customer,UPDATE,0.7683,True
5,29,Customer,12,Q18,SELECT,2246.9893,True
5,29,Customer,13,U_customer,UPDATE,0.2775,True
5,29,Customer,14,Q10,SELECT,127.6357,True
5,29,Customer,15,U_customer,UPDATE,0.4707,True
5,29,Customer,16,Q18,SELECT,2272.287,True
5,29,Customer,17,U_customer,UPDATE,0.6164,True
5,29,Customer,18,Q3,SELECT,242.1352,True
5,29,Customer,19,U_customer,UPDATE,0.7491,True
5,30,Customer,0,Q18,SELECT,2270.3945,True
5,30,Customer,1,U_customer,UPDATE,0.3609,True
5,30,Customer,2,Q3,SELECT,242.0727,True
5,30,Customer,3,U_customer,UPDATE,0.7881,True
5,30,Customer,4,Q10,SELECT,127.7398,True
5,30,Customer,5,U_customer,UPDATE,0.7495,True
5,30,Customer,6,Q10,SELECT,127.6371,True
5,30,Customer,7,U_customer,UPDATE,0.287,True
5,30,Customer,8,Q3,SELECT,241.0269,True
5,30,Customer,9,U_customer,UPDATE,1.2938,True
5,30,Customer,10,Q5,SELECT,97.6159,True
5,30,Customer,11,U_customer,UPDATE,0.7518,True
5,30,Customer,12,Q10,SELECT,124.6304,True
5,30,Customer,13,U_customer,UPDATE,0.8158,True
5,30,Customer,14,Q5,SELECT,96.7403,True
5,30,Customer,15,U_customer,UPDATE,0.709,True
5,30,Customer,16,Q7,SELECT,136.0794,True
5,30,Customer,17,U_customer,UPDATE,0.622,True
5,30,Customer,18,Q10,SELECT,124.8656,True
5,30,Customer,19,U_customer,UPDATE,0.5525,True
5,31,Customer,0,Q10,SELECT,177.4453,True
5,31,Customer,1,U_customer,UPDATE,0.6753,True
5,31,Customer,2,Q5,SELECT,103.307,True
5,31,Customer,3,U_customer,UPDATE,0.6654,True
5,31,Customer,4,Q18,SELECT,2238.6453,True
5,31,Customer,5,U_customer,UPDATE,0.6168,True
5,31,Customer,6,Q10,SELECT,128.5139,True
5,31,Customer,7,U_customer,UPDATE,0.8433,True
5,31,Customer,8,Q3,SELECT,242.4916,True
5,31,Customer,9,U_customer,UPDATE,2.8685,True
5,31,Customer,10,Q18,SELECT,2250.9588,True
5,31,Customer,11,U_customer,UPDATE,0.6625,True
5,31,Customer,12,Q18,SELECT,2223.0064,True
5,31,Customer,13,U_customer,UPDATE,0.5868,True
5,31,Customer,14,Q18,SELECT,2218.7913,True
5,31,Customer,15,U_customer,UPDATE,0.461,True
5,31,Customer,16,Q7,SELECT,139.7525,True
5,31,Customer,17,U_customer,UPDATE,0.6235,True
5,31,Customer,18,Q10,SELECT,127.0908,True
5,31,Customer,19,U_customer,UPDATE,1.3311,True
